{"MDD":0.11897147781752974,"_timestamp":1.7518471155740418e+09,"_runtime":6664.579723168,"_step":0,"CAGR":-0.07995561134717433,"SHARPE RATIO":-0.13654679222617624,"_wandb":{"runtime":6664}}