,name,sector,year,quarter,영업이익변화율,매출액변화율,비유동자산변화율,이익잉여금변화율,비유동부채변화율,1인평균급여변화율,Relative Return,전체 주주 수변화율,보유 주식 수변화율,주주 수변화율,Label,Code
31,Hyundai_E&C,Construction_&_Real_Estate,2016,Q4,-0.5521103791601398,-0.19120576671531286,0.024582035243341127,-0.011174555149588095,0.14080468836625648,0.0604689395466228,0.11702963652030539,-0.02636964303154632,-0.06687108082938731,0.38095781331019707,0.08024371373992047,000720
31,Hyundai_Development_Company,Construction_&_Real_Estate,2016,Q4,0.11376401513649037,-0.23579348224079566,-0.02701776346884044,-0.026110053207245576,-0.07209867588312946,0.03633695217068478,0.2459650264214686,-0.015043329488049872,-0.012798796595880457,-0.016752288103526025,-0.13915630170728932,012630
32,Samsung_C&T,Construction_&_Real_Estate,2016,Q4,0.24123324123953327,-0.19889725335747754,-0.03874965936227426,-0.02959075743589379,-0.0549584253427402,-0.08450773540426515,0.1751862401991221,-0.04942958840841816,-0.047019209464659095,-0.04942952911920728,-0.17354386974283725,028260
31,Daewoo_E&C,Construction_&_Real_Estate,2016,Q4,8.47635924428269,0.051804576519915546,-0.04649327031831718,1.7829876398205289,0.3462569086046928,0.11351166905714105,0.07252370330022873,0.1342569079596494,0.3552563279353236,0.7036624586426725,-0.20817670802666563,047040
31,KEPCO_E&C,Construction_&_Real_Estate,2016,Q4,-15.323901817072649,-0.5451574618551169,0.009842301607977944,0.050625688192573515,0.2049722191704536,0.9999976594436427,0.03249191431603127,0.047593093798426356,-0.12197539095649157,0.11142338950090702,-0.1864094666473553,052690
