,name,sector,year,quarter,영업이익변화율,매출액변화율,비유동자산변화율,Code
29,Hyundai_E&C,Construction_&_Real_Estate,2017,Q2,-0.07576430856736582,-0.02483817375675601,0.010912913880520403,000720
29,Hyundai_Development_Company,Construction_&_Real_Estate,2017,Q2,0.006472172177458546,-0.25732773025263445,-0.028497051679339247,012630
30,Samsung_C&T,Construction_&_Real_Estate,2017,Q2,-2.6614844820665975,-0.16203747689609238,-0.10359231936667301,028260
29,Daewoo_E&C,Construction_&_Real_Estate,2017,Q2,-0.11926966279908191,-0.18032059611451712,-0.017909831764996165,047040
29,KEPCO_E&C,Construction_&_Real_Estate,2017,Q2,5.346505713826979,-0.16236956298973726,0.017003077976747383,052690
