,name,sector,year,quarter,영업이익변화율,매출액변화율,비유동자산변화율,Code
12,Hyundai_E&C,Construction_&_Real_Estate,2021,Q3,-4.391591182784439,-0.012737583524205398,0.000436338650939061,000720
12,Hyundai_Development_Company,Construction_&_Real_Estate,2021,Q3,-0.958627494164509,0.13012336345166864,-0.016576407025364226,012630
13,Samsung_C&T,Construction_&_Real_Estate,2021,Q3,2.2364938679279147,0.015951185271085966,0.05279804525457088,028260
12,Daewoo_E&C,Construction_&_Real_Estate,2021,Q3,0.3334425770379916,0.021616531956468732,-0.014783588738899178,047040
12,KEPCO_E&C,Construction_&_Real_Estate,2021,Q3,-9.760663906447716,-0.17726285674076903,-0.024330035428524077,052690
