,name,sector,year,quarter,영업이익변화율,매출액변화율,비유동자산변화율,Code
3,Hyundai_E&C,Construction_&_Real_Estate,2023,Q4,0.6731770833333333,-0.1241465804914963,0.0212958759732762,000720
3,Hyundai_Development_Company,Construction_&_Real_Estate,2023,Q4,0.05104546683461264,-0.046535480747771585,0.07652076627913529,012630
4,Samsung_C&T,Construction_&_Real_Estate,2023,Q4,0.24081142527345123,0.06888873090676784,-0.10578924799688183,028260
3,Daewoo_E&C,Construction_&_Real_Estate,2023,Q4,0.9944356490035645,0.09558000685442669,-0.024429793500195585,047040
3,KEPCO_E&C,Construction_&_Real_Estate,2023,Q4,0.6591908411627551,-0.6521462036455439,0.01551914216222483,052690
