,name,sector,year,quarter,매출액변화율,유동부채변화율,자본총계변화율,영업이익변화율,비유동자산변화율,Relative Return,특정 증권 등 소유 증감 비율변화율,기타변화율,특정 증권 등 소유 비율변화율,주식 수 감소변화율,Label,Code
34,CJ_Logistics,운송·창고,2016,Q1,0.7341767301014472,-0.14085008567213664,-0.00597502232349556,0.7204385967203719,-0.06028900593284092,0.0,0.3844015084591368,0.8980556392085938,0.12472357940732204,0.5078551763248679,-0.022122283467874784,000120
34,Korean_Air,운송·창고,2016,Q1,0.7514098259914824,0.06508789040237695,0.05053371003631013,0.6417923487430502,0.002639121736849215,0.0,0.2957150310370894,0.1303400213857836,0.2957150310370894,0.0,0.08777613647421328,003490
34,Hyundai_Merchant_Marine,운송·창고,2016,Q1,0.7892950964613153,-0.10133620031561885,0.6727955852999883,0.38430563099764625,0.10220984906155228,0.0,-0.43769250403947724,0.09994745577822983,-1.8562615486066347,-5.823221618109334,-0.487063476564776,011200
34,Hyundai_Glovis,운송·창고,2016,Q1,0.7448537083430704,-0.1399264166049865,-0.01867406608801936,0.714860918383475,-0.051682393186389675,0.0,0.42114573609865213,0.0,0.46593641068735014,0.0,-0.040497224825534875,086280
