,name,sector,year,quarter,매출액변화율,유동부채변화율,자본총계변화율,영업이익변화율,비유동자산변화율,Relative Return,특정 증권 등 소유 증감 비율변화율,기타변화율,특정 증권 등 소유 비율변화율,주식 수 감소변화율,Label,Code
33,CJ_Logistics,운송·창고,2016,Q2,-0.04894826656765083,0.07611133978845541,-0.003068175794052719,-0.23539684774416902,-0.02123052910440415,-0.022122283467874784,-0.05856978383137368,0.04607204479318705,-0.056385760549688246,-0.023913630924443874,0.14800941234963713,000120
33,Korean_Air,운송·창고,2016,Q2,0.015753990114095062,-0.052509985497505296,0.11393014736256701,0.5177529119302988,-0.035012638592880174,0.08777613647421328,-0.013851653726772994,-0.04327817095463948,-0.013851653726772994,0.0,-0.15692592965675206,003490
33,Hyundai_Merchant_Marine,운송·창고,2016,Q2,0.1704277427168993,0.24739512637855277,-1.7859911009042628,-0.5276549193055098,0.17330705381040068,-0.487063476564776,0.12662810969086347,0.16781641916139678,0.3373739042072357,0.28300687533815416,-0.15158476682702005,011200
33,Hyundai_Glovis,운송·창고,2016,Q2,-0.004404434555041803,0.09032364033938045,-0.023805870619642455,-0.0058605285400017415,-0.01306518272113899,-0.040497224825534875,0.020659990975876008,0.0,-0.14800074886990777,0.0,-0.07698372285752206,086280
