,name,sector,year,quarter,매출액변화율,자본총계변화율,비유동자산변화율,Relative Return,특정 증권 등 소유 증감 비율변화율,특정 증권 등 소유 비율변화율,기말 소유주식 수변화율,증자주식수변화율,특정 증권 등 소유 수변화율,기말 소유주식 지분율변화율,Label,Code
32,CJ_Logistics,운송·창고,2016,Q3,0.01580212644002854,0.0013417905563494203,-0.037386249917358505,0.14800941234963713,-0.11027209961149564,-0.020420285207847666,-0.1154288206638252,0.0,-0.020467205368318364,-0.11543264122332642,-0.04882562696519983,000120
32,Korean_Air,운송·창고,2016,Q3,-0.10477149004513442,-0.16213158227599345,0.032340149382650396,-0.15692592965675206,-0.0026516844464226086,-0.0026516844464226086,-0.008962957700541674,-0.044848930012043375,-0.0009969201237385317,0.03397803271830502,0.29837688437397974,003490
32,Hyundai_Merchant_Marine,운송·창고,2016,Q3,-0.05019216011646943,-5.089453153749908,-0.019439115145635677,-0.15158476682702005,2.5377520931749604,1.9550522769776606,-0.785757988216405,-0.11166361631595878,1.946669910279867,-0.4322289236836174,-0.5068321714907218,011200
32,Hyundai_Glovis,운송·창고,2016,Q3,-0.010881421197558971,-0.06320506072450405,0.003231239305592548,-0.07698372285752206,-0.006379215248356163,-0.1677774569142194,0.024215323279192846,0.0,-0.1677600925347167,0.024213478617328255,0.001177549209221078,086280
