,name,sector,year,quarter,매출액변화율,자본총계변화율,비유동자산변화율,Relative Return,특정 증권 등 소유 증감 비율변화율,특정 증권 등 소유 비율변화율,기말 소유주식 수변화율,증자주식수변화율,특정 증권 등 소유 수변화율,기말 소유주식 지분율변화율,Label,Code
33,CJ_Logistics,운송·창고,2016,Q2,-0.04894826656765083,-0.003068175794052719,-0.02123052910440415,-0.022122283467874784,-0.058569783831373456,-0.0563857605496878,-0.06297044751644743,0.0,-0.056373344274804005,-0.06297145672610749,0.14800941234963713,000120
33,Korean_Air,운송·창고,2016,Q2,0.015753990114095062,0.11393014736256701,-0.035012638592880174,0.08777613647421328,-0.013851653726772994,-0.013851653726772994,-0.013296565962937823,0.014293984480504895,-0.016512362650358714,-0.048240498061284054,-0.15692592965675206,003490
33,Hyundai_Merchant_Marine,운송·창고,2016,Q2,0.1704277427168993,-1.7859911009042628,0.17330705381040068,-0.487063476564776,0.12662810969086324,0.3373739042072359,0.1173288228700401,0.41579936571465326,0.33967592159753335,0.15890455901234912,-0.15158476682702005,011200
33,Hyundai_Glovis,운송·창고,2016,Q2,-0.004404434555041803,-0.023805870619642455,-0.01306518272113899,-0.040497224825534875,0.020659990975876008,-0.14800074886990777,0.0006985908630026127,0.0,-0.14801829663051214,0.000696742694843655,-0.07698372285752206,086280
