,name,sector,year,quarter,매출액변화율,자본총계변화율,비유동자산변화율,Relative Return,특정 증권 등 소유 증감 비율변화율,특정 증권 등 소유 비율변화율,기말 소유주식 수변화율,증자주식수변화율,특정 증권 등 소유 수변화율,기말 소유주식 지분율변화율,Label,Code
28,CJ_Logistics,운송·창고,2017,Q3,-0.036180046731628,-0.0006974755114412812,-0.048494335145597756,-0.016821777163958593,-0.010494233101020045,-0.09950659104371895,-0.012530561428069964,0.0,-0.09944055555263431,-0.012529181329702599,-0.1112375537190082,000120
28,Korean_Air,운송·창고,2017,Q3,-0.09635759194774707,-0.02433045721532001,0.002914580070418671,0.11342536197612103,0.008984713295418278,0.008984713295418278,0.013308589688256434,0.022378292272766886,0.009285482277284096,-0.00010561169837663975,-0.2171983283582089,003490
28,Hyundai_Merchant_Marine,운송·창고,2017,Q3,-0.023398589073842402,0.06798821830199742,-0.0059895774876495,-0.04670601439182739,-0.1049794026532942,-0.20876683146710895,0.02688771381013033,0.03994156928105563,-0.2132561542369973,0.0021977335206296855,-0.07971888407449633,011200
28,Hyundai_Glovis,운송·창고,2017,Q3,-0.0027675183676021398,-0.021401944733779876,-0.011472862226873826,-0.03941411184312883,-0.006182366054878763,-0.024642151122066247,-0.005940208330960761,0.0,-0.024641702966084145,-0.005940323452577001,-0.063339150583109,086280
