,name,sector,year,quarter,매출액변화율,자본총계변화율,비유동자산변화율,Relative Return,특정 증권 등 소유 증감 비율변화율,특정 증권 등 소유 비율변화율,기말 소유주식 수변화율,증자주식수변화율,특정 증권 등 소유 수변화율,기말 소유주식 지분율변화율,Label,Code
26,CJ_Logistics,운송·창고,2018,Q1,-0.03277689166232878,-0.07003624318965351,-0.15850755180789866,-0.15446884943846872,-0.10825183637631985,-0.22675436901051338,0.325063495159296,0.0,-0.22668654082491813,0.3250652756068658,0.012786390667204349,000120
26,Korean_Air,운송·창고,2018,Q1,-0.0008328045673013929,0.020763002000587782,-0.007860660574116052,0.08125208716292796,-0.0029677979775848407,-0.0029677979775848407,-0.2346679996787715,-2.3037650688405655,-0.00729726285022414,0.24983582838847873,0.025364393567616557,003490
26,Hyundai_Merchant_Marine,운송·창고,2018,Q1,0.08920260284548365,0.16638842033625434,0.01824599579034558,-0.3326344910227343,-0.15196722457443745,-0.9357679071372278,0.5581440067031609,0.6394054198238447,-0.99229840819651,0.5795540536022423,-0.10969691260389203,011200
26,Hyundai_Glovis,운송·창고,2018,Q1,0.04470823025220627,0.011681853002716291,0.008703773391475988,-0.08241022438585396,-0.0028029543588512507,0.08621192500798314,0.23219902359877365,0.0,0.08622316088838133,0.23217052056490883,0.2677288739888581,086280
