,name,sector,year,quarter,매출액변화율,유동부채변화율,자본총계변화율,영업이익변화율,비유동자산변화율,Relative Return,특정 증권 등 소유 증감 비율변화율,기타변화율,특정 증권 등 소유 비율변화율,주식 수 감소변화율,Label,Code
23,CJ_Logistics,운송·창고,2018,Q4,-0.06522854673160206,0.09171730214635587,-0.04576171443330579,-0.8281898675671915,-0.010882751276726443,-0.05853917999785394,-0.03957664329758148,-1.284784728077852,0.02878695137743492,-0.5542849450305436,0.19491628708150138,000120
23,Korean_Air,운송·창고,2018,Q4,0.05973392799131927,-0.12111395216751975,0.19359411626687817,1.002571853636984,-0.010343593010539776,-0.008201790789396366,0.022346908954629208,-0.09788814877689211,0.022346908954629208,0.0,0.3116130964039144,003490
23,Hyundai_Merchant_Marine,운송·창고,2018,Q4,-0.009293441011245962,-0.05237107684730313,-1.6922668674988057,0.4166831311494843,-0.0057894874515465045,-0.020646964428991665,-0.05203649650910669,-0.07284926342700992,0.4180436677469743,-1.1278879731394706,-0.12531721584689703,011200
23,Hyundai_Glovis,운송·창고,2018,Q4,-0.0209623171833464,-0.03713355150070319,-0.02705349048090211,-0.10288765951173717,0.01382395283927762,0.11604863379237265,-0.032179443521437534,0.0,-0.009828995349022485,0.0,0.1273625058643042,086280
