,name,sector,year,quarter,매출액변화율,유동부채변화율,자본총계변화율,영업이익변화율,비유동자산변화율,Relative Return,특정 증권 등 소유 증감 비율변화율,기타변화율,특정 증권 등 소유 비율변화율,주식 수 감소변화율,Label,Code
21,CJ_Logistics,운송·창고,2019,Q2,-0.03357720524302632,-0.22412892224326852,-0.001864550295372025,-1.7060469546520687,-0.00860717587598181,-0.05286965214188821,0.013625919249733665,0.24136453374897637,-0.04174253662656624,-0.01680052207478977,-0.1913422176873937,000120
21,Korean_Air,운송·창고,2019,Q2,0.00974462978538082,0.011270601364052668,0.06866544481192005,1.6845587518995844,-9.880591987787568e-05,-0.08322994188499355,0.025120980960414263,0.0002580641341354273,0.025120980960414263,0.0,-0.09196953448237516,003490
21,Hyundai_Merchant_Marine,운송·창고,2019,Q2,-0.055673549270965905,-0.06124908500459014,0.0020559071563593934,-0.13396105478870823,-0.08343471028312255,-0.07789498712668722,0.15699752430581437,-0.05764383486959068,-0.07295782067450496,-0.0562317567691375,0.015563642722933185,011200
21,Hyundai_Glovis,운송·창고,2019,Q2,-0.0488121105653585,0.019184247031583723,-0.02358735796345668,-0.0016547686519299276,-0.01035894182630015,-0.04984204555847705,-0.019933500698316564,0.0,-0.06279406355964978,0.0,0.2513467952111165,086280
