,name,sector,year,quarter,매출액변화율,자본총계변화율,비유동자산변화율,Relative Return,특정 증권 등 소유 증감 비율변화율,특정 증권 등 소유 비율변화율,기말 소유주식 수변화율,증자주식수변화율,특정 증권 등 소유 수변화율,기말 소유주식 지분율변화율,Label,Code
22,CJ_Logistics,운송·창고,2019,Q1,0.07106429404663805,-0.12534814941053085,-0.15171321641475122,0.19491628708150138,-0.16648168382042328,-0.10278458528064283,0.11418110110526658,0.0,-0.1028358226517807,0.1141804294319192,-0.05286965214188821,000120
22,Korean_Air,운송·창고,2019,Q1,0.048731725471528264,-0.027038664776233956,-0.06987330983599005,0.3116130964039144,-0.04761336541132377,-0.04761336541132377,-0.19062073554489145,-0.8339296560577498,-0.0525637951108473,0.22019603732980064,-0.08322994188499355,003490
22,Hyundai_Merchant_Marine,운송·창고,2019,Q1,0.0897770715387658,0.16672283264260135,-0.8983384135748713,-0.12531721584689703,0.32037399948248857,-0.8841042101056822,0.23596889077374394,0.542110554344876,-0.9392741359413226,0.3281348490423627,-0.07789498712668722,011200
22,Hyundai_Glovis,운송·창고,2019,Q1,0.05525810918984608,0.0007136902344508922,-0.08450707870375962,0.1273625058643042,-0.004724120262376896,0.08024574492094316,0.05333638517656536,0.0,0.08023588010617733,0.05336100141997979,-0.04984204555847705,086280
