,name,sector,year,quarter,매출액변화율,유동부채변화율,자본총계변화율,영업이익변화율,비유동자산변화율,Relative Return,특정 증권 등 소유 증감 비율변화율,기타변화율,특정 증권 등 소유 비율변화율,주식 수 감소변화율,Label,Code
22,CJ_Logistics,운송·창고,2019,Q1,0.07106429404663805,0.15612149045057022,-0.12534814941053085,0.5748703741723742,-0.15171321641475122,0.19491628708150138,-0.1664816838204235,1.5290473178712731,-0.1027845852806426,0.2884910100264718,-0.05286965214188821,000120
22,Korean_Air,운송·창고,2019,Q1,0.048731725471528264,-0.054828295500299884,-0.027038664776233956,147.69482266081778,-0.06987330983599005,0.3116130964039144,-0.04761336541132377,0.014327909063104105,-0.04761336541132377,0.0,-0.08322994188499355,003490
22,Hyundai_Merchant_Marine,운송·창고,2019,Q1,0.0897770715387658,-0.5946592348619204,0.16672283264260135,-0.5007587047825497,-0.8983384135748713,-0.12531721584689703,0.3203739994824901,-0.5813576673771026,-0.8841042101056742,0.311274231131761,-0.07789498712668722,011200
22,Hyundai_Glovis,운송·창고,2019,Q1,0.05525810918984608,-0.17922609911218212,0.0007136902344508922,0.06420994281963832,-0.08450707870375962,0.1273625058643042,-0.004724120262376896,0.0,0.08024574492094316,0.0,-0.04984204555847705,086280
