,name,sector,year,quarter,매출액변화율,유동부채변화율,자본총계변화율,영업이익변화율,비유동자산변화율,Relative Return,특정 증권 등 소유 증감 비율변화율,기타변화율,특정 증권 등 소유 비율변화율,주식 수 감소변화율,Label,Code
17,CJ_Logistics,운송·창고,2020,Q2,-0.044795102449529445,-0.027988933951888395,-0.008142364868214846,-0.3793947328886955,-0.004432597772771718,0.07242938237193654,-0.00685050424710032,0.4997961631345369,-0.009495108778814654,-0.016987418039907665,-0.033428838749814255,000120
17,Korean_Air,운송·창고,2020,Q2,0.28115303481567055,-0.0009172044893943632,-0.11809407973831032,3.62063399429948,0.025455190342344003,-0.1487856324050815,0.010477199394242853,0.019501801397706187,0.010477199394242853,0.0,-0.06812910444484338,003490
17,Hyundai_Merchant_Marine,운송·창고,2020,Q2,-0.052562058289605806,-0.24589001380525488,-0.6613696879326871,20.592962576412702,-0.19968961837949828,0.06702127929131405,0.5197984888117491,-0.18658204399040557,0.32242347339298494,-0.11675334285104255,0.3058121017365137,011200
17,Hyundai_Glovis,운송·창고,2020,Q2,0.2956011062057693,0.4136911242324579,-0.027486732888637455,0.2700669553058581,0.006742195069638912,-0.16920283215503165,0.16759342812761457,0.0,-0.6136718386916293,0.0,-0.05275964083375423,086280
