,name,sector,year,quarter,매출액변화율,유동부채변화율,자본총계변화율,영업이익변화율,비유동자산변화율,Relative Return,특정 증권 등 소유 증감 비율변화율,기타변화율,특정 증권 등 소유 비율변화율,주식 수 감소변화율,Label,Code
16,CJ_Logistics,운송·창고,2020,Q3,-0.015411429113952657,-0.08749245367750902,-0.006096308022309316,0.10446274476560358,-0.012402360723750894,-0.033428838749814255,0.0007388257396886422,0.10698112739094645,-0.023765048686039902,-0.012285998930032127,0.030376393366391183,000120
16,Korean_Air,운송·창고,2020,Q3,0.08284892343061911,0.03511119704631849,-0.3052124953664406,0.948871181541263,0.02018509542097202,-0.06812910444484338,-0.014620368511415016,0.015706029927301413,-0.014620368511415016,0.0,-0.028045700055831374,003490
16,Hyundai_Merchant_Marine,운송·창고,2020,Q3,-0.2575140383671666,-0.24209059107947106,0.027060703582955536,-1.0797199604291912,-0.08468473157248257,0.3058121017365137,-2.5845105079201827,-0.12250056835288614,-0.5253883698184325,-0.06968702223142675,0.42485340868950916,011200
16,Hyundai_Glovis,운송·창고,2020,Q3,-0.010437523742913513,-0.3312919177212166,-0.03083865284893128,0.026324204553703767,-0.0005153298032249953,-0.05275964083375423,-0.08571321982447344,0.0,0.1515782490745926,0.0,0.3187464371897273,086280
