,name,sector,year,quarter,매출액변화율,유동부채변화율,자본총계변화율,영업이익변화율,비유동자산변화율,Relative Return,특정 증권 등 소유 증감 비율변화율,기타변화율,특정 증권 등 소유 비율변화율,주식 수 감소변화율,Label,Code
14,CJ_Logistics,운송·창고,2021,Q1,0.05922559924847581,0.08765711302727885,-0.021998544000502385,0.5167362990037098,-0.020382950821737467,-0.3247992394866537,-0.029340818506474298,1.8278167967843229,-0.01717284981669276,0.1980747105056596,0.026966068246699698,000120
14,Korean_Air,운송·창고,2021,Q1,0.03376820689091209,0.11007478027138273,-0.9726074086839371,0.10408805790921571,-0.002015686314524423,0.17825184453055104,-0.1546565923523595,0.09261153055354931,-0.1546565923523595,0.0,0.2123840263793591,003490
14,Hyundai_Merchant_Marine,운송·창고,2021,Q1,-0.23344515486089046,-0.32866251658925894,-0.2850045410781934,-0.8103673541077097,-0.08118667634863908,0.6052897053976052,-0.48552366142333914,0.38417946782185175,-0.08679858580090172,0.05582455052331181,0.8807374796460786,011200
14,Hyundai_Glovis,운송·창고,2021,Q1,-0.05601652112983779,-0.1342110001422956,-0.0021038098263621574,-0.2892267948712641,-0.02877248696864121,0.02058725731388633,-0.043556588636394666,0.0,0.130179555370602,0.0,-0.0465350089716525,086280
