,name,sector,year,quarter,매출액변화율,유동부채변화율,자본총계변화율,영업이익변화율,비유동자산변화율,Relative Return,특정 증권 등 소유 증감 비율변화율,기타변화율,특정 증권 등 소유 비율변화율,주식 수 감소변화율,Label,Code
12,CJ_Logistics,운송·창고,2021,Q3,-0.05141722741837773,-0.047073946508116915,-0.010103910820872253,-0.25490321498809165,0.03818183816579801,-0.08253632441499362,0.028135683284935098,-1.3319285119037994,0.013886818459057593,-0.010492213391008809,-0.04969540479947375,000120
12,Korean_Air,운송·창고,2021,Q3,-0.14158085625182038,-0.06922523909294331,0.007760783174828201,-1.2274086087857614,0.01445696632066984,0.1056888971804939,-0.022899184959340735,0.009757189515156028,-0.022899184959340735,0.0,0.14564624321246528,003490
12,Hyundai_Merchant_Marine,운송·창고,2021,Q3,-0.3850897233219446,-0.2234177919628435,-0.5060302464849251,-0.6430260647335981,-0.1255362787472425,0.49337530977370025,31.798399871956104,-0.15869122557352555,-0.9611405249602789,0.0877091836341094,-0.1481930935513998,011200
12,Hyundai_Glovis,운송·창고,2021,Q3,0.00445877943139994,-0.025690362049437754,-0.02626685006179197,-0.14390376816771866,-0.001497797928111666,0.05930137543529849,-0.02907887810085996,0.0,0.024295639728196927,0.0,-0.1136216000698717,086280
