,name,sector,year,quarter,매출액변화율,자본총계변화율,비유동자산변화율,Relative Return,특정 증권 등 소유 증감 비율변화율,특정 증권 등 소유 비율변화율,기말 소유주식 수변화율,증자주식수변화율,특정 증권 등 소유 수변화율,기말 소유주식 지분율변화율,Label,Code
14,CJ_Logistics,운송·창고,2021,Q1,0.05922559924847581,-0.021998544000502385,-0.020382950821737467,-0.3247992394866537,-0.029340818506474076,-0.01717284981669276,0.5205404648767662,0.0,-0.017187650780283947,0.5205406676952751,0.026966068246699698,000120
14,Korean_Air,운송·창고,2021,Q1,0.03376820689091209,-0.9726074086839371,-0.002015686314524423,0.17825184453055104,-0.1546565923523595,-0.1546565923523595,-0.08216848020718004,-0.39409366117014044,-0.1690121901541266,0.10536414672251282,0.2123840263793591,003490
14,Hyundai_Merchant_Marine,운송·창고,2021,Q1,-0.23344515486089046,-0.2850045410781934,-0.08118667634863908,0.6052897053976052,-0.48552366142333914,-0.08679858580090172,-0.10579287438083096,-7.659652086613699,-0.07733354972986661,-0.02617602176392575,0.8807374796460786,011200
14,Hyundai_Glovis,운송·창고,2021,Q1,-0.05601652112983779,-0.0021038098263621574,-0.02877248696864121,0.02058725731388633,-0.043556588636394666,0.130179555370602,0.04036514642935041,0.0,0.13019134973136726,0.04033267218905445,-0.0465350089716525,086280
