,name,sector,year,quarter,매출액변화율,자본총계변화율,비유동자산변화율,Relative Return,특정 증권 등 소유 증감 비율변화율,특정 증권 등 소유 비율변화율,기말 소유주식 수변화율,증자주식수변화율,특정 증권 등 소유 수변화율,기말 소유주식 지분율변화율,Label,Code
8,CJ_Logistics,운송·창고,2022,Q3,0.005216584991264983,0.001995230735212905,-0.00723049276425769,0.04659939349396938,0.01287840794734263,-0.019532168572129027,0.013186113564725432,0.0,-0.01951551489295733,0.0131868619015858,-0.13872643149657915,000120
8,Korean_Air,운송·창고,2022,Q3,-0.10082089502115932,-0.05372907609539923,-0.002838863023367555,-0.016439399609478905,-0.02505958207216663,-0.02505958207216663,-0.023634562256898972,-0.029385879001680104,-0.02364493631514919,-0.0051068557956273075,-0.04300665247621076,003490
8,Hyundai_Merchant_Marine,운송·창고,2022,Q3,-0.018312089283430755,-0.27237371311405933,0.30084775405920505,-0.00011480033107350018,0.6181113819152606,-0.1384595185392039,-0.02811260143066585,-0.5451712819150101,-0.14857823571415696,-0.08285372255195966,-0.17137600414615184,011200
8,Hyundai_Glovis,운송·창고,2022,Q3,0.0006720373036068761,-0.038422106996926386,-0.011807206184249353,0.09823304367710034,-0.04739661695613506,0.10366639352845364,-0.02515220412840513,0.0,0.10372827945871899,-0.025149310133876446,-0.003542108642767633,086280
