,name,sector,year,quarter,매출액변화율,자본총계변화율,비유동자산변화율,Relative Return,특정 증권 등 소유 증감 비율변화율,특정 증권 등 소유 비율변화율,기말 소유주식 수변화율,증자주식수변화율,특정 증권 등 소유 수변화율,기말 소유주식 지분율변화율,Label,Code
9,CJ_Logistics,운송·창고,2022,Q2,-0.09859737334604102,0.011571595836462945,0.010194508024086169,0.11131152698100741,-0.0013659071886551466,-0.01928728804013291,-0.0044151163960359785,0.0,-0.019264321902335402,-0.004414537135175811,0.04659939349396938,000120
9,Korean_Air,운송·창고,2022,Q2,-0.18793260089765695,-0.057391931069744384,-0.03369747966968473,0.10316783058017008,-0.08760115548148795,-0.08760115548148795,-0.06475879761339542,-0.07308714390469673,-0.0788442965000904,-0.03988985661062894,-0.016439399609478905,003490
9,Hyundai_Merchant_Marine,운송·창고,2022,Q2,-0.02034386319543713,-0.2908778962966123,-0.11699318295947814,0.15310384206688857,-0.5369597842277032,-0.4261532620910229,-0.2366856878430561,-0.0863214952481337,-0.4247808160098141,-0.16730901214683147,-0.00011480033107350018,011200
9,Hyundai_Glovis,운송·창고,2022,Q2,-0.08569675312723057,-0.06591457241719234,-0.005940707201569806,0.221875807358164,-0.06381598184415016,-0.13115199056541615,-0.01768574795502298,0.0,-0.13114369739448395,-0.01768697508181516,0.09823304367710034,086280
