,name,sector,year,quarter,매출액변화율,자본총계변화율,비유동자산변화율,Relative Return,특정 증권 등 소유 증감 비율변화율,특정 증권 등 소유 비율변화율,기말 소유주식 수변화율,증자주식수변화율,특정 증권 등 소유 수변화율,기말 소유주식 지분율변화율,Label,Code
7,CJ_Logistics,운송·창고,2022,Q4,-0.004804461334060983,-0.009223161166028282,-0.017696359169037112,-0.13872643149657915,0.01684515378302609,-0.09420005656600505,0.27518329449405865,0.0,-0.0941445897469595,0.2752224673877848,0.01727310409979074,000120
7,Korean_Air,운송·창고,2022,Q4,0.016787776812984045,-0.10096084903534774,3.9052529397953784e-05,-0.04300665247621076,-0.025420735104804804,-0.025420735104804804,-0.40552844391744247,-0.31939323031528066,-0.02305743936696736,0.014582039074358732,0.014517442716255258,003490
7,Hyundai_Merchant_Marine,운송·창고,2022,Q4,0.3110128649851793,0.057396673871036086,-0.0622378462566997,-0.17137600414615184,-1.8081305024148366,-0.12563075016310288,0.19210358401160899,0.3642954765523797,-0.11815017129581173,0.1407740330761812,0.03131414121310738,011200
7,Hyundai_Glovis,운송·창고,2022,Q4,0.05072413856262348,-0.0729975855622722,-0.03979673317428034,-0.003542108642767633,0.022912729317813962,-0.5469121626230917,0.2104005174902488,0.0,-0.5470552290292754,0.2104328940822825,-0.029023152196767956,086280
