,name,sector,year,quarter,매출액변화율,자본총계변화율,비유동자산변화율,Relative Return,특정 증권 등 소유 증감 비율변화율,특정 증권 등 소유 비율변화율,기말 소유주식 수변화율,증자주식수변화율,특정 증권 등 소유 수변화율,기말 소유주식 지분율변화율,Label,Code
5,CJ_Logistics,운송·창고,2023,Q2,-0.061911959852647414,-0.0032949348494932806,-0.005514680835832841,-0.2592854945235631,1.0,1.0,-0.03334900701916288,0.0,0.9984853203872324,-0.03335096586391728,-0.09070208552509432,000120
5,Korean_Air,운송·창고,2023,Q2,-0.10622919965979638,-0.039418659743064355,0.0077360316693352305,-0.08856049228993215,0.0,0.0,-0.021174639082346625,-0.02933426655432303,-2.8555299800138947,0.008731467714205188,0.006133767606655141,003490
5,Hyundai_Merchant_Marine,운송·창고,2023,Q2,-0.022741059490137605,-0.026927039864198088,-0.012631004155657655,-0.047774151913988504,1.0,1.0,-0.02893096152778285,0.02500014860442501,0.9999633312113081,-0.014390996051950822,-0.12168247768195706,011200
5,Hyundai_Glovis,운송·창고,2023,Q2,-0.03446682947957336,-0.04147007435597838,-0.011898648693324354,-0.13884452023467495,0.0,0.0,0.017553778327336622,0.0,-1.0833333333333335,0.017549506847822083,0.1922518709852148,086280
