,name,sector,year,quarter,매출액변화율,유동부채변화율,자본총계변화율,영업이익변화율,비유동자산변화율,Relative Return,특정 증권 등 소유 증감 비율변화율,기타변화율,특정 증권 등 소유 비율변화율,주식 수 감소변화율,Label,Code
5,CJ_Logistics,운송·창고,2023,Q2,-0.061911959852647414,0.1517075812087494,-0.0032949348494932806,-0.23102451755927245,-0.005514680835832841,-0.2592854945235631,1.0,-6.400675681712515,1.0,-0.008018144913026992,-0.09070208552509432,000120
5,Korean_Air,운송·창고,2023,Q2,-0.10622919965979638,0.0067658127024090575,-0.039418659743064355,-0.12768012442475696,0.0077360316693352305,-0.08856049228993215,0.0,0.0008644504404305975,0.0,0.0,0.006133767606655141,003490
5,Hyundai_Merchant_Marine,운송·창고,2023,Q2,-0.022741059490137605,0.2714377737646143,-0.026927039864198088,0.4894026137321259,-0.012631004155657655,-0.047774151913988504,1.0,0.025098515999966375,1.0,0.031523639371037526,-0.12168247768195706,011200
5,Hyundai_Glovis,운송·창고,2023,Q2,-0.03446682947957336,0.14546729816625825,-0.04147007435597838,0.16854742071918627,-0.011898648693324354,-0.13884452023467495,0.0,0.0,0.0,0.0,0.1922518709852148,086280
