,name,sector,year,quarter,매출액변화율,자본총계변화율,비유동자산변화율,Relative Return,특정 증권 등 소유 증감 비율변화율,특정 증권 등 소유 비율변화율,기말 소유주식 수변화율,증자주식수변화율,특정 증권 등 소유 수변화율,기말 소유주식 지분율변화율,Label,Code
4,CJ_Logistics,운송·창고,2023,Q3,0.007313342747866547,-0.017443120431162473,-0.0018936867422048032,-0.09070208552509432,0.0,0.0,0.003653264137312373,0.0,-1.0499999999999998,0.0036537893293026036,0.09880020821330142,000120
4,Korean_Air,운송·창고,2023,Q3,-0.09288287864690692,-0.04429352983633583,-0.01728471997014669,0.006133767606655141,1.0,1.0,-0.020311005945657268,-0.025259410298995588,0.0922129984352017,-0.0018780270951932465,-0.06878406869192599,003490
4,Hyundai_Merchant_Marine,운송·창고,2023,Q3,0.0027071392359979685,-0.02789334119253839,-0.07156116245203958,-0.12168247768195706,0.0,0.0,-0.040281459756263516,0.009921018323947428,-30482.282796913074,-0.013093484768923025,-0.09894869775555479,011200
4,Hyundai_Glovis,운송·창고,2023,Q3,0.04597027157423317,-0.027225278391912022,-0.010192325224883225,0.1922518709852148,0.8363684501804659,0.0,-0.0030760493521531096,0.0,-822.681305658832,-0.0030735537867672136,-0.02460725935723492,086280
