,name,sector,year,quarter,매출액변화율,자본총계변화율,비유동자산변화율,Relative Return,특정 증권 등 소유 증감 비율변화율,특정 증권 등 소유 비율변화율,기말 소유주식 수변화율,증자주식수변화율,특정 증권 등 소유 수변화율,기말 소유주식 지분율변화율,Label,Code
3,CJ_Logistics,운송·창고,2023,Q4,-0.06616800715562254,0.03911776262100786,-0.005313680848907376,0.09880020821330142,0.0,-2019.0000000000002,0.30279068943496223,0.0,-1122.9809756097561,0.30275384589806675,0.47834696106324737,000120
3,Korean_Air,운송·창고,2023,Q4,-0.0301147885255737,0.042260192771823135,-0.023367019170002168,-0.06878406869192599,0.0,0.0,-0.15436127158401525,-0.2276095373171354,-0.11829617324834163,0.07138304362624182,0.0019598867665833325,003490
3,Hyundai_Merchant_Marine,운송·창고,2023,Q4,0.03239144689156348,0.02708896212303402,0.05180675994998618,-0.09894869775555479,-2.7395350045105187,-1.1301536487875512,-0.41788115946484927,-0.3054637760164596,-1.107053533872115,-0.2718889731058274,0.09748364440142977,011200
3,Hyundai_Glovis,운송·창고,2023,Q4,-0.03325965201124648,-0.03584639660019562,-0.016523843787425774,-0.02460725935723492,-0.019457216503167674,-0.11316906053892928,0.05349501509860177,0.0,-0.11318647876679577,0.053446416058157364,-0.05631122689625531,086280
