,name,sector,year,quarter,매출액변화율,유동부채변화율,자본총계변화율,영업이익변화율,비유동자산변화율,Relative Return,특정 증권 등 소유 증감 비율변화율,기타변화율,특정 증권 등 소유 비율변화율,주식 수 감소변화율,Label,Code
6,CJ_Logistics,운송·창고,2023,Q1,0.09172575107490033,0.13335442577557333,-0.020896850647706078,0.13174946531281173,-0.013237711103547545,0.01727310409979074,-0.030949380478675792,0.8965084906487166,-0.002410829332038622,0.1532391213337304,-0.2592854945235631,000120
6,Korean_Air,운송·창고,2023,Q1,0.11392413914758726,-0.06678236657225423,-0.008757204862000156,0.2020551842448426,-0.01233273399369783,0.014517442716255258,1.0,0.06561582013905765,1.0,0.0,-0.08856049228993215,003490
6,Hyundai_Merchant_Marine,운송·창고,2023,Q1,0.41555895621598826,-0.279973699605494,-0.010942574885394185,0.7629886779292936,-0.04489735059529765,0.03131414121310738,-0.11473263107692833,0.06982812279304762,-0.019588839007318226,-0.028218367349478912,-0.047774151913988504,011200
6,Hyundai_Glovis,운송·창고,2023,Q1,0.08586397964995551,-0.14501244799070245,-0.0011586627015176543,0.24504104062711507,0.0037739091333572894,-0.029023152196767956,1.0,0.0,1.0,0.0,-0.13884452023467495,086280
