,name,sector,year,quarter,매출액변화율,자본총계변화율,비유동자산변화율,Relative Return,특정 증권 등 소유 증감 비율변화율,특정 증권 등 소유 비율변화율,기말 소유주식 수변화율,증자주식수변화율,특정 증권 등 소유 수변화율,기말 소유주식 지분율변화율,Label,Code
6,CJ_Logistics,운송·창고,2023,Q1,0.09172575107490033,-0.020896850647706078,-0.013237711103547545,0.01727310409979074,-0.030949380478675792,-0.002410829332038622,-0.39328797421068873,0.0,-0.002436764043381112,-0.3933616402342881,-0.2592854945235631,000120
6,Korean_Air,운송·창고,2023,Q1,0.11392413914758726,-0.008757204862000156,-0.01233273399369783,0.014517442716255258,1.0,1.0,0.2478450088022468,0.17831261286553424,0.7300538177415332,0.01894913500808626,-0.08856049228993215,003490
6,Hyundai_Merchant_Marine,운송·창고,2023,Q1,0.41555895621598826,-0.010942574885394185,-0.04489735059529765,0.03131414121310738,-0.1147326310769281,-0.019588839007318448,-0.31000223748568434,-0.7989685825781594,-0.018528199674000545,-0.07973766310892727,-0.047774151913988504,011200
6,Hyundai_Glovis,운송·창고,2023,Q1,0.08586397964995551,-0.0011586627015176543,0.0037739091333572894,-0.029023152196767956,1.0,1.0,-0.22538455935001767,0.0,0.9993742254177042,-0.22543294295217864,-0.13884452023467495,086280
