,name,sector,year,quarter,매출액변화율,유동부채변화율,자본총계변화율,영업이익변화율,비유동자산변화율,Relative Return,특정 증권 등 소유 증감 비율변화율,기타변화율,특정 증권 등 소유 비율변화율,주식 수 감소변화율,Label,Code
3,CJ_Logistics,운송·창고,2023,Q4,-0.06616800715562254,0.03975330030295321,0.03911776262100786,-0.11588427568347903,-0.005313680848907376,0.09880020821330142,0.0,-0.6601034980539977,-2019.0000000000002,-0.1614725492577911,0.47834696106324737,000120
3,Korean_Air,운송·창고,2023,Q4,-0.0301147885255737,-0.03771912761270313,0.042260192771823135,0.6471138660390401,-0.023367019170002168,-0.06878406869192599,0.0,-0.06313130980241599,0.0,0.0,0.0019598867665833325,003490
3,Hyundai_Merchant_Marine,운송·창고,2023,Q4,0.03239144689156348,-0.00016009176522158164,0.02708896212303402,0.39812925170068025,0.05180675994998618,-0.09894869775555479,-2.7395350045105156,-0.11259704848530983,-1.1301536487875503,-0.0402501538289044,0.09748364440142977,011200
3,Hyundai_Glovis,운송·창고,2023,Q4,-0.03325965201124648,0.03013273989937726,-0.03584639660019562,-0.034578942547976776,-0.016523843787425774,-0.02460725935723492,-0.019457216503167674,0.0,-0.11316906053892928,0.0,-0.05631122689625531,086280
