,name,sector,year,quarter,매출액변화율,자본총계변화율,비유동자산변화율,Relative Return,특정 증권 등 소유 증감 비율변화율,특정 증권 등 소유 비율변화율,기말 소유주식 수변화율,증자주식수변화율,특정 증권 등 소유 수변화율,기말 소유주식 지분율변화율,Label,Code
1,CJ_Logistics,운송·창고,2024,Q2,-0.043695626909183716,-0.007403214419064996,0.011634194010508914,-0.14704933107852272,1.0476190476190477,0.999677237150004,0.021256469824363355,0.0,0.9996333093908849,0.021257562459336743,-0.1963056004878503,000120
1,Korean_Air,운송·창고,2024,Q2,-0.05263683324565194,-0.03597343002580633,-0.01735087543720959,-0.1373777090651888,0.0,0.0,-0.026926352775771267,-0.028675746990794337,0.5731603209834386,-0.020299420264362267,0.052124972836359036,003490
1,Hyundai_Merchant_Marine,운송·창고,2024,Q2,-0.14479786241181158,-0.06169523215591255,-0.021571403235237874,-0.2785803471099321,0.0,0.0,-0.04881481467197579,-0.050616524569679244,-240598.2652259332,-0.060367135080536816,0.21775065056353318,011200
1,Hyundai_Glovis,운송·창고,2024,Q2,-0.06047181791834633,-0.03531560774011733,-0.08520295452632065,-0.13038571673064636,0.0,-0.6666666666666667,-0.06613269579578795,0.0,-0.4367816091954022,-0.06613645688974845,0.22819264344731652,086280
