,Feature,Average_Importance
0,F_당기순이익(손실) 변화율,0.7196173707060233
1,M_소비자물가지수 변화율,0.053571268353396526
2,M_환율 변화율,0.04115695605716796
3,M_주택가격 변화율,0.03723645640480582
4,M_GDP 변화율,0.03259742364666823
5,M_금리 변화율,0.03184565823324526
