,Feature,Average_Importance
0,F_법인세차감전 순이익 변화율,0.10567428315044665
1,F_이익잉여금 변화율,0.08146362680506133
2,F_유동자산 변화율,0.0750022966100905
3,F_유동부채 변화율,0.07309135091324412
4,F_당기순이익(손실) 변화율,0.06995415683624213
5,M_국제유가 변화율,0.06927798918344796
