,Feature,Average_Importance
2,F_이익잉여금 변화율,0.21862841793643512
4,F_자산총계 변화율,0.21069405903599425
5,M_국제유가 변화율,0.21048352290042843
1,F_유동자산 변화율,0.19853263162062698
3,F_자본총계 변화율,0.1938539873290974
