,Feature,Importance
0,F_당기순이익(손실) 변화율,0.7429413042764491
1,M_금리 변화율,0.08538976172006589
2,M_실업률 변화율,0.05553772826618013
3,M_국제유가 변화율,0.05122218190072579
4,M_소비자물가지수 변화율,0.03507327323974611
5,M_수출액 변화율,0.029835750596832876
