,Feature,Importance
0,F_법인세차감전 순이익 변화율,0.2924057197143555
1,F_이익잉여금 변화율,0.24594641697072078
2,F_유동자산 변화율,0.2368126945528858
3,F_유동부채 변화율,0.22483516876203785
