,Feature,Importance
5,F_매출액 변화율,0.25831667863146984
2,F_자산총계 변화율,0.23678262251275062
0,F_부채총계 변화율,0.23464883945270787
3,M_국제유가 변화율,0.11278199136115336
4,M_소비자물가지수 변화율,0.09853401221270344
1,M_실업률 변화율,0.05893585582921488
