,Feature,Importance
0,F_비유동부채 변화율,0.2971495561791548
1,F_법인세차감전 순이익 변화율,0.2431610956064287
2,F_영업이익 변화율,0.2397151052606532
3,F_부채총계 변화율,0.2199742429537633
