,Feature,Importance
0,M_금리 변화율,0.20184668459307317
1,F_유동자산 변화율,0.17921609753409695
2,F_이익잉여금 변화율,0.16676730875694884
3,F_비유동자산 변화율,0.15956960252172683
4,F_자본총계 변화율,0.15900472857870834
5,M_소비자물가지수 변화율,0.13359557801544575
