,Feature,Importance
0,F_유동자산 변화율,0.3035014355136465
2,F_자본총계 변화율,0.27802646877184184
1,M_금리 변화율,0.2184347429958694
3,M_국제유가 변화율,0.2000373527186423
