,Feature,Average_Importance
0,F_이익잉여금 변화율,0.08732809716368158
1,F_법인세차감전 순이익 변화율,0.07308268971500977
2,F_매출액 변화율,0.0707509650952989
3,F_비유동부채 변화율,0.06932817907642488
4,F_영업이익 변화율,0.06850888583600144
5,F_자본총계 변화율,0.05989579315958232
