,Feature,Importance
0,F_이익잉여금 변화율,0.09021676225206153
1,M_실업률 변화율,0.08928366341778964
2,F_자본총계 변화율,0.07871207283686626
3,M_금리 변화율,0.07561814717638347
4,M_수출액 변화율,0.0723016390966804
5,F_법인세차감전 순이익 변화율,0.0676114043378783
