,Feature,Importance
0,M_금리 변화율,0.3039120994850626
1,F_유동자산 변화율,0.23495846114094396
2,F_이익잉여금 변화율,0.2307777164793342
3,F_자본총계 변화율,0.23035172289465936
