{"_runtime":6193.167371897,"_step":0,"CAGR":0.07814268879232456,"_wandb":{"runtime":6193},"SHARPE RATIO":0.3547388521994684,"MDD":0.15085009875528135,"_timestamp":1.7518130566527185e+09}