Feature,Average_Importance
F_법인세차감전 순이익 변화율,0.8075762082548236
M_금리 변화율,0.04426277971232945
M_국제유가 변화율,0.036992237374688715
M_실업률 변화율,0.036261274600645696
M_소비자물가지수 변화율,0.027616495858773273
M_환율 변화율,0.025167894306422793
