,Feature,Average_Importance
0,F_당기순이익(손실) 변화율,0.2929277478805403
2,F_부채총계 변화율,0.2240293737641751
4,F_비유동자산 변화율,0.21457285376000396
6,F_유동자산 변화율,0.18794042761138388
1,F_법인세차감전 순이익 변화율,0.1858445880878492
