,name,sector,year,quarter,자본총계변화율,비유동자산변화율,이익잉여금변화율,Relative Return,전체 주주 수변화율,특정 증권 등 소유 증감 비율변화율,주식액면가액변화율,특정 증권 등 소유 비율변화율,발행금액변화율,보유 주식 수변화율,Label,Code
31,Hyundai_Elevator,기계·장비,2016,Q4,-0.21286591578013003,-0.21590304616595546,-3.4730052442963295,0.04401663530782707,-0.055095047117704965,-0.34838263370642486,-0.44835871267110683,-0.2918017643907127,-0.7359317377221306,-0.08000533524780074,-0.15780666127811552,017800
31,Hanon_Systems,기계·장비,2016,Q4,0.04235129349659272,-0.06949916240659082,-0.002283953866665245,0.12980117259183227,-0.03767675783637103,0.0,0.0,0.0,0.0,-0.03767675783637103,-0.1746174710788745,018880
31,Doosan_Heavy_Industries,기계·장비,2016,Q4,0.04975664814280489,-0.0017944640589235838,0.14302437623355102,0.16545906540137073,-0.038827494073914615,0.026456287729321182,-0.22190461498988578,0.026456287729321182,-0.7008680811694856,-0.02657802800137765,0.04233262557429783,034020
31,Doosan_Infracore,기계·장비,2016,Q4,0.13226170213055644,0.09107925462968469,1.5157397969593922,0.0859400722934023,0.09542736572524857,0.26493101179195166,-0.06293545138545809,0.22451482134266776,-0.5628902040510229,0.01003534434779807,0.10662690052694292,042670
31,Hanmi_Semiconductor,기계·장비,2016,Q4,-0.045058835509945716,-0.1987050796986778,-0.0461228617286098,-0.06186549407483438,-0.04134371366649425,-0.29160702844021125,-2.6714984974586904,-0.0717909399886989,-3.6058476449662873,0.4357272977292719,0.10958408334024083,042700
31,Doosan_Engine,기계·장비,2016,Q4,0.00967273890345044,0.010740101307263883,0.7634485395322239,0.09135372260592077,-0.07146247455563426,0.03603552189187742,-0.014439492648854468,0.019139990481259583,-0.02773401407937981,-0.12347711812226225,-0.22611677282148204,082740
