,name,sector,year,quarter,자본총계변화율,비유동자산변화율,매출액변화율,이익잉여금변화율,유동부채변화율,Relative Return,주식액면가액변화율,전체 주주 수변화율,기초 소유 주식 수변화율,전체 주식 수변화율,Label,Code
33,Hyundai_Elevator,기계·장비,2016,Q2,-0.047230725206144575,-0.14992560238787855,-0.1851730237278717,-0.6615879993186664,-0.1283954081412917,-0.10946985177691393,-0.04080554226846611,-0.07154124541369455,-0.07518665196322849,-0.05039251452851756,0.1052049228604208,017800
33,Hanon_Systems,기계·장비,2016,Q2,0.0005929654416203523,-0.002159729033236024,-0.0323258563983122,0.002251324702351898,0.07311887787625049,-0.1359404205418258,0.0,0.009212046759073278,-0.01253878900343608,0.009212046759072945,0.14596929577154696,018880
33,Doosan_Heavy_Industries,기계·장비,2016,Q2,-0.036384417480324505,-0.05336247737818933,-0.10298453090273996,-0.00515292108366916,0.058890266218150966,0.026342609723456364,-0.005494399205463019,-0.03588270697272522,-0.037003774309575244,-0.03361812142671683,-0.012553851292401871,034020
33,Doosan_Infracore,기계·장비,2016,Q2,-0.09131161512205987,-0.031499828438976474,-0.0386586600379073,3.618092924479357,0.1867036197091987,0.3657599097240529,0.08994978911538931,0.1103065177732322,0.0020574246206026547,0.10077827263853334,0.056971083351873716,042670
33,Hanmi_Semiconductor,기계·장비,2016,Q2,0.04386706514098404,0.1346066756595855,0.16678716063472798,-0.03466426080433571,0.058207604257355605,0.15807058220886186,0.020897908025907408,0.0278685192032172,0.03583237738263145,-0.011247743317057912,-0.04814990486231165,042700
33,Doosan_Engine,기계·장비,2016,Q2,-0.5430113885636416,-0.32808364283194025,-0.2704378290779563,-7.956959310350099,-0.021480080961269188,0.07223706089146957,-0.19663654515572704,0.1932675205465395,-0.24559373801426854,0.3267562850717648,0.05256374622249532,082740
