,name,sector,year,quarter,자본총계변화율,비유동자산변화율,이익잉여금변화율,Relative Return,전체 주주 수변화율,특정 증권 등 소유 증감 비율변화율,주식액면가액변화율,특정 증권 등 소유 비율변화율,발행금액변화율,보유 주식 수변화율,Label,Code
27,Hyundai_Elevator,기계·장비,2017,Q4,0.04995042637438141,-0.2824764412428924,0.1432829954608663,-0.20510680419563473,-0.03434115126324122,-0.17053583161229513,-0.22672834490816096,-0.11301499373966517,-0.3175102437744448,0.0789434960069395,0.07835905950582443,017800
27,Hanon_Systems,기계·장비,2017,Q4,-0.044516018782760014,-0.03668885359463525,-0.02104259235421302,0.21123697087378648,-0.060575549735780276,0.0,0.0,0.0,0.0,-0.060575549735780276,0.10126203741168419,018880
27,Doosan_Heavy_Industries,기계·장비,2017,Q4,-0.009652226378505713,-0.018308238010345423,0.06948751653551055,-0.18991719255907485,-0.03434238315069571,0.02613647509039252,-0.15994614529063966,0.02613647509039252,-0.26776802871661487,-0.0471202213866424,-0.13090577799137246,034020
27,Doosan_Infracore,기계·장비,2017,Q4,0.29500743669288854,0.03220162285319439,0.47328526211447675,-0.042485434552051296,0.14960490449502772,0.43068991685973035,-0.034982310991259924,0.38879883967768325,0.0537903696257338,0.11357914295325788,0.04013371503386195,042670
27,Hanmi_Semiconductor,기계·장비,2017,Q4,-0.11012907363581426,-0.15077872155396443,0.0484565553259132,0.044088927120669114,0.009224489327906316,0.08823361860088652,-0.3029985739625318,-0.0832660786870556,-0.004525502872211096,-0.25919531202896473,0.32522596074877547,042700
27,Doosan_Engine,기계·장비,2017,Q4,0.0056205561586633035,-0.008396227517162957,0.7752111997540799,-0.0703038619499568,0.11203423638738941,0.19533869679075422,-0.07781346049895399,0.21589905153927458,-0.07745309924096633,-0.10225320200137378,-0.09064663838740257,082740
