,name,sector,year,quarter,자본총계변화율,비유동자산변화율,매출액변화율,이익잉여금변화율,유동부채변화율,Relative Return,주식액면가액변화율,전체 주주 수변화율,기초 소유 주식 수변화율,전체 주식 수변화율,Label,Code
29,Hyundai_Elevator,기계·장비,2017,Q2,-0.04733477934885055,0.007173704466999498,-0.16791516626454905,-0.18906590919773714,-0.033743126060774786,0.01927319862401848,-0.07290882449956881,-0.039144565404540366,-0.04536254069366574,-0.03775242663949974,-0.14209775976474842,017800
29,Hanon_Systems,기계·장비,2017,Q2,-0.023922120847287287,0.005781305376696411,-0.07913334575446407,-0.06125055389443923,0.13278196024249067,-0.17199393518875428,0.0,0.007837940475971528,0.011953698563795245,0.007837940475971417,7.06634688582286e-05,018880
29,Doosan_Heavy_Industries,기계·장비,2017,Q2,-0.02157659680365165,-0.03384049525141308,-0.05430631982218581,0.0038719486468579145,-0.0026568281987060516,-0.20287043314726996,-0.024684895725225475,-0.03042126964453651,-0.026500248626564415,-0.029345105697440754,-0.23622721352253995,034020
29,Doosan_Infracore,기계·장비,2017,Q2,-0.006484857993844351,-0.009546118135688841,-0.06959862792811267,-0.031781728187633806,-0.022559450992903685,-0.011012094500833708,-0.0030585729427796693,0.0018500938725218852,0.010853205179320868,0.0021659376515144046,-0.21490661136276618,042670
29,Hanmi_Semiconductor,기계·장비,2017,Q2,0.06654509924234253,0.13750735934326663,-0.7935047229774961,-0.03645327318123104,-0.32639758370609306,0.01235798739846243,-0.1930578698815839,0.013027462759780506,0.035003520012826694,0.012100939545684697,0.12930848763078107,042700
29,Doosan_Engine,기계·장비,2017,Q2,0.011328009170230136,0.01656407823891204,-0.13980407327825373,-0.06847828579666859,0.13424683972034412,-0.026087550350696494,0.08038675334409784,0.011442877163969523,0.054088380970778505,-0.05438573646995559,0.11693660117820635,082740
