,name,sector,year,quarter,자본총계변화율,비유동자산변화율,이익잉여금변화율,Relative Return,전체 주주 수변화율,특정 증권 등 소유 증감 비율변화율,주식액면가액변화율,특정 증권 등 소유 비율변화율,발행금액변화율,보유 주식 수변화율,Label,Code
28,Hyundai_Elevator,기계·장비,2017,Q3,-0.08085623135695785,-0.04686596849865343,-0.2882855407388152,-0.14209775976474842,-0.05546754735773507,-0.2937131427593396,-0.10923007622973713,-0.14101749856256274,-0.13052523559471307,-0.08835310590211654,-0.20510680419563473,017800
28,Hanon_Systems,기계·장비,2017,Q3,0.01058870871242834,0.0024073216745780224,-0.000793015528683938,7.06634688582286e-05,-0.0006327541865378539,0.0,0.0,0.0,0.0,-0.0006327541865378539,0.21123697087378648,018880
28,Doosan_Heavy_Industries,기계·장비,2017,Q3,-0.0005213551279301676,-0.00047349194989698695,-0.004453617432078172,-0.23622721352253995,0.05010204676942709,-0.004217090847123295,-0.017181027500555057,-0.004217090847123295,-0.029153763490363138,0.07723274780546818,-0.18991719255907485,034020
28,Doosan_Infracore,기계·장비,2017,Q3,-0.02148384563151473,0.023101505387597587,-0.4077320842421941,-0.21490661136276618,-0.20089995660913385,-0.27236049507615046,-0.0771022498674716,-0.3784913862549566,0.07359669079097197,-0.11359096233440003,-0.042485434552051296,042670
28,Hanmi_Semiconductor,기계·장비,2017,Q3,-0.060135182669955656,-0.0861902825381975,-0.05543904879486794,0.12930848763078107,-0.06676509058829572,0.16307464519301584,0.04219325644885186,-0.07975425174427841,0.03294218285901562,-0.05343643285470079,0.044088927120669114,042700
28,Doosan_Engine,기계·장비,2017,Q3,-0.00817189812486907,0.004714237197722904,0.050615286023824146,0.11693660117820635,0.08131396150174341,0.25244186619875675,-0.02448086067440869,0.2490468638571196,-0.07818636111864086,0.07478823615405261,-0.0703038619499568,082740
