,name,sector,year,quarter,자본총계변화율,비유동자산변화율,이익잉여금변화율,Relative Return,전체 주주 수변화율,특정 증권 등 소유 증감 비율변화율,주식액면가액변화율,특정 증권 등 소유 비율변화율,발행금액변화율,보유 주식 수변화율,Label,Code
29,Hyundai_Elevator,기계·장비,2017,Q2,-0.04733477934885055,0.007173704466999498,-0.18906590919773714,0.01927319862401848,-0.039144565404540366,-0.02039929726326184,-0.07290882449956904,-0.03058008673195811,-0.09816623953488324,-0.04933227731936185,-0.14209775976474842,017800
29,Hanon_Systems,기계·장비,2017,Q2,-0.023922120847287287,0.005781305376696411,-0.06125055389443923,-0.17199393518875428,0.007837940475971528,0.0,0.0,0.0,0.0,0.007837940475971639,7.06634688582286e-05,018880
29,Doosan_Heavy_Industries,기계·장비,2017,Q2,-0.02157659680365165,-0.03384049525141308,0.0038719486468579145,-0.20287043314726996,-0.03042126964453651,-0.01527036172353391,-0.024684895725225475,-0.01527036172353391,-0.02590699971397048,-0.02897581291862772,-0.23622721352253995,034020
29,Doosan_Infracore,기계·장비,2017,Q2,-0.006484857993844351,-0.009546118135688841,-0.031781728187633806,-0.011012094500833708,0.0018500938725218852,0.013660222431728042,-0.0030585729427796693,0.016742812479293878,-0.021679575149223362,0.00021141225236975814,-0.21490661136276618,042670
29,Hanmi_Semiconductor,기계·장비,2017,Q2,0.06654509924234253,0.13750735934326663,-0.03645327318123104,0.01235798739846243,0.013027462759780506,-1.287444211274233,-0.19305786988158435,0.09961333036948439,-0.24129925984616563,0.049356581687351686,0.12930848763078107,042700
29,Doosan_Engine,기계·장비,2017,Q2,0.011328009170230136,0.01656407823891204,-0.06847828579666859,-0.026087550350696494,0.011442877163969412,-0.22561301706589854,0.08038675334409762,-0.21145494145652277,0.12930875087941196,-0.02334422463532282,0.11693660117820635,082740
