,name,sector,year,quarter,자본총계변화율,비유동자산변화율,매출액변화율,이익잉여금변화율,유동부채변화율,Relative Return,주식액면가액변화율,전체 주주 수변화율,기초 소유 주식 수변화율,전체 주식 수변화율,Label,Code
28,Hyundai_Elevator,기계·장비,2017,Q3,-0.08085623135695785,-0.04686596849865343,-0.02213568567013402,-0.2882855407388152,0.15310469371406532,-0.14209775976474842,-0.10923007622973735,-0.05546754735773529,-0.0818364190469607,-0.09887028871608416,-0.20510680419563473,017800
28,Hanon_Systems,기계·장비,2017,Q3,0.01058870871242834,0.0024073216745780224,0.06861016491585548,-0.000793015528683938,0.05948470143349849,7.06634688582286e-05,0.0,-0.0006327541865378539,7.917885429076232e-05,-0.0006327541865378539,0.21123697087378648,018880
28,Doosan_Heavy_Industries,기계·장비,2017,Q3,-0.0005213551279301676,-0.00047349194989698695,0.10109378310596306,-0.004453617432078172,-0.017127453875082077,-0.23622721352253995,-0.017181027500555057,0.05010204676942709,0.04987540790220446,0.05248523582597231,-0.18991719255907485,034020
28,Doosan_Infracore,기계·장비,2017,Q3,-0.02148384563151473,0.023101505387597587,0.11238659924247774,-0.4077320842421941,0.10304531823124918,-0.21490661136276618,-0.0771022498674716,-0.20089995660913385,-0.23929279706808937,-0.20392554343752423,-0.042485434552051296,042670
28,Hanmi_Semiconductor,기계·장비,2017,Q3,-0.060135182669955656,-0.0861902825381975,0.15488927049203138,-0.05543904879486794,0.012806526867854884,0.12930848763078107,0.04219325644885219,-0.06676509058829594,-0.07759272841166132,-0.048248002982695715,0.044088927120669114,042700
28,Doosan_Engine,기계·장비,2017,Q3,-0.00817189812486907,0.004714237197722904,0.20126922939006642,0.050615286023824146,-0.03715833418858394,0.11693660117820635,-0.02448086067440891,0.0813139615017433,-0.016895851643991877,0.14413600918288394,-0.0703038619499568,082740
