,name,sector,year,quarter,Relative Return,자본총계 변화율,비유동자산 변화율,소비자물가지수 변화율,GDP 변화율,현재까지 감소한 주식의 총수 변화율,특정 증권 등 소유 비율 변화율,특정 증권 등 소유 증감 비율 변화율,상환주식의 상환 변화율,특정 증권 등 소유 증감 수 변화율,Label,Code
27,Hyundai_Elevator,기계·장비,2017,Q4,-0.20510680419563473,0.04995042637438141,-0.2824764412428924,0.3500195788744318,0.002275605061653474,0.08090544171661462,0.08090544171661462,0.08090544171661473,0.0,0.08090544171661473,0.07835905950582443,017800
27,Hanon_Systems,기계·장비,2017,Q4,0.21123697087378648,-0.044516018782760014,-0.03668885359463525,0.3500195788744318,0.002275605061653474,0.0,0.0,0.0,0.0,0.0,0.10126203741168419,018880
27,Doosan_Heavy_Industries,기계·장비,2017,Q4,-0.18991719255907485,-0.009652226378505713,-0.018308238010345423,0.3500195788744318,0.002275605061653474,0.6683345056687733,0.08027288293390111,0.08027288293390111,0.08027288293390122,0.08027288293390122,-0.13090577799137246,034020
27,Doosan_Infracore,기계·장비,2017,Q4,-0.042485434552051296,0.29500743669288854,0.03220162285319439,0.3500195788744318,0.002275605061653474,0.08093655947073763,0.08093655947073763,0.08093655947073775,0.0,0.08093655947073775,0.04013371503386195,042670
27,Hanmi_Semiconductor,기계·장비,2017,Q4,0.044088927120669114,-0.11012907363581426,-0.15077872155396443,0.3500195788744318,0.002275605061653474,0.08093362851815189,0.08093362851815189,0.08093362851815189,0.0,0.08093362851815189,0.32522596074877547,042700
27,Doosan_Engine,기계·장비,2017,Q4,-0.0703038619499568,0.0056205561586633035,-0.008396227517162957,0.3500195788744318,0.002275605061653474,0.08093217680444476,0.08093217680444453,0.08093217680444476,0.0,0.08093217680444476,-0.09064663838740257,082740
