,name,sector,year,quarter,자본총계변화율,비유동자산변화율,이익잉여금변화율,Relative Return,전체 주주 수변화율,특정 증권 등 소유 증감 비율변화율,주식액면가액변화율,특정 증권 등 소유 비율변화율,발행금액변화율,보유 주식 수변화율,Label,Code
25,Hyundai_Elevator,기계·장비,2018,Q2,-0.03574413564776657,-0.02514193343972071,-0.02592191636520158,0.4083114029037506,-0.03258592085544709,-0.020136173414158742,-0.03912559139284033,-0.02887926230566773,-0.0459194277728876,-0.034251178616646616,0.19035761660048311,017800
25,Hanon_Systems,기계·장비,2018,Q2,0.009317889017322556,-0.006051623555470176,-0.003760111233983565,-0.14212028897129125,0.017133753707841204,0.0,0.0,0.0,0.0,0.017133753707841204,-0.019788824323452886,018880
25,Doosan_Heavy_Industries,기계·장비,2018,Q2,-0.0677409447682511,-0.045048045273855974,-0.05854605764641008,0.07353031282361222,-0.05051615331760306,-0.05244658164609839,-0.03625967440838651,-0.05244658164609839,-0.03132442520526002,-0.05994714353204045,0.025624864659940676,034020
25,Doosan_Infracore,기계·장비,2018,Q2,-0.003034004996686601,0.0037051031126397183,-0.08057570207804443,0.14338240131345573,0.015286305117218069,0.020337071753509517,0.009038662408568987,0.02410147378986971,-0.0036813017990404706,0.01155831742812874,0.05779493628810192,042670
25,Hanmi_Semiconductor,기계·장비,2018,Q2,-0.055409318865167645,0.07358333509816717,-0.10794832817751043,-0.016494207557940926,-0.02948950488297175,-0.49466167795083726,-0.1671596287827699,0.021646891650743183,-0.18837703496202063,-0.007628362319463955,-0.1858124807495861,042700
25,Doosan_Engine,기계·장비,2018,Q2,0.5106592342414357,0.004507783857180203,0.8615104641719781,0.5835730373317588,-0.16493919247045952,0.4898632070860568,-0.10890687088619799,0.4719963443043774,-0.2656428156483601,0.16366826402842138,0.08329800667810164,082740
