,name,sector,year,quarter,자본총계변화율,비유동자산변화율,매출액변화율,이익잉여금변화율,유동부채변화율,Relative Return,주식액면가액변화율,전체 주주 수변화율,기초 소유 주식 수변화율,전체 주식 수변화율,Label,Code
24,Hyundai_Elevator,기계·장비,2018,Q3,-0.006118199969906479,-0.07261474993149442,0.018239274896799107,-0.023947205355936863,-0.1141322044460591,0.19035761660048311,0.0012759400871865667,-0.033765166267077484,-0.028007388581437587,-0.027570481192051854,0.24396773819383805,017800
24,Hanon_Systems,기계·장비,2018,Q3,0.005937739635632933,-0.013256462017959603,0.041661288083360226,0.007329064566676147,-0.19561945292333816,-0.019788824323452886,0.0,-0.023997718363884868,-0.0533225930220913,-0.023997718363884868,0.2001149403329131,018880
24,Doosan_Heavy_Industries,기계·장비,2018,Q3,0.005361223449519059,0.026597992787534497,0.11906188258527506,0.010128420492854784,0.1558609060003595,0.025624864659940676,0.021939500024224068,0.02861895345877985,0.023976558484760546,0.032230418759218726,-0.05535893045447256,034020
24,Doosan_Infracore,기계·장비,2018,Q3,-0.011517026002760167,0.0009654524861737457,0.09515523102230972,-0.10717485613866451,-0.06337495476018828,0.05779493628810192,-0.02371968410824654,-0.03345874290120965,-0.058680374053871276,-0.03332392094908565,0.014271954489927257,042670
24,Hanmi_Semiconductor,기계·장비,2018,Q3,0.03785504928996841,0.11241403871340261,0.32732215069005255,0.11111791204156818,0.39489779368978817,-0.1858124807495861,0.17841262833587612,0.0853093287162765,0.08220369083925161,0.05039152264338931,0.21014176796537454,042700
24,Doosan_Engine,기계·장비,2018,Q3,0.025158002393217638,0.015379287213843518,0.06602040090241768,0.1937445340098033,0.18939612643915527,0.08329800667810164,0.1124538297199229,0.1938069565958842,0.10727943923772676,0.2328846763685316,0.08501868906644906,082740
