,name,sector,year,quarter,자본총계변화율,비유동자산변화율,이익잉여금변화율,Relative Return,전체 주주 수변화율,특정 증권 등 소유 증감 비율변화율,주식액면가액변화율,특정 증권 등 소유 비율변화율,발행금액변화율,보유 주식 수변화율,Label,Code
23,Hyundai_Elevator,기계·장비,2018,Q4,-0.021874168458649423,0.0020833886665792,-0.08412676006026265,0.24396773819383805,-0.016161465844916068,0.01656442307709738,-0.2528153578495047,-0.005966680107587274,-0.42090257183000035,-0.16563905366145892,0.09086430036170479,017800
23,Hanon_Systems,기계·장비,2018,Q4,0.08519681659554612,-0.030677526505696884,0.09970557575389238,0.2001149403329131,0.029076842399744396,0.0,0.0,0.0,0.0,0.029076842399744618,-0.018384279647020607,018880
23,Doosan_Heavy_Industries,기계·장비,2018,Q4,0.19224425868461315,0.11481129417698743,0.5507585619202946,-0.05535893045447256,0.0127771923055634,0.13413524748479755,-0.13291464297413325,0.13413524748479755,0.023055823228584238,0.5468830530600294,-0.21776363975586321,034020
23,Doosan_Infracore,기계·장비,2018,Q4,0.012997628763181335,0.04542720763510166,0.1338801911818942,0.014271954489927257,0.09843032378480221,0.108611397095555,-0.06796327474379393,0.1309871009073812,0.10148735107566276,-0.04508077292494472,-0.09183350238918206,042670
23,Hanmi_Semiconductor,기계·장비,2018,Q4,-0.023843689697654824,-0.020755262171659128,-0.02533554545226835,0.21014176796537454,0.0023977686660110464,0.4316820890279839,-0.4743090063559068,-0.04979009639691401,0.11942540657554046,-0.32081594691275894,-0.11708715917838353,042700
23,Doosan_Engine,기계·장비,2018,Q4,0.02995794533991769,-0.0041672529204241915,0.303546643963132,0.08501868906644906,-0.0061815159791218655,0.01593215707209439,-0.40615235729474564,0.025822216054694813,-0.5642619590635878,0.12017223396764798,0.2843400596546647,082740
