,name,sector,year,quarter,자본총계변화율,비유동자산변화율,매출액변화율,이익잉여금변화율,유동부채변화율,Relative Return,주식액면가액변화율,전체 주주 수변화율,기초 소유 주식 수변화율,전체 주식 수변화율,Label,Code
22,Hyundai_Elevator,기계·장비,2019,Q1,-0.021721312522893,-0.03123347105662333,0.13711326105066624,-0.07874192571418637,0.07198778160176533,0.09086430036170479,0.21543239800680936,0.014623420698310574,0.11781400226387506,0.009931918415471697,-0.24443788655252674,017800
22,Hanon_Systems,기계·장비,2019,Q1,0.024625577716072544,-0.7184902411829814,0.07071462685975671,0.02388363238752511,-0.2833103713643945,-0.018384279647020607,0.0,-0.5388789407553178,0.2660207190967786,-0.5388789407553176,0.0010683219768087976,018880
22,Doosan_Heavy_Industries,기계·장비,2019,Q1,-0.013090075416815061,-0.02417302826304968,0.3064094515789364,-0.05819048572373853,-0.06398959152200945,-0.21776363975586321,0.13708384629280734,0.036584539893050216,-0.05852360503331533,0.03609064015390884,-0.25863561889041914,034020
22,Doosan_Infracore,기계·장비,2019,Q1,-0.03537604911211334,0.0026624326598465586,-0.22156162494511467,-0.42918913824714666,-0.24363730269452089,-0.09183350238918206,0.0757287874284559,-0.12548226056042888,-0.4359393298534444,-0.12626189397765786,-0.12186382478893051,042670
22,Hanmi_Semiconductor,기계·장비,2019,Q1,0.05557316527978873,-0.14625466256133346,0.5024125821496823,0.05896435816804113,0.10628653182231551,-0.11708715917838353,0.49691072589123897,0.07412489864387195,0.4787220640519707,0.09922028997022259,-0.02161626890418773,042700
22,Doosan_Engine,기계·장비,2019,Q1,0.05155031465123083,-0.011621280594079852,0.1240536187809701,0.6685666540667521,-0.13293091571462257,0.2843400596546647,0.2394064237477732,-0.13834686487329395,0.17254470204529537,-0.1705000274412405,-0.1561493103361524,082740
