,name,sector,year,quarter,Relative Return,자본총계 변화율,비유동자산 변화율,소비자물가지수 변화율,GDP 변화율,현재까지 감소한 주식의 총수 변화율,특정 증권 등 소유 비율 변화율,특정 증권 등 소유 증감 비율 변화율,상환주식의 상환 변화율,특정 증권 등 소유 증감 수 변화율,Label,Code
19,Hyundai_Elevator,기계·장비,2019,Q4,-0.05777551311512065,-0.0245875682711012,0.018229319921474252,-5.380260221408914,-0.010051895543270017,0.024359078346506413,0.02435907834650619,0.024359078346506302,0.0,0.024359078346506302,-0.3086876805714631,017800
19,Hanon_Systems,기계·장비,2019,Q4,0.04287965737063301,-0.013374900394129252,-0.004151558477425432,-5.380260221408914,-0.010051895543270017,0.0,0.0,0.0,0.0,0.0,-0.14133393277436163,018880
19,Doosan_Heavy_Industries,기계·장비,2019,Q4,0.1065256956669741,0.24626491876398404,0.029762647860613445,-5.380260221408914,-0.010051895543270017,-1.3256802343995764,0.024798915815597455,0.024798915815597455,-1.227199262778636,0.024798915815597455,-0.23938091623293778,034020
19,Doosan_Infracore,기계·장비,2019,Q4,0.02348205448577929,0.017268312669967978,-0.017772364549410335,-5.380260221408914,-0.010051895543270017,0.024435054076881402,0.024435054076881402,0.024435054076881402,0.0,0.024435054076881402,-0.1933153566556779,042670
19,Hanmi_Semiconductor,기계·장비,2019,Q4,-0.1177198550407145,-0.016310171956138042,0.009227566001862475,-5.380260221408914,-0.010051895543270017,-0.40030590327503757,0.024389797756428244,0.024389797756428133,0.0,0.024389797756428133,0.15102771022882236,042700
19,Doosan_Engine,기계·장비,2019,Q4,-0.051105415286522,0.1500356955788522,0.05315718916392176,-5.380260221408914,-0.010051895543270017,-0.9812882958923916,0.024390812441549392,0.024390812441549503,0.0,0.024390812441549392,0.23675602694936881,082740
