,name,sector,year,quarter,자본총계변화율,비유동자산변화율,매출액변화율,이익잉여금변화율,유동부채변화율,Relative Return,주식액면가액변화율,전체 주주 수변화율,기초 소유 주식 수변화율,전체 주식 수변화율,Label,Code
21,Hyundai_Elevator,기계·장비,2019,Q2,0.021118013411900227,-0.01358131714046662,-0.07987113745763996,0.08470876866215726,0.004073643567610752,-0.24443788655252674,0.012723603508395076,0.01817789305119255,0.01858872135959677,0.008793758118419648,0.001091097500412504,017800
21,Hanon_Systems,기계·장비,2019,Q2,0.024591907514094347,-0.010832329772098248,-0.0642973788661041,0.02296945461235933,0.4049836297039964,0.0010683219768087976,0.0,0.051041024684329805,-0.07467251915060347,0.051041024684329916,0.025198385317123578,018880
21,Doosan_Heavy_Industries,기계·장비,2019,Q2,-0.11461935915763233,-0.0157695243741236,-0.08541539539200715,0.030872152025130606,-0.1066399044868509,-0.25863561889041914,0.003367043202679887,-0.10957845696713253,-0.11779464148389085,-0.11462240760529707,-0.06849773441483041,034020
21,Doosan_Infracore,기계·장비,2019,Q2,-0.017687575476112993,-0.00011365868013735181,0.09043208142844439,-0.1814494527724977,0.1519336112674342,-0.12186382478893051,0.03936463578530158,0.04772014080106379,0.044672817741585824,0.04535486165620717,-0.1192518593142916,042670
21,Hanmi_Semiconductor,기계·장비,2019,Q2,-0.00012364356117688935,-0.02859705092655962,-0.2781929424407945,-0.00013166131636710432,-0.18208176960140943,-0.02161626890418773,-0.05436905054012042,-0.004058862620429204,-0.0028188130964930114,-0.003362062062788329,-0.06339810591094659,042700
21,Doosan_Engine,기계·장비,2019,Q2,0.03394011263166774,-0.010870600401582609,-0.6916227079057369,1.2596351350646218,-0.06546288601047845,-0.1561493103361524,-0.049563554900298845,-0.12493883895413838,0.019193648734359026,-0.14651032714898737,-0.2253481235103834,082740
