,name,sector,year,quarter,자본총계변화율,비유동자산변화율,매출액변화율,이익잉여금변화율,유동부채변화율,Relative Return,주식액면가액변화율,전체 주주 수변화율,기초 소유 주식 수변화율,전체 주식 수변화율,Label,Code
16,Hyundai_Elevator,기계·장비,2020,Q3,-0.11854537193746273,0.020321413863816806,0.01613508711851408,-0.18007269104419943,0.15316616271624106,0.03995098250086973,-0.00628655883922713,0.02189478006416501,0.009937605451657672,0.021136478308984574,-0.2100510789651639,017800
16,Hanon_Systems,기계·장비,2020,Q3,0.0206369991917148,-0.00018411389566885816,-0.20652132012332403,0.0324606674683382,-0.015427691236835628,-0.1556067654659356,0.0,0.027071406580667978,-0.10495686583515296,0.027071406580667756,0.2700933296840484,018880
16,Doosan_Heavy_Industries,기계·장비,2020,Q3,0.122211735301475,0.010632551212390817,0.03052367302277237,-0.37303079469941225,-0.04932379990054181,0.23909403713177352,-0.006328779251806083,0.011336751698193037,0.027150618144849537,0.011253236762259644,1.63028430695133,034020
16,Doosan_Infracore,기계·장비,2020,Q3,0.00530640059376053,-0.002459370516132209,0.010766497100629713,0.1583471532348043,0.258121098167413,1.0886473633971663,0.013617661047047314,-0.015538464756884363,0.01709417882067954,-0.018734423858880467,0.1339383379079097,042670
16,Hanmi_Semiconductor,기계·장비,2020,Q3,-0.0378749351952159,0.06664069584033794,-0.2615605649783004,-0.1002288273647618,-0.16595583206726383,-0.09239312115482441,-0.14835448681826113,-0.06574964215559431,-0.04959039763633699,-0.07681735558089486,0.3002920051807372,042700
16,Doosan_Engine,기계·장비,2020,Q3,0.012795819510249329,0.01815208956811909,0.13546583300494974,-0.08096107496459481,0.04790321957020094,0.7310265802404659,0.03979335820398422,0.05679823301370379,0.010441690579547691,0.060580988017722714,-0.11369932356193052,082740
