,name,sector,year,quarter,자본총계변화율,비유동자산변화율,매출액변화율,이익잉여금변화율,유동부채변화율,Relative Return,주식액면가액변화율,전체 주주 수변화율,기초 소유 주식 수변화율,전체 주식 수변화율,Label,Code
18,Hyundai_Elevator,기계·장비,2020,Q1,0.034014208477832875,0.08686979743607137,0.12714975602161782,-0.02021210423517772,0.010174223203709087,-0.3086876805714631,0.1557644190146371,0.018897321330003214,-0.005294527415603545,0.022219301804675795,0.02980483637223072,017800
18,Hanon_Systems,기계·장비,2020,Q1,0.04601680813797726,-0.005253572779756688,0.12124927080594006,0.03670925622830379,-0.29312333609236885,-0.14133393277436163,0.0,-0.026833767667479913,0.19914912637107107,-0.02683376766747969,-0.009474277399508568,018880
18,Doosan_Heavy_Industries,기계·장비,2020,Q1,-0.07457941727057404,-0.04662040349684138,0.14502082635169566,-0.12991623418034326,-0.04340258667949759,-0.23938091623293778,0.09833223382988765,-0.0546426232750159,-0.17878389297748565,-0.05475731743145973,-0.20880962200408362,034020
18,Doosan_Infracore,기계·장비,2020,Q1,-0.04283117122029845,-0.006774108548730728,-0.24781441866767207,-0.49047387399374043,-0.028894002346626202,-0.1933153566556779,0.08876450314507167,-0.11107814133845118,-0.42413831650518974,-0.11546458932181491,-0.238216809527476,042670
18,Hanmi_Semiconductor,기계·장비,2020,Q1,-0.013811206078146787,-0.06913110985457749,-0.059413832898216334,0.1831236927294796,-0.9436664967095618,0.15102771022882236,0.299276923627243,-0.06343358737241389,0.4155414777609572,-0.058155974399312305,0.04211237031990997,042700
18,Doosan_Engine,기계·장비,2020,Q1,-0.03136589274007795,0.00031032950117637625,0.09393178829013726,0.1577403000857882,-0.0006838490794320862,0.23675602694936881,0.19692958566310936,0.006825872961646717,0.19192705175770441,0.00026832460985815043,-0.24803149884163286,082740
