,name,sector,year,quarter,자본총계변화율,비유동자산변화율,매출액변화율,이익잉여금변화율,유동부채변화율,Relative Return,주식액면가액변화율,전체 주주 수변화율,기초 소유 주식 수변화율,전체 주식 수변화율,Label,Code
12,Hyundai_Elevator,기계·장비,2021,Q3,-0.01791657663870616,-0.09315844129418238,0.10135363813572451,-0.08236669432133881,0.05641525812432113,0.09819654487662544,0.02560114140971881,-0.001171596633854577,-0.0077419763150459175,-0.01478758353016163,0.009769995990637118,017800
12,Hanon_Systems,기계·장비,2021,Q3,0.047004853625410736,-0.002077590498401838,0.09061917428719968,0.04072998226574631,0.019817376551942267,-0.12781833252703156,0.0,0.014187591453679982,-0.15195047081575463,0.014187591453680093,0.0286688998768587,018880
12,Doosan_Heavy_Industries,기계·장비,2021,Q3,-0.31260098143202386,-0.25225652925902575,-0.12162078539929988,0.18720447695973141,0.03823318236704776,0.7682270459420548,-0.11857291659662783,-0.23210892260021265,-0.24606313881033204,-0.22433348115314478,-0.06138733987083418,034020
12,Doosan_Infracore,기계·장비,2021,Q3,0.32440329951853575,0.024959311100784976,0.17166267445596628,-0.061792559057201046,0.48944905793841276,0.226517206542306,0.3946521110911647,0.4499115176048568,0.5020920958298565,0.4482949550464822,0.0,042670
12,Hanmi_Semiconductor,기계·장비,2021,Q3,-0.09612841374212677,-0.010965669304860315,0.1632026077076688,-0.12470422815998483,-0.13939284566445065,0.3236169220489779,-0.026261087013697892,-0.13858885028218038,-0.13279138400200674,-0.1564662846490137,-0.015258253824652554,042700
12,Doosan_Engine,기계·장비,2021,Q3,0.06493895722131171,-0.02940826320318468,0.30292756916503827,-0.3872564697127874,0.033995278202815116,-0.036394997953580345,0.044088041903529884,-0.06758774123739375,-0.07362380978002303,-0.14332514687061315,-0.0838232999983393,082740
