,name,sector,year,quarter,자본총계변화율,비유동자산변화율,매출액변화율,이익잉여금변화율,유동부채변화율,Relative Return,주식액면가액변화율,전체 주주 수변화율,기초 소유 주식 수변화율,전체 주식 수변화율,Label,Code
14,Hyundai_Elevator,기계·장비,2021,Q1,0.01194001390924182,-0.03817959715017882,0.09808547580419258,0.05342071549456273,-0.05917491567554878,-0.2671686680279764,0.08419782130215114,0.2735222818814964,-0.06473304312041339,0.2919182484658832,0.08373866698450379,017800
14,Hanon_Systems,기계·장비,2021,Q1,0.04721872970729246,0.001381099657387086,0.09905454457205087,0.046744723206043726,-0.10095932435005728,0.03762711144763736,0.0,-0.013726428655187473,0.16354599511824142,-0.013726428655187473,0.02058260096771003,018880
14,Doosan_Heavy_Industries,기계·장비,2021,Q1,-0.03162883599248523,-0.005469100949089034,0.11258877485559116,1.1160859857687895,-0.05749180123954978,-0.16854793770823312,0.12799374592634338,0.15661886480567222,-0.2760706974292493,0.1477751024341819,-0.10960598539640581,034020
14,Doosan_Infracore,기계·장비,2021,Q1,-0.04141894722693329,-0.005518593378445402,-0.34650219209956057,-0.3127344068884308,-0.050107611760041415,-0.3620280073932385,0.05008926612940234,0.24080623914743315,-0.5413863656449598,0.22605126870405012,0.3626178716738104,042670
14,Hanmi_Semiconductor,기계·장비,2021,Q1,-0.01898216932610275,-0.039993423957421115,0.09098638478208709,0.08608193024934874,-0.003629880810769981,0.47486381058410587,0.0888335833457351,-0.8087390345299645,0.26720382793342745,0.20418506841803397,0.2641290272934279,042700
14,Doosan_Engine,기계·장비,2021,Q1,-0.10616166878540967,0.003662387504770548,0.3755785049470788,-0.20173632035092837,0.022767092463265692,0.4527181742850268,0.3189889636479637,0.40794405583014515,-0.17015909707696375,0.18111741824116068,0.025513450207623162,082740
