,name,sector,year,quarter,자본총계변화율,비유동자산변화율,매출액변화율,이익잉여금변화율,유동부채변화율,Relative Return,주식액면가액변화율,전체 주주 수변화율,기초 소유 주식 수변화율,전체 주식 수변화율,Label,Code
13,Hyundai_Elevator,기계·장비,2021,Q2,-0.004340561909264018,-0.104720073134142,-0.08185305565776524,-0.020271091717910528,-0.12866807192586305,0.08373866698450379,-0.010134920522945734,-0.043590295529871925,-0.03871097644539723,-0.039059143263820095,0.09819654487662544,017800
13,Hanon_Systems,기계·장비,2021,Q2,-0.005176345867221155,-0.000145137038888965,-0.0630682722227367,-0.008117638286396112,-0.06218689386984999,0.02058260096771003,0.0,-0.010113818817311993,0.07694897842878301,-0.010113818817312437,-0.12781833252703156,018880
13,Doosan_Heavy_Industries,기계·장비,2021,Q2,-0.1994301103051217,0.010264614260695804,0.004992658749906287,-0.34376332729869596,0.01885443614936344,-0.10960598539640581,-0.004678112527954248,-0.07921570072685857,-0.10238336639578449,-0.08142572747130394,0.7682270459420548,034020
13,Doosan_Infracore,기계·장비,2021,Q2,0.5946689347372931,0.5061657960009454,-0.041486096328079425,-0.48196088230574907,-0.8695609196388638,0.3626178716738104,0.03459939619659658,-0.169252869673578,-0.21866617040213798,-0.154726818877591,0.226517206542306,042670
13,Hanmi_Semiconductor,기계·장비,2021,Q2,-0.09553993490283963,-0.3675399562546213,-0.5419951412713213,-0.13190297676448726,-0.1707378902693284,0.2641290272934279,-0.19450875217498886,-0.06427454699188129,-0.08503158083319073,-0.015766797894770646,0.3236169220489779,042700
13,Doosan_Engine,기계·장비,2021,Q2,-0.12643743500281945,-0.0008832974060093424,-0.4857060568430802,-0.06651730240552522,0.15073227721563254,0.025513450207623162,0.0836222617522433,0.03412016205968471,0.0895517730040758,-0.010284404953904147,-0.036394997953580345,082740
