,name,sector,year,quarter,자본총계변화율,비유동자산변화율,이익잉여금변화율,Relative Return,전체 주주 수변화율,특정 증권 등 소유 증감 비율변화율,주식액면가액변화율,특정 증권 등 소유 비율변화율,발행금액변화율,보유 주식 수변화율,Label,Code
14,Hyundai_Elevator,기계·장비,2021,Q1,0.01194001390924182,-0.03817959715017882,0.05342071549456273,-0.2671686680279764,0.2735222818814965,0.018062745367454225,0.08419782130215114,-0.020397112390581285,-0.08082753795098263,0.2914637488125491,0.08373866698450379,017800
14,Hanon_Systems,기계·장비,2021,Q1,0.04721872970729246,0.001381099657387086,0.046744723206043726,0.03762711144763736,-0.013726428655187473,0.0,0.0,0.0,0.0,-0.013726428655187473,0.02058260096771003,018880
14,Doosan_Heavy_Industries,기계·장비,2021,Q1,-0.03162883599248523,-0.005469100949089034,1.1160859857687895,-0.16854793770823312,0.15661886480567222,-0.07392692312246796,0.12799374592634338,-0.07392692312246796,-0.05192319846625981,0.15834130524703072,-0.10960598539640581,034020
14,Doosan_Infracore,기계·장비,2021,Q1,-0.04141894722693329,-0.005518593378445402,-0.3127344068884308,-0.3620280073932385,0.24080623914743315,-0.2125038240866346,0.05008926612940234,-0.23447289382347192,-0.1855784467690167,0.03780352306177048,0.3626178716738104,042670
14,Hanmi_Semiconductor,기계·장비,2021,Q1,-0.01898216932610275,-0.039993423957421115,0.08608193024934874,0.47486381058410587,-0.8087390345299639,0.02413426987185352,0.08883358334573399,0.009690319277552484,0.03295898965683397,0.061097088410559275,0.2641290272934279,042700
14,Doosan_Engine,기계·장비,2021,Q1,-0.10616166878540967,0.003662387504770548,-0.20173632035092837,0.4527181742850268,0.40794405583014504,-0.04987846181408284,0.3189889636479638,-0.015205776042746866,0.4111408107227109,0.031602601115366724,0.025513450207623162,082740
