,name,sector,year,quarter,자본총계변화율,비유동자산변화율,매출액변화율,이익잉여금변화율,유동부채변화율,Relative Return,주식액면가액변화율,전체 주주 수변화율,기초 소유 주식 수변화율,전체 주식 수변화율,Label,Code
10,Hyundai_Elevator,기계·장비,2022,Q1,0.0246686200572529,-0.10896091955609122,0.12976188673824607,0.08879133966086128,-0.037744479811437914,-0.1423720002150068,0.0426551348967501,0.29992272526121466,0.17969973423401253,0.16651747659311522,0.008879406315251942,017800
10,Hanon_Systems,기계·장비,2022,Q1,0.06720238505273868,-0.012982599054410127,-0.04447858992437115,0.08405323768816209,0.07087766117415073,-0.11608413348467626,0.0,0.012554422066822446,0.17821033008780818,0.012554422066822113,-0.04323756290480252,018880
10,Doosan_Heavy_Industries,기계·장비,2022,Q1,-0.2497111043396889,-0.004416556044622766,-0.06885131752458773,0.08318550368323585,0.25580776737201794,0.05200935828481919,0.08367896969106259,0.18850582829151952,-0.006069306156411214,0.137087001343012,0.03953291373446307,034020
10,Doosan_Infracore,기계·장비,2022,Q1,-0.04671185087791696,0.013070571421263777,-0.049207364490304384,-0.8605243961427484,-0.11411029232124181,-0.05099269360541857,0.3167875816533344,0.43395661153217036,-0.7773147794800923,0.39236959643064884,0.015969341421412223,042670
10,Hanmi_Semiconductor,기계·장비,2022,Q1,0.034384740685454496,-0.011795024245350172,0.38261775982289914,0.04260747606062887,0.14307731786030342,0.23040750534611282,-0.01124771721196871,0.32667906774012945,-0.0324538173588238,0.003265264632739684,-0.007914307620612182,042700
10,Doosan_Engine,기계·장비,2022,Q1,0.21292096838452323,0.0035672642607071925,0.09193918073427332,-0.6379407965515194,-0.10378332459010764,0.06378317419564,0.22225573393626508,0.42733011288778133,-0.889185097715244,0.19361871402145225,0.17498138732360174,082740
