,name,sector,year,quarter,자본총계변화율,비유동자산변화율,이익잉여금변화율,Relative Return,전체 주주 수변화율,특정 증권 등 소유 증감 비율변화율,주식액면가액변화율,특정 증권 등 소유 비율변화율,발행금액변화율,보유 주식 수변화율,Label,Code
10,Hyundai_Elevator,기계·장비,2022,Q1,0.0246686200572529,-0.10896091955609122,0.08879133966086128,-0.1423720002150068,0.2999227252612148,-0.07679737121702335,0.042655134896750324,-0.0581908561882829,-0.003475521231847578,0.21349948109434558,0.008879406315251942,017800
10,Hanon_Systems,기계·장비,2022,Q1,0.06720238505273868,-0.012982599054410127,0.08405323768816209,-0.11608413348467626,0.012554422066822446,0.0,0.0,0.0,0.0,0.012554422066822113,-0.04323756290480252,018880
10,Doosan_Heavy_Industries,기계·장비,2022,Q1,-0.2497111043396889,-0.004416556044622766,0.08318550368323585,0.05200935828481919,0.18850582829151952,0.028394173628642716,0.08367896969106259,0.028394173628642716,0.06726883971104436,0.02595110806355394,0.03953291373446307,034020
10,Doosan_Infracore,기계·장비,2022,Q1,-0.04671185087791696,0.013070571421263777,-0.8605243961427484,-0.05099269360541857,0.43395661153217036,-0.15912810044947512,0.3167875816533344,-0.11616971645055019,0.12944714216751207,0.26377400599866274,0.015969341421412223,042670
10,Hanmi_Semiconductor,기계·장비,2022,Q1,0.034384740685454496,-0.011795024245350172,0.04260747606062887,0.23040750534611282,0.32667906774012956,0.417932556807611,-0.011247717211969821,-0.017019132127104708,0.1768397556167276,-0.01860986058916314,-0.007914307620612182,042700
10,Doosan_Engine,기계·장비,2022,Q1,0.21292096838452323,0.0035672642607071925,-0.6379407965515194,0.06378317419564,0.42733011288778133,-0.06833195986807405,0.2222557339362652,-0.05782326081642042,0.1219578698615068,0.11326360782449485,0.17498138732360174,082740
