,name,sector,year,quarter,자본총계변화율,비유동자산변화율,매출액변화율,이익잉여금변화율,유동부채변화율,Relative Return,주식액면가액변화율,전체 주주 수변화율,기초 소유 주식 수변화율,전체 주식 수변화율,Label,Code
9,Hyundai_Elevator,기계·장비,2022,Q2,-0.08885154486447511,0.03819230473347457,-0.005482679702280446,-0.34231434128123617,-0.034286159027768326,0.008879406315251942,-0.0319620767312645,-0.019508523879929296,-0.021176190183870736,0.00405350705203622,-0.13983712483063795,017800
9,Hanon_Systems,기계·장비,2022,Q2,0.06207249443219742,0.0020979817363038222,-0.08414516148946216,0.05561947983566695,-0.08992770335613454,-0.04323756290480252,0.0,0.0031525410582042834,0.0991269047971517,0.0031525410582046165,0.018635337699977966,018880
9,Doosan_Heavy_Industries,기계·장비,2022,Q2,0.01319349370690226,0.019372020096677933,-0.17210615823856146,1.53713729927401,0.012224365497921608,0.03953291373446307,-0.024811024236277568,-0.014713118182114515,-0.002221578986566053,-0.015029752014552367,0.08866670118627708,034020
9,Doosan_Infracore,기계·장비,2022,Q2,-0.03953834907863141,0.0036851086309164227,-0.10433877818856185,-0.07899948041558336,-0.012087985748703067,0.015969341421412223,-0.035265973253364,-0.08560364175482227,-0.09377077008585188,-0.08684527233202921,-0.01978318226360637,042670
9,Hanmi_Semiconductor,기계·장비,2022,Q2,-0.11404145132141252,-0.1451623572911216,-0.9364411352133091,-0.1425269131067297,-0.18891288243582904,-0.007914307620612182,-0.27131104523730376,-0.1111867089736649,-0.10982884132852067,-0.07202555754971973,0.0,042700
9,Doosan_Engine,기계·장비,2022,Q2,0.19193126280627826,-0.07746359153584859,-0.049118927372894916,-0.2751461330921112,-0.1551208457361435,0.17498138732360174,-0.11854403861500384,-0.16356334183510524,-0.0979645688127706,-0.16754287602206008,0.2806966157161916,082740
