,name,sector,year,quarter,자본총계변화율,비유동자산변화율,이익잉여금변화율,Relative Return,전체 주주 수변화율,특정 증권 등 소유 증감 비율변화율,주식액면가액변화율,특정 증권 등 소유 비율변화율,발행금액변화율,보유 주식 수변화율,Label,Code
3,Hyundai_Elevator,기계·장비,2023,Q4,0.03478243862803099,-0.016696202251050396,0.07821496320377797,0.14309704787907784,0.2201189689818852,3.6835510530525197,-0.014190174917155796,0.25625364867715517,-0.0021298695806186707,0.17240807131124458,-0.10513800888513254,017800
3,Hanon_Systems,기계·장비,2023,Q4,0.037938218572431515,-0.005075465810560065,0.05295300025234251,0.06373553216338404,-0.832296212156985,0.0,0.0,0.0,0.0,-0.8322962121569857,-0.33578266989168953,018880
3,Doosan_Heavy_Industries,기계·장비,2023,Q4,0.04782264234855327,0.013696663792455932,1.116004683184395,-0.057926001155623665,-0.3513373748296882,0.0,-0.0691117335521354,0.0,-0.04275440710071843,-0.5651581929009268,-0.13659580478788425,034020
3,Doosan_Infracore,기계·장비,2023,Q4,0.006637566059416566,-0.022848822857139517,0.027087669899817035,-0.07904700424920766,-0.17607373522760472,1.0067306074373212,0.23023437985920503,0.3419170243204577,-0.0673642203245699,-0.15411762248279226,-0.34290692483716745,042670
3,Hanmi_Semiconductor,기계·장비,2023,Q4,-0.08269667929981717,-0.10351178011007844,-0.09475065432878926,0.7733751202640705,-0.4590767174283148,1.982558139534884,0.3871263853927275,-0.0029264033801845724,-0.2925839549397413,-0.1730537547668738,0.08606841389836627,042700
3,Doosan_Engine,기계·장비,2023,Q4,0.006471762712566109,0.04295393030643713,-0.05151163206182274,-0.09266033761517123,-0.0918426201225413,-0.0890945584979419,0.3322865804802764,-0.10153546664085411,0.75634445127598,-0.1789198984190581,0.0028319797898391508,082740
