,name,sector,year,quarter,자본총계변화율,비유동자산변화율,매출액변화율,이익잉여금변화율,유동부채변화율,Relative Return,주식액면가액변화율,전체 주주 수변화율,기초 소유 주식 수변화율,전체 주식 수변화율,Label,Code
6,Hyundai_Elevator,기계·장비,2023,Q1,-0.15703048140924425,0.007750092567885503,0.05401010030316533,-0.49650372841262747,0.03836588578542044,0.23250489217926093,-0.08507590896445305,0.23089274969578677,0.10306857060042451,0.13753684957301304,0.0187120463551555,017800
6,Hanon_Systems,기계·장비,2023,Q1,0.05606587924919848,0.0038026156334756145,-0.0029007650049546196,0.068181225885794,0.02549472466193059,-0.04808095599194632,0.0,0.012352092606393361,0.1892603642973678,0.012352092606393361,-0.02215312498036348,018880
6,Doosan_Heavy_Industries,기계·장비,2023,Q1,-0.011532283808526778,-0.019284018520713042,0.13308532122033156,1.1514022954864718,-0.08880780682258971,0.037851289106897085,0.09411060110917502,0.3683084671134994,0.2854208885646745,0.3378378566566901,-0.006206150052858697,034020
6,Doosan_Infracore,기계·장비,2023,Q1,-0.1825732691900308,0.004760914174742559,-0.0981146189222264,-0.2748562395719796,0.045731355888894876,0.7529682729837306,0.064216558204233,0.14630291509249393,0.3741949763970037,0.16362963126269015,-0.15228392715654127,042670
6,Hanmi_Semiconductor,기계·장비,2023,Q1,-0.3077827221030509,-0.7634980613626727,0.565008006919415,-0.37147496783284284,-0.416887989301584,0.01909280459498792,0.011034295255414217,0.038452541022121145,-0.8313252381931959,0.33759637330773107,0.6927540537304963,042700
6,Doosan_Engine,기계·장비,2023,Q1,-0.025111290852468438,-0.035100837342668,0.11051449525862511,0.03784136368808755,-0.06995036735513227,-0.008791057528004636,0.04415973171677401,0.24489398579361454,-0.1835309919846273,0.34436239604815155,-0.10346443366446177,082740
