,name,sector,year,quarter,자본총계변화율,비유동자산변화율,이익잉여금변화율,Relative Return,전체 주주 수변화율,특정 증권 등 소유 증감 비율변화율,주식액면가액변화율,특정 증권 등 소유 비율변화율,발행금액변화율,보유 주식 수변화율,Label,Code
4,Hyundai_Elevator,기계·장비,2023,Q3,0.009320098111323838,-0.021111727725169338,-0.03247084018688495,0.23207569225268349,-0.036430827077025274,1.451058201058201,-0.03859686817063035,0.17012987012987002,-0.04038886403229314,-0.036419267627527674,0.14309704787907784,017800
4,Hanon_Systems,기계·장비,2023,Q3,0.02788331933682664,0.009375611261308703,0.04688694770660695,0.007232321839692794,0.011635527832708159,0.0,0.0,0.0,0.0,0.011635527832708159,0.06373553216338404,018880
4,Doosan_Heavy_Industries,기계·장비,2023,Q3,0.004329754925813223,0.00016859910538524758,0.14702885447489666,0.01834021764764364,0.006226664645576974,0.0,0.025398141768820826,0.0,0.027441820680410567,0.005954629115361598,-0.057926001155623665,034020
4,Doosan_Infracore,기계·장비,2023,Q3,-0.03481422267762424,-0.00014923076909445498,-0.054162848573296785,0.5238517202491838,0.022257303270969198,0.30924034869240336,-0.0033816223632416875,-0.018940792276018525,0.005819676511541028,-0.008696194331151208,-0.07904700424920766,042670
4,Hanmi_Semiconductor,기계·장비,2023,Q3,-0.030624813718492794,-0.08832969134773272,-0.03526646037233405,0.3764677257956604,-0.012686818387702026,1.9715406726941316,0.006269199016002425,-0.25534530303394565,0.05235327904685594,-0.042854849646306814,0.7733751202640705,042700
4,Doosan_Engine,기계·장비,2023,Q3,0.007592040804684674,-0.05223383954459626,-0.02007341208721436,0.2858768618433267,-0.10447765885637872,-0.07943776907609434,-0.10894957794515348,-0.08026103799908602,-0.13574922210201734,-0.08860785634419588,-0.09266033761517123,082740
