,name,sector,year,quarter,자본총계변화율,비유동자산변화율,매출액변화율,이익잉여금변화율,유동부채변화율,Relative Return,주식액면가액변화율,전체 주주 수변화율,기초 소유 주식 수변화율,전체 주식 수변화율,Label,Code
3,Hyundai_Elevator,기계·장비,2023,Q4,0.03478243862803099,-0.016696202251050396,0.02715980901567705,0.07821496320377797,-0.10535593970121027,0.14309704787907784,-0.014190174917155796,0.22011896898188543,0.014283385714722652,-0.0896624498507721,-0.10513800888513254,017800
3,Hanon_Systems,기계·장비,2023,Q4,0.037938218572431515,-0.005075465810560065,-0.035474150524177794,0.05295300025234251,-0.004587119380582427,0.06373553216338404,0.0,-0.832296212156985,0.21297646532046954,-0.832296212156985,-0.33578266989168953,018880
3,Doosan_Heavy_Industries,기계·장비,2023,Q4,0.04782264234855327,0.013696663792455932,-0.40953950082258905,1.116004683184395,-0.07890837758324154,-0.057926001155623665,-0.0691117335521354,-0.3513373748296882,-0.6618033060317681,-0.4977207010980702,-0.13659580478788425,034020
3,Doosan_Infracore,기계·장비,2023,Q4,0.006637566059416566,-0.022848822857139517,0.17453287380174642,0.027087669899817035,0.06411873125898082,-0.07904700424920766,0.23023437985920503,-0.17607373522760472,-0.5477175251675555,-0.23385205481526916,-0.34290692483716745,042670
3,Hanmi_Semiconductor,기계·장비,2023,Q4,-0.08269667929981717,-0.10351178011007844,-0.681147007689809,-0.09475065432878926,-1.4451384207644487,0.7733751202640705,0.38712638539272615,-0.4590767174283148,-0.4604521802047947,-0.2848002978776918,0.08606841389836627,042700
3,Doosan_Engine,기계·장비,2023,Q4,0.006471762712566109,0.04295393030643713,-0.4834731746939793,-0.05151163206182274,-0.011113029902328986,-0.09266033761517123,0.3322865804802764,-0.0918426201225413,-0.1779462646435377,-0.3001579788613764,0.0028319797898391508,082740
