,name,sector,year,quarter,자본총계변화율,비유동자산변화율,매출액변화율,이익잉여금변화율,유동부채변화율,Relative Return,주식액면가액변화율,전체 주주 수변화율,기초 소유 주식 수변화율,전체 주식 수변화율,Label,Code
1,Hyundai_Elevator,기계·장비,2024,Q2,-0.03838079129395333,-0.06495072518847045,-0.08882455401253919,-0.09705861081592415,0.08941199957267498,-0.12022291732393092,0.05849814292726674,0.04678488996934016,0.03541343832922794,0.04008756513216649,0.04177189578636729,017800
1,Hanon_Systems,기계·장비,2024,Q2,-0.01323734752066752,-0.0007040876165964605,-0.07770285743633432,0.023360579042396412,-0.22663439181723644,-0.24363413417197227,0.0,-0.022853734250910307,0.04471982630425164,-0.022853734250910085,-0.21650213492955497,018880
1,Doosan_Heavy_Industries,기계·장비,2024,Q2,-0.020015771723288278,-0.006114131080935614,-0.08803787097707194,-0.6368353053418792,0.033487652868849915,0.031956948333023684,0.014199173605304982,0.0006184191725077115,-0.005699036938376478,-5.853020397239561e-05,0.1423290057679901,034020
1,Doosan_Infracore,기계·장비,2024,Q2,-0.0037275646243526417,0.0020052128817958925,0.10793187990608188,-0.035048841467313574,-0.09093330207251049,-0.014161550587814577,-0.0007024342638988212,0.013452780235366335,0.00422368999325784,0.013513804635066573,-0.10947712397746684,042670
1,Hanmi_Semiconductor,기계·장비,2024,Q2,0.060178383823695114,0.12312141403799282,-0.5898002990093718,0.05444577428475594,-0.3215903948720724,1.1158748713323203,-0.30712083521419276,0.10979610166246934,0.13396640629663692,0.011139329000737885,0.26802149884628473,042700
1,Doosan_Engine,기계·장비,2024,Q2,-0.03913118259721382,-0.04119930923326365,0.02345152482578039,0.10490481683922936,0.12680185990778758,-0.06412724622467045,0.06599237402347413,0.0672224835155748,0.02653917159177499,0.05623075473881334,0.5748091500959981,082740
