,Feature,Importance
2,F_자산총계 변화율,0.24471768575903588
4,F_영업이익 변화율,0.24317443477788167
0,F_유동자산 변화율,0.18649179622287282
1,M_실업률 변화율,0.1306790094463579
5,M_금리 변화율,0.11032140224055967
3,P_기초 소유 주식 수 변화율,0.08461567155329203
