,Feature,Average_Importance
1,F_부채총계 변화율,0.2854113977892911
3,F_영업이익 변화율,0.22761336074029181
4,F_유동부채 변화율,0.22448606758012316
2,F_비유동부채 변화율,0.21707785816919611
6,F_이익잉여금 변화율,0.2167547495701284
