,Feature,Importance
0,F_당기순이익 변화율,0.7183134632870368
1,M_금리 변화율,0.07047543100532215
2,M_국제유가 변화율,0.04910473845694587
3,M_실업률 변화율,0.047537375491984134
4,M_소비자물가지수 변화율,0.04112885620039536
5,M_환율 변화율,0.04005149324077031
