,Feature,Importance
0,M_국제유가 변화율,0.2089234944903611
1,F_이익잉여금 변화율,0.18672246512476243
2,F_자본총계 변화율,0.1593373332767905
3,F_자산총계 변화율,0.1570590261267865
4,F_영업이익 변화율,0.1485494271012062
5,F_유동부채 변화율,0.13940825388009329
