,Feature,Importance
3,F_이익잉여금 변화율,0.229764182427412
0,F_영업이익 변화율,0.18932915322028535
5,F_유동부채 변화율,0.17936873016230354
2,F_법인세차감전 순이익 변화율,0.1690089826015479
1,M_금리 변화율,0.12698224724982607
4,M_실업률 변화율,0.10554670433862522
