,Feature,Importance
0,F_당기순이익 변화율,0.7169259112204085
1,M_금리 변화율,0.10840789604125634
2,M_국제유가 변화율,0.09208084496918932
3,M_실업률 변화율,0.08258534776914599
