Variable,VIF
const,1.0904273344921154
F_당기순이익 변화율,1.0034657361603105
M_소비자물가지수 변화율,1.3871835355094113
M_환율 변화율,18.836656102152414
M_금리 변화율,3.196373657681313
M_수출액 변화율,17.74686609512584
M_실업률 변화율,5.005274377111492
M_국제유가 변화율,3.9867503646366718
