Variable,VIF
const,1.0870853163687701
F_당기순이익 변화율,1.0033190421917844
M_소비자물가지수 변화율,1.3026743491920851
M_금리 변화율,3.1149672433564604
M_수출액 변화율,6.378165377545115
M_실업률 변화율,2.828310173387654
M_국제유가 변화율,3.591549450690238
