,name,sector,year,quarter,자본총계변화율,매출액변화율,이익잉여금변화율,Relative Return,전체 주식 수변화율,보유 주식 수변화율,1인평균급여변화율,기초 소유 주식 수변화율,기초 소유주식 지분율변화율,기말 소유주식 수변화율,Label,Code
32,Moorim_P&P,종이·목재,2016,Q3,-0.007108860146465723,0.015928348096325262,-0.02908461482021818,-0.1558455964847581,0.026944009558305004,0.019870303676860823,0.023342103615859755,0.018833179921512455,0.018833985605427483,0.018897426310997445,-0.06690878411812443,009580
