,name,sector,year,quarter,자본총계변화율,매출액변화율,이익잉여금변화율,Relative Return,전체 주식 수변화율,보유 주식 수변화율,1인평균급여변화율,기초 소유 주식 수변화율,기초 소유주식 지분율변화율,기말 소유주식 수변화율,Label,Code
33,Moorim_P&P,종이·목재,2016,Q2,0.004788370020543775,0.09930679049453595,0.009894413496836174,-0.034556145901737216,0.003925967803753316,0.0045152535972176056,0.005549251036812586,0.009507273246135983,0.009505691908620606,0.010903943338366862,-0.1558455964847581,009580
