,name,sector,year,quarter,자본총계변화율,매출액변화율,이익잉여금변화율,Relative Return,전체 주식 수변화율,보유 주식 수변화율,1인평균급여변화율,기초 소유 주식 수변화율,기초 소유주식 지분율변화율,기말 소유주식 수변화율,Label,Code
30,Moorim_P&P,종이·목재,2017,Q1,-0.005368442109976446,0.03343509683289869,-0.011110489401291668,-0.011706659126910138,0.015940823904732504,0.1625074612455969,-0.033698092287065995,0.15718608734897843,0.15715579149086112,0.1553920395995393,-0.062044770337628646,009580
