,name,sector,year,quarter,자본총계변화율,매출액변화율,이익잉여금변화율,유동자산변화율,비유동자산변화율,Relative Return,전체 주식 수변화율,보유 주식 수변화율,1인평균급여변화율,기초 소유주식 지분율변화율,Label,Code
24,Moorim_P&P,종이·목재,2018,Q3,-0.03746002430235529,-0.012588579032224434,-0.07021719533711268,-0.08652101271867685,0.0059034272000761945,0.3801412155000322,-0.01789009002562092,-0.01638351922208714,-0.02090211071810688,-0.01596907687739524,0.2150062147617598,009580
