,name,sector,year,quarter,자본총계변화율,매출액변화율,이익잉여금변화율,Relative Return,전체 주식 수변화율,보유 주식 수변화율,1인평균급여변화율,기초 소유 주식 수변화율,기초 소유주식 지분율변화율,기말 소유주식 수변화율,Label,Code
24,Moorim_P&P,종이·목재,2018,Q3,-0.03746002430235529,-0.012588579032224434,-0.07021719533711268,0.3801412155000322,-0.01789009002562092,-0.01638351922208714,-0.02090211071810688,-0.015968928380076575,-0.01596907687739524,-0.01575709224037869,0.2150062147617598,009580
