,name,sector,year,quarter,자본총계변화율,매출액변화율,이익잉여금변화율,Relative Return,전체 주식 수변화율,보유 주식 수변화율,1인평균급여변화율,기초 소유 주식 수변화율,기초 소유주식 지분율변화율,기말 소유주식 수변화율,Label,Code
22,Moorim_P&P,종이·목재,2019,Q1,0.0042846675490477715,0.06662693537494901,0.007722278437459984,-0.29163512329156505,0.015792122691096866,0.03020477889893669,0.19212171412988355,0.08711305094714139,0.0870808111848328,0.08076477184512432,-0.11564707763332766,009580
