,name,sector,year,quarter,Relative Return,자본총계 변화율,매출액 변화율,전체 주주 수 변화율,수출액 변화율,전체 주식 수 변화율,1인평균급여 변화율,보유 주식 수 변화율,발행금액 변화율,기말 소유주식 수 변화율,Label,Code
21,Moorim_P&P,종이·목재,2019,Q2,-0.11564707763332766,-0.02055256026864516,-0.017070414732215378,-0.058790062558066625,-0.05879535921869561,-0.05879006255806685,-0.058790062558066625,-0.058790062558066625,-0.058790062558066625,-0.058790062558066625,-0.10281839576601906,009580
