,name,sector,year,quarter,자본총계변화율,매출액변화율,이익잉여금변화율,Relative Return,전체 주식 수변화율,보유 주식 수변화율,1인평균급여변화율,기초 소유 주식 수변화율,기초 소유주식 지분율변화율,기말 소유주식 수변화율,Label,Code
20,Moorim_P&P,종이·목재,2019,Q3,-0.0055684609186268386,0.09729627817080866,-0.009909477493208696,-0.10281839576601906,0.02959229894620896,0.02048699936970333,0.027036775971188254,0.022800407038609083,0.022800495005266153,0.023892641754802213,-0.11589693837404785,009580
