,name,sector,year,quarter,자본총계변화율,매출액변화율,이익잉여금변화율,유동자산변화율,비유동자산변화율,Relative Return,전체 주식 수변화율,보유 주식 수변화율,1인평균급여변화율,기초 소유주식 지분율변화율,Label,Code
18,Moorim_P&P,종이·목재,2020,Q1,0.011696366992378082,0.028843876156450454,0.021366186070879145,-0.014411034717478843,0.009057538668184484,-0.12813972585583677,0.004059697730710132,0.12706852429645565,0.1020140174954185,0.11037824435800259,-0.11386571211174354,009580
