,name,sector,year,quarter,자본총계변화율,매출액변화율,이익잉여금변화율,Relative Return,전체 주식 수변화율,보유 주식 수변화율,1인평균급여변화율,기초 소유 주식 수변화율,기초 소유주식 지분율변화율,기말 소유주식 수변화율,Label,Code
16,Moorim_P&P,종이·목재,2020,Q3,0.01432400636539699,0.146889577214406,0.026346046803052414,-0.206082057563306,-0.001797953489717452,-0.0013302797840757385,0.0015428732043455406,0.003980746394821932,0.003979247742957437,0.0054414054185238925,-0.040049875161143174,009580
