,name,sector,year,quarter,자본총계변화율,매출액변화율,이익잉여금변화율,Relative Return,전체 주식 수변화율,보유 주식 수변화율,1인평균급여변화율,기초 소유 주식 수변화율,기초 소유주식 지분율변화율,기말 소유주식 수변화율,Label,Code
14,Moorim_P&P,종이·목재,2021,Q1,0.020743185951311638,-0.11171934271154393,0.03939946494927282,-0.09320646742017116,0.2040044408085825,0.10699430551613087,0.06945036121626968,0.09530690700200217,0.09532358490292481,0.09577329538043677,0.3013253065380018,009580
