,name,sector,year,quarter,자본총계변화율,매출액변화율,이익잉여금변화율,Relative Return,전체 주식 수변화율,보유 주식 수변화율,1인평균급여변화율,기초 소유 주식 수변화율,기초 소유주식 지분율변화율,기말 소유주식 수변화율,Label,Code
6,Moorim_P&P,종이·목재,2023,Q1,0.00208634450953904,0.07060981205126293,0.0037924361763430614,-0.050276564774381444,0.16087238273333548,0.07761520785678544,0.18436280636792257,0.05543418626439711,0.055451869030333056,0.05234009713402854,-0.23054422571627511,009580
