,name,sector,year,quarter,자본총계변화율,매출액변화율,이익잉여금변화율,유동자산변화율,비유동자산변화율,Relative Return,전체 주식 수변화율,보유 주식 수변화율,1인평균급여변화율,기초 소유주식 지분율변화율,Label,Code
3,Moorim_P&P,종이·목재,2023,Q4,0.018480163597792365,-0.0747652970326762,0.034429825204185804,0.028420254450289062,-0.04607476929783805,-0.09876446783661597,-0.13607968906519052,-0.0317301011665958,-0.0941073816990119,-0.015794486872503954,-0.10011388008277232,009580
