,name,sector,year,quarter,자본총계변화율,매출액변화율,이익잉여금변화율,유동자산변화율,비유동자산변화율,Relative Return,전체 주식 수변화율,보유 주식 수변화율,1인평균급여변화율,기초 소유주식 지분율변화율,Label,Code
0,Moorim_P&P,종이·목재,2024,Q3,-0.010650253155898293,-0.04849812318387792,-0.019936310455429096,0.038653611854443604,-0.022955162046520705,0.008882928263790016,-0.007750392961394015,-0.01066247881513549,-0.006543495528500198,-0.011045194864093721,0.008882928263790016,009580
