,name,sector,year,quarter,자본총계변화율,매출액변화율,이익잉여금변화율,Relative Return,전체 주식 수변화율,보유 주식 수변화율,1인평균급여변화율,기초 소유 주식 수변화율,기초 소유주식 지분율변화율,기말 소유주식 수변화율,Label,Code
1,Moorim_P&P,종이·목재,2024,Q2,-0.021379631126877463,-0.0527640141580481,-0.040780937108098714,-0.07945308678393363,-0.046075359367993896,-0.04031280442636298,-0.04533911166150717,-0.04077564039373249,-0.04077584676978607,-0.04112743132032359,0.008882928263790016,009580
