,name,sector,year,quarter,자산총계변화율,자본총계변화율,비유동자산변화율,전체 주주 수변화율,전체 주식 수변화율,Relative Return,특정 증권 등 소유 수변화율,기초 소유 주식 수변화율,증자주식수변화율,주식액면가액변화율,Label,Code
32,Samsung_SDS,IT 서비스,2016,Q4,-0.018705905541932744,-0.023503623530058748,-0.03477549535572089,-0.018493040314996545,-0.018418680013049915,0.022019523346768405,-0.021934294613706884,-0.5408323584498331,-0.9182542026365645,-0.918254202636563,-0.09313191975305,018260
31,NAVER_Corp,IT 서비스,2016,Q4,-0.001854857757588979,0.04785011407438111,-0.006415577372424153,-0.004462065883598543,0.0004963429369164718,0.18728549726476207,0.0022568832268814454,0.17704589395725656,0.3589913197886403,-1.252241927403015,-0.12422382193239259,035420
31,NCSOFT,IT 서비스,2016,Q4,-0.054089347123121634,-0.07794980967291876,0.033002235800522195,-0.04100734694888053,-0.04436755100844825,0.18784250233127525,-0.00981640816205509,-2.500583707609713,0.28929878509120033,-0.6249411446602242,-0.17416751070225092,036570
