,name,sector,year,quarter,자산총계변화율,자본총계변화율,비유동자산변화율,전체 주주 수변화율,전체 주식 수변화율,Relative Return,특정 증권 등 소유 수변화율,기초 소유 주식 수변화율,증자주식수변화율,주식액면가액변화율,Label,Code
35,Samsung_SDS,IT 서비스,2016,Q1,0.029511231426023854,-0.011807674521447264,0.04191336826977432,-0.006033918315386133,-0.0008864535962125331,0.0,-0.015203188637527898,0.4284652606874346,0.4859373668640563,0.48593736686405586,-0.33296884431443563,018260
34,NAVER_Corp,IT 서비스,2016,Q1,-0.03791255100552271,-0.040063040155844165,-0.02222466394847289,-0.09531074908533621,-0.02197864502312208,0.0,-0.006924830977089291,-0.13859185313853128,-0.3288219337202942,0.598842179322,-0.047400691011111565,035420
34,NCSOFT,IT 서비스,2016,Q1,-0.015366468307579595,0.08109973326062181,-0.06410064805983007,-0.08316397592431723,-0.08142932622253851,0.0,-0.07918883144049182,0.5030954089767521,0.8156519864348749,0.42051356269152085,0.16272755631154245,036570
