,name,sector,year,quarter,자산총계변화율,비유동자산변화율,비유동부채변화율,유동자산변화율,부채총계변화율,전체 주주 수변화율,전체 주식 수변화율,발행할 주식 총수변화율,1인평균급여변화율,자기주식수변화율,Label,Code
34,Samsung_SDS,IT 서비스,2016,Q2,0.00022765225758891727,0.030483586514598482,-0.1721170143193842,-0.027358719231360462,0.054350919020820454,-0.003926053319260658,-0.0051016253016138435,-0.008864971975959035,-0.003240369025992784,-0.009155063545167375,-0.18336138753142145,018260
33,NAVER_Corp,IT 서비스,2016,Q2,-0.05971121944017033,-0.06178042716508392,-0.019842400758606216,-0.057951607656736126,-0.024124344948479592,-0.05869245742500939,-0.06368913584289548,-0.057966929907374176,-0.05823432200505274,-0.06555311767589478,0.10667592256749617,035420
33,NCSOFT,IT 서비스,2016,Q2,0.004535590560093339,0.04967955079243325,-0.032901021198949554,-0.05964258095631836,0.19489449268795778,-0.015641561493774603,-0.016586912179364477,-0.03385120839809019,-0.02660942145673273,-0.02300567070849291,-0.0631293813802497,036570
