,name,sector,year,quarter,자산총계변화율,비유동자산변화율,비유동부채변화율,유동자산변화율,부채총계변화율,전체 주주 수변화율,전체 주식 수변화율,발행할 주식 총수변화율,1인평균급여변화율,자기주식수변화율,Label,Code
30,Samsung_SDS,IT 서비스,2017,Q2,-0.03912749533453286,0.005423801705181974,-0.5256860324216679,-0.07608561448346851,-0.16345631745831835,-0.03416580744810194,-0.03527902126847482,-0.03880102049096057,-0.03383256692103376,-0.04207381934586896,0.2642909936443389,018260
29,NAVER_Corp,IT 서비스,2017,Q2,-0.16309527016843117,-0.3862117241147147,0.021467036266891615,0.01658012719437829,-0.0037730879264272765,-0.25547142292815805,-0.23889499025157757,-0.030777470925285044,-0.07737375533800472,-0.14534285496577293,-0.12733451913570076,035420
29,NCSOFT,IT 서비스,2017,Q2,-0.17636033349174252,-0.30593702687207935,-0.5857933831479336,-0.0042484844217620665,-0.03822968085964251,-0.12171668806323321,-0.11419179196794893,-0.24448496996840552,-0.12232805061257945,-0.04015710938384198,0.12669012321184275,036570
