,name,sector,year,quarter,자산총계변화율,비유동자산변화율,비유동부채변화율,유동자산변화율,부채총계변화율,전체 주주 수변화율,전체 주식 수변화율,발행할 주식 총수변화율,1인평균급여변화율,자기주식수변화율,Label,Code
28,Samsung_SDS,IT 서비스,2017,Q4,-0.022841686024634322,0.009762719585531099,0.5499494521467453,-0.046900761034644134,0.018923392320884802,-0.025839893670758007,-0.027174686065330356,-0.31900673384407763,-0.23519761842123477,-0.28589820815949385,0.16573262564697833,018260
27,NAVER_Corp,IT 서비스,2017,Q4,-0.07032016926613194,0.005163777138484815,0.48065726047233814,-0.1611955064522974,-0.10308284106135113,-0.02714745681392361,-0.02118982038517303,-0.47065838866169596,-0.4200899574578032,0.38912301232199886,0.15392907392637895,035420
27,NCSOFT,IT 서비스,2017,Q4,-0.10934398210549956,-0.13454223644000574,-0.2328798610447229,-0.08350560013703712,-0.1948349989264646,-0.10961153462170903,-0.10911258679107472,-0.08891551244333074,-0.05572362153711663,0.14194458946782373,-0.048372371190466355,036570
