,name,sector,year,quarter,자산총계변화율,자본총계변화율,비유동자산변화율,전체 주주 수변화율,전체 주식 수변화율,Relative Return,특정 증권 등 소유 수변화율,기초 소유 주식 수변화율,증자주식수변화율,주식액면가액변화율,Label,Code
27,Samsung_SDS,IT 서비스,2018,Q1,-0.010903697937244106,0.009322027210367234,0.021996037740237173,-0.004599335112592362,-0.005134550507333024,0.16573262564697833,0.006802643393772789,0.3127128734612846,0.41536879645914326,0.41536879645914293,0.3116387038344642,018260
26,NAVER_Corp,IT 서비스,2018,Q1,-0.02653355827728565,0.0015687914974150674,-0.12259193953215197,-0.06988393749222843,-0.07325606862796419,0.15392907392637895,-0.031963473742481874,-0.8372030999850719,-1.2540329590334984,0.48890435811073074,-0.05655933052554205,035420
26,NCSOFT,IT 서비스,2018,Q1,0.011953269625213592,0.03751008168883552,0.09982117824381476,0.01575465828783329,0.011140636189758912,-0.048372371190466355,0.08370221323346749,0.6156869375529463,-0.6736631765182797,0.12327913893154818,-0.028361296165535864,036570
