,name,sector,year,quarter,자산총계변화율,비유동자산변화율,비유동부채변화율,유동자산변화율,부채총계변화율,전체 주주 수변화율,전체 주식 수변화율,발행할 주식 총수변화율,1인평균급여변화율,자기주식수변화율,Label,Code
25,Samsung_SDS,IT 서비스,2018,Q3,-0.03655348051321328,-0.011596615380832676,-0.2981444219244167,-0.05282389994515313,-0.08140005242694981,-0.03670472248424539,-0.036952660911809154,-0.03960434328907492,-0.03423956110698545,-0.02854161219238427,0.14747273631913801,018260
24,NAVER_Corp,IT 서비스,2018,Q3,-0.10143634730507878,-0.46787323893241073,-0.0335247438595645,0.376614223009079,-0.26230561447630074,-0.2826021673166299,-0.2503747099881639,0.11821033941514991,0.02154776930710922,-0.11565750494690907,-0.0686999089455923,035420
24,NCSOFT,IT 서비스,2018,Q3,0.0923127779260321,0.13203037871476742,0.29057521142385934,0.05221869945732027,0.16182335655870472,0.03870702551483096,0.03750847973589411,0.12907620513904594,0.05659420871458576,0.006745754228429823,0.18968501937667637,036570
