,name,sector,year,quarter,자산총계변화율,비유동자산변화율,비유동부채변화율,유동자산변화율,부채총계변화율,전체 주주 수변화율,전체 주식 수변화율,발행할 주식 총수변화율,1인평균급여변화율,자기주식수변화율,Label,Code
27,Samsung_SDS,IT 서비스,2018,Q1,-0.010903697937244106,0.021996037740237173,-0.03993475931622048,-0.03386670739861719,-0.12889793753015732,-0.004599335112592362,-0.005134550507333024,0.21207240579680697,0.16724016037975742,0.19365819199857415,0.3116387038344642,018260
26,NAVER_Corp,IT 서비스,2018,Q1,-0.02653355827728565,-0.12259193953215197,-0.04668255984760994,0.07254346383809684,-0.10502216423533772,-0.06988393749222843,-0.07325606862796419,0.25379716781014716,0.2274551541053933,-0.8011488781098433,-0.05655933052554205,035420
26,NCSOFT,IT 서비스,2018,Q1,0.011953269625213592,0.09982117824381476,0.5792999627608157,-0.08239081100687073,-0.1925617447537742,0.01575465828783329,0.011140636189758801,0.1556831312571989,-0.0023120832084846388,-0.38148591923412356,-0.028361296165535864,036570
