,name,sector,year,quarter,자산총계변화율,자본총계변화율,비유동자산변화율,전체 주주 수변화율,전체 주식 수변화율,Relative Return,특정 증권 등 소유 수변화율,기초 소유 주식 수변화율,증자주식수변화율,주식액면가액변화율,Label,Code
23,Samsung_SDS,IT 서비스,2019,Q1,-0.044912654874621705,0.00590696041821237,-0.10402229325083101,-0.028830711428309064,-0.025713914198343346,0.010532364393164032,-0.06384046070875082,0.16046691707960448,-0.0035460378669924797,-0.0035460378669927017,0.09648385946551702,018260
22,NAVER_Corp,IT 서비스,2019,Q1,-0.0725583190554362,-0.03163542255715046,-0.06294687155673429,-0.0723142629145741,-0.04433849116607602,-0.02038332392994724,-0.05936726554317362,0.5018897579029971,0.6082173869672013,-0.5667757005756553,-0.02506421551936506,035420
22,NCSOFT,IT 서비스,2019,Q1,-0.11455230586787724,-0.07609308000083015,-0.09458262124412853,-0.08920151153579292,-0.09332443753352537,0.17953662630715087,-0.0408911257807032,-1.5404443223382684,-0.3410489211307084,0.18770573704890559,0.017957250733337128,036570
