,name,sector,year,quarter,자산총계변화율,자본총계변화율,비유동자산변화율,전체 주주 수변화율,전체 주식 수변화율,Relative Return,특정 증권 등 소유 수변화율,기초 소유 주식 수변화율,증자주식수변화율,주식액면가액변화율,Label,Code
16,Samsung_SDS,IT 서비스,2020,Q4,-0.01901071007266042,-0.013801307158128884,-0.0021462724819958368,-0.04513719353166379,-0.30717939859170884,-0.09890643079189235,-0.013894520041207947,-0.08368530278247022,-0.025288058467495045,-0.0252880584674946,-0.21637727915322452,018260
15,NAVER_Corp,IT 서비스,2020,Q4,-0.14352738029733736,-0.12676190265851472,-0.3042997710709152,-0.1448497269276574,-0.9155523200706452,0.005106819995551987,-0.13837554934441165,-0.6284092116768007,-0.8270898615182194,0.47221923292551016,-0.2740003283729124,035420
15,NCSOFT,IT 서비스,2020,Q4,0.021878373356159386,0.012683629509971706,0.04945279107277356,0.0013936307216296795,0.00016123585466154555,-0.20144840779861387,0.006963847577807991,0.6916174029170081,0.08393642749352714,0.03699327564947785,-0.10781088963445404,036570
