,name,sector,year,quarter,자산총계변화율,비유동자산변화율,비유동부채변화율,유동자산변화율,부채총계변화율,전체 주주 수변화율,전체 주식 수변화율,발행할 주식 총수변화율,1인평균급여변화율,자기주식수변화율,Label,Code
16,Samsung_SDS,IT 서비스,2020,Q4,-0.01901071007266042,-0.0021462724819958368,-0.03515577126428027,-0.02973352594597256,-0.048943496446541834,-0.04513719353166379,-0.30717939859170884,-0.11647505222864929,-0.00433625462859677,-0.1139235934866778,-0.21637727915322452,018260
15,NAVER_Corp,IT 서비스,2020,Q4,-0.14352738029733736,-0.3042997710709152,-0.17931106171219402,0.4316568431362644,-0.2285468617466817,-0.14484972692765719,-0.9155523200706455,-0.11006740477676114,-0.22603254270204576,-0.4497095685663306,-0.2740003283729124,035420
15,NCSOFT,IT 서비스,2020,Q4,0.021878373356159386,0.04945279107277356,0.1760384997578216,0.0008429514239188807,0.04982022317614976,0.0013936307216296795,0.0001612358546617676,-0.04956145510334786,-0.12484969196001638,-0.06286009460138686,-0.10781088963445404,036570
