,name,sector,year,quarter,자산총계변화율,비유동자산변화율,비유동부채변화율,유동자산변화율,부채총계변화율,전체 주주 수변화율,전체 주식 수변화율,발행할 주식 총수변화율,1인평균급여변화율,자기주식수변화율,Label,Code
13,Samsung_SDS,IT 서비스,2021,Q3,-0.006280779864990205,-0.003112365868906064,0.024144616391876705,-0.00825504946318878,0.04386107820724927,-0.010347391216961377,-0.010616022909044398,-0.011255415825027981,-0.010244449022680291,-0.010717646336821485,-0.04418348527349884,018260
12,NAVER_Corp,IT 서비스,2021,Q3,-0.05058060610826054,-0.07831780652241926,-0.023419350424098928,0.12784814092550822,-0.04191413625746354,-0.06386631809551924,-0.07100567084668241,-0.019706338207312157,-0.03907999823407082,-0.07287767453130867,0.014127480611279636,035420
12,NCSOFT,IT 서비스,2021,Q3,-0.08343652263672485,-0.015005768478024484,-0.7529006812101067,-0.15208645375356955,-0.41145813024991695,-0.08224600855903064,-0.08788356424509902,0.004846938517047317,-0.0740679541611764,-0.10727655084198018,-0.18052554212472427,036570
