,name,sector,year,quarter,자산총계변화율,자본총계변화율,비유동자산변화율,전체 주주 수변화율,전체 주식 수변화율,Relative Return,특정 증권 등 소유 수변화율,기초 소유 주식 수변화율,증자주식수변화율,주식액면가액변화율,Label,Code
14,Samsung_SDS,IT 서비스,2021,Q2,0.0014078718536177925,-0.016485541388128633,-0.024275868465569506,-0.004807363764008921,-0.004350235860691276,0.015434341406042648,-0.01349634870388372,0.0006796090818430578,-0.0007646146962889677,-0.0007646146962891898,-0.09632698669243511,018260
13,NAVER_Corp,IT 서비스,2021,Q2,-0.06728673522872541,-0.07854139984195863,-0.14597046028248495,-0.11606260399231139,-0.11505135854640924,0.22773921793564778,-0.07972970455306627,-0.09020831656567552,-0.0911189503287666,0.3843274913807192,0.059454488394569356,035420
13,NCSOFT,IT 서비스,2021,Q2,0.04296190324089122,-0.0006005234605093168,-0.06386839909381492,0.024988561296825917,0.030422903753810182,-0.14565554444851758,-0.0546010931103309,-0.19702804575152433,-0.14847457954434473,-0.01996210939904608,-0.12584566579723958,036570
