,name,sector,year,quarter,자산총계변화율,비유동자산변화율,비유동부채변화율,유동자산변화율,부채총계변화율,전체 주주 수변화율,전체 주식 수변화율,발행할 주식 총수변화율,1인평균급여변화율,자기주식수변화율,Label,Code
14,Samsung_SDS,IT 서비스,2021,Q2,0.0014078718536177925,-0.024275868465569506,0.015313970411184208,0.016770334412285925,0.07858920197036767,-0.004807363764008921,-0.004350235860691276,-0.0027213805915877742,-0.005054389415438232,-0.0011221646548711384,-0.09632698669243511,018260
13,NAVER_Corp,IT 서비스,2021,Q2,-0.06728673522872541,-0.14597046028248495,-0.24023206830392496,0.25969545897544666,-0.037587363802472185,-0.11606260399231116,-0.11505135854640924,0.04994598778676984,-0.016839690700686027,-0.07404406403702146,0.059454488394569356,035420
13,NCSOFT,IT 서비스,2021,Q2,0.04296190324089122,-0.06386839909381492,-0.024130532776718283,0.13054905649644521,0.23684720182429408,0.024988561296825473,0.030422903753810182,-0.0113537943434594,0.03524352809645459,0.05925948664397418,-0.12584566579723958,036570
