,name,sector,year,quarter,자산총계변화율,자본총계변화율,비유동자산변화율,전체 주주 수변화율,전체 주식 수변화율,Relative Return,특정 증권 등 소유 수변화율,기초 소유 주식 수변화율,증자주식수변화율,주식액면가액변화율,Label,Code
7,Samsung_SDS,IT 서비스,2023,Q1,0.014653301236014049,0.023498395647811088,0.007518134971503998,0.24542885184544405,0.12867685319422817,0.04340159614515879,0.014569686955306804,-0.025132507797148707,0.01605155267610192,0.016051552676102032,-0.16396986750955406,018260
6,NAVER_Corp,IT 서비스,2023,Q1,-0.07919277222433974,-0.02889259581966197,-0.12055648537622798,0.20397993139634973,0.06962044160267933,-0.09246406477438145,-0.07366406841672157,-0.06304609386300464,0.02464283125627198,0.32229727620579274,0.025894450937745783,035420
6,NCSOFT,IT 서비스,2023,Q1,-0.0025225270044695325,0.0026499045024726,-0.043079481097554995,0.16234891239769034,0.20058065879643006,0.2667243903354562,0.009189618100136854,-0.9514171312356068,-0.07321786363704241,-0.08901660827925206,-0.2711371275519894,036570
