,name,sector,year,quarter,자산총계변화율,비유동자산변화율,비유동부채변화율,유동자산변화율,부채총계변화율,전체 주주 수변화율,전체 주식 수변화율,발행할 주식 총수변화율,1인평균급여변화율,자기주식수변화율,Label,Code
7,Samsung_SDS,IT 서비스,2023,Q1,0.014653301236014049,0.007518134971503998,0.051896177855688674,0.020813268247543926,-0.018304103536636696,0.24542885184544405,0.12867685319422817,0.004395135294707919,0.14055377761778398,-0.004193305472990128,-0.16396986750955406,018260
6,NAVER_Corp,IT 서비스,2023,Q1,-0.07919277222433974,-0.12055648537622798,-0.11209259345710576,0.1626471105166566,-0.20140413342986618,0.20397993139634962,0.06962044160267955,0.021381448450026763,0.09945546967525887,0.029563602500872643,0.025894450937745783,035420
6,NCSOFT,IT 서비스,2023,Q1,-0.0025225270044695325,-0.043079481097554995,0.16754523335757943,0.026748909866025183,-0.017447606609032773,0.16234891239768967,0.2005806587964294,-0.40960274759420345,0.07652955667241779,0.0844898003738751,-0.2711371275519894,036570
