,name,sector,year,quarter,자산총계변화율,비유동자산변화율,비유동부채변화율,유동자산변화율,부채총계변화율,전체 주주 수변화율,전체 주식 수변화율,발행할 주식 총수변화율,1인평균급여변화율,자기주식수변화율,Label,Code
1,Samsung_SDS,IT 서비스,2024,Q3,-0.0944884675914277,0.011649499565403731,0.010535360203904776,-0.1983583509390432,0.02645777877858868,-0.1079467296656289,-0.11322364901843707,-0.12789038121111718,-0.10574157653189542,-0.1240967979418166,0.14676301760193627,018260
0,NAVER_Corp,IT 서비스,2024,Q3,-0.07316684432483367,-0.0017683990791450555,0.011555039451646376,-0.4454395067926371,-0.011171700947233631,-0.024947853388397556,-0.034892065664524186,-0.19861450897071364,-0.12450878452368097,-0.07932819610362363,-0.12907458695821175,035420
0,NCSOFT,IT 서비스,2024,Q3,0.035668946517511846,-0.03386952294169987,-0.048422311553787845,0.12369507228527388,0.05240587496330895,0.017761062945557682,0.020522216498288115,0.048364920557199764,0.03614142689600197,0.0322134089304249,-0.11958368654965867,036570
