,Feature,Importance
5,F_유동부채 변화율,0.19084629155304195
2,F_비유동부채 변화율,0.18656649533519165
0,F_비유동자산 변화율,0.17173033377613653
3,M_소비자물가지수 변화율,0.16791784912612112
4,F_당기순이익(손실) 변화율,0.161518009021867
1,M_금리 변화율,0.12142102118764182
