,Feature,Average_Importance
0,M_국제유가 변화율,0.08751223629234381
1,F_이익잉여금 변화율,0.0785820536914143
2,F_영업이익 변화율,0.07806817360340049
3,F_비유동자산 변화율,0.06971006854713464
4,F_매출액 변화율,0.06732249284982238
5,F_비유동부채 변화율,0.064321697932027
