,Feature,Importance
0,F_비유동자산 변화율,0.3047067397658961
1,F_자산총계 변화율,0.25839703523135293
2,F_비유동부채 변화율,0.23498462640894283
3,M_소비자물가지수 변화율,0.20191159859380833
