,Feature,Average_Importance
0,F_비유동자산 변화율,0.11094559893604197
1,F_자산총계 변화율,0.10665160690264057
2,F_매출액 변화율,0.07425140224662845
3,F_자본총계 변화율,0.06849130264921786
4,F_영업이익 변화율,0.060478685460366756
5,F_비유동부채 변화율,0.05849354971919268
