,Feature,Importance
0,F_당기순이익 변화율,0.733275248422658
2,M_금리 변화율,0.08533972360356064
4,M_국제유가 변화율,0.055071483430277866
1,M_실업률 변화율,0.052642539594741064
5,M_환율 변화율,0.04090152927031735
3,M_수출액 변화율,0.03276947567844512
