,name,sector,year,quarter,매출액변화율,영업이익변화율,유동부채변화율,비유동자산변화율,비유동부채변화율,Relative Return,특정 증권 등 소유 증감 비율변화율,전체 주식 수변화율,보유 주식 수변화율,특정 증권 등 소유 비율변화율,Label,Code
22,Hyundai_Merchant_Marine,Transportation,2019,Q1,0.0897770715387658,-0.5007587047825497,-0.5946592348619204,-0.8983384135748713,-0.8751649654841449,-0.12531721584689703,0.3203739824211842,-0.6471114355128671,0.34731479043447466,-0.8841041062282176,-0.07789498712668722,011200
