,name,sector,year,quarter,자본총계변화율,자본금변화율,영업이익변화율,매출액변화율,비유동부채변화율,전체 주주 수변화율,Relative Return,자기주식수변화율,1인평균급여변화율,특정 증권 등 소유 수변화율,Label,Code
33,Hyundai_E&C,건설,2016,Q2,-0.017597702960964634,-0.01655360767739178,-0.14653702594350482,-0.1482557663727011,-0.00779332097730423,-0.034926031146331304,0.4594083042513074,0.0,-0.027863640626015762,-0.04160241852089497,-0.20659433400204477,000720
33,Daewoo_E&C,건설,2016,Q2,0.0061342773144434926,0.01710757087236281,-0.6892331338339026,-0.1747293522848059,0.1519311414275909,0.037112169868736,0.10616071846133654,0.015307190246457103,0.02557456025094229,0.08561651057015374,-0.10078374889742958,047040
33,KEPCO_KPS,건설,2016,Q2,-0.03284239863528726,0.001916531338396421,-0.8248015892899059,-0.3140886720550413,-0.3952784184626805,-0.025904092759179154,-0.29983099590984486,0.0,-0.02290889531099971,-0.003773852188303284,0.010555311982440078,051600
33,HHI_Heavy_Industries,건설,2016,Q2,0.07077273194064126,0.08219527415580585,6.401442462489536,-0.4471206465407893,-1.3320583688349599,-0.11445374195742652,-0.09539760536172785,0.23991574356787904,0.008003116998236526,0.4385459448568032,0.1007896322294555,097230
