,name,sector,year,quarter,자본총계변화율,영업이익변화율,자본금변화율,전체 주주 수변화율,Relative Return,자기주식수변화율,1인평균급여변화율,유통주식수변화율,발행주식의 총수변화율,특정 증권 등 소유 증감 수변화율,Label,Code
29,Hyundai_E&C,건설,2017,Q2,-0.029436776443423796,-0.07576430856736582,0.010001992983396213,0.01895244210895375,0.072059354550716,0.0,0.017400614469767928,0.01424686650504503,0.01424686650504503,0.024361422141124467,-0.177158473141319,000720
29,Daewoo_E&C,건설,2017,Q2,-0.06984062012022929,-0.11926966279908191,0.023678634786649444,0.005184992570676283,0.3342177682426183,0.01902678198490315,0.01703858332836161,0.01902678198490315,0.01902678198490304,-0.20978506444458023,-0.061938976872261534,047040
29,KEPCO_KPS,건설,2017,Q2,-0.047881053843502386,-0.6657482373151253,-0.06214060910944674,-0.05799176035586351,0.06949365615774743,0.0,-0.0731263855518205,-0.08147678339151065,-0.08147678339151065,-0.03617863402601684,-0.40330948778905196,051600
29,HHI_Heavy_Industries,건설,2017,Q2,0.042025332140685934,232.0,0.0333028661686543,-0.045931162694325955,0.08173123951507737,0.05919584128447797,-0.03568808362395193,0.0006305255043744795,0.0006428613842983655,-0.24757298481600243,0.05544357838366569,097230
