,name,sector,year,quarter,자본총계변화율,영업이익변화율,자본금변화율,전체 주주 수변화율,Relative Return,자기주식수변화율,1인평균급여변화율,유통주식수변화율,발행주식의 총수변화율,특정 증권 등 소유 증감 수변화율,Label,Code
27,Hyundai_E&C,건설,2017,Q4,0.015110360074354068,0.253185432857401,-0.0,0.043307090665777204,-0.18105424542336637,0.0,0.007543444471274641,-0.19233783603778898,-0.19233783603778898,0.0485517248542513,-0.06417778249022668,000720
27,Daewoo_E&C,건설,2017,Q4,0.07400649718281582,4.01528968736196,-0.0,0.10976552672899786,-0.06710987155963297,-0.0795708610421546,0.040657297621016775,-0.07957086104215438,-0.0795708610421546,0.4369694106166906,-0.19643259807662394,047040
27,KEPCO_KPS,건설,2017,Q4,-0.04659367549926685,-0.16832725870359666,-0.0,-0.04245939461497028,-0.08060332584269657,0.0,-0.29764488026338065,-0.314244145253159,-0.314244145253159,-0.12430697284104464,-0.033601981842226764,051600
27,HHI_Heavy_Industries,건설,2017,Q4,0.21741546111801757,1.0470657894736841,-0.0,0.18967127099738124,-0.17775551024895933,-0.7477681141081702,0.11361715195464017,-0.1684406030964718,-0.16854909464731538,-0.490662437279596,-0.1326093298156651,097230
