,name,sector,year,quarter,자본총계변화율,자본금변화율,영업이익변화율,매출액변화율,비유동부채변화율,전체 주주 수변화율,Relative Return,자기주식수변화율,1인평균급여변화율,특정 증권 등 소유 수변화율,Label,Code
30,Hyundai_E&C,건설,2017,Q1,0.018102981426459608,0.006745891631130707,0.5851778118793174,0.2149619452472773,0.036065824891184595,0.03699920942400836,0.08024371373992047,0.0,-0.055197735140578796,0.04837798183289721,0.072059354550716,000720
30,Daewoo_E&C,건설,2017,Q1,-0.0874204819150739,0.017584653316276233,1.302057465432158,0.014062957848837265,-0.03389088558790343,-0.04314441711871497,-0.20817670802666563,0.016871676256144275,-0.11521680890223163,-0.10280485214819834,0.3342177682426183,047040
30,KEPCO_KPS,건설,2017,Q1,-0.0017247529917630011,-0.012299602594454173,-580.9640681298416,0.2660075769892054,-0.18420951016313003,-0.003815903230103057,-0.06095448580444342,0.0,0.2557172714320338,-0.019750431511313282,0.06949365615774743,051600
30,HHI_Heavy_Industries,건설,2017,Q1,0.1431211635237516,0.016466311992955007,0.9955033362344067,0.37215113085517393,0.006199173020589921,0.018102091321857694,-0.21013729636098094,0.3246031430503383,-0.034742734087606975,0.1211158748508403,0.08173123951507737,097230
