,name,sector,year,quarter,자본총계변화율,영업이익변화율,자본금변화율,전체 주주 수변화율,Relative Return,자기주식수변화율,1인평균급여변화율,유통주식수변화율,발행주식의 총수변화율,특정 증권 등 소유 증감 수변화율,Label,Code
23,Hyundai_E&C,건설,2018,Q4,0.013189279837160561,0.4740536100948256,-0.0,-0.005255632483799344,0.1775115783026665,0.0,-0.19178519271842842,-0.26272826630303014,-0.26272826630303014,-0.010172928479766696,-0.06107865549371791,000720
23,Daewoo_E&C,건설,2018,Q4,0.0039533208558508726,0.5320002569484596,-0.0,0.07873340663313888,0.003870923134892493,-0.1283205789657793,-0.058611743084834966,-0.1283205789657793,-0.12832057896577953,0.27326858735233694,0.03862942697298524,047040
23,KEPCO_KPS,건설,2018,Q4,-0.07727039410526926,-4.560922183755156,-0.0,-0.06682473612592377,-0.042836497668029855,0.0,-0.21492466352476636,-0.27251503964431856,-0.27251503964431856,-0.19161867431548862,0.10482905768874498,051600
23,HHI_Heavy_Industries,건설,2018,Q4,1.795202433467352,7.296511101042139,-0.0,-0.3568632323869456,-0.13000697655571591,-0.7183179892055813,-0.10070010957891529,-0.22438258713218406,-0.224481175878537,0.10560830555338696,-0.22974617904634853,097230
