,name,sector,year,quarter,자본총계변화율,자본금변화율,영업이익변화율,매출액변화율,비유동부채변화율,전체 주주 수변화율,Relative Return,자기주식수변화율,1인평균급여변화율,특정 증권 등 소유 수변화율,Label,Code
24,Hyundai_E&C,건설,2018,Q3,0.003315454539227214,-0.0,0.17589990770177422,-0.038436250526985294,0.030474606318600106,0.026974883724438126,0.366205796736936,0.0,0.02787437913774815,0.026292389709239417,0.1775115783026665,000720
24,Daewoo_E&C,건설,2018,Q3,-0.025035875348615066,-0.0,-0.29041770111660203,0.07896007383297854,0.009473639577732507,0.053241504765901726,0.14349648391922082,0.06219348652321233,0.05756124031037613,0.026038211510487574,0.003870923134892493,047040
24,KEPCO_KPS,건설,2018,Q3,-0.01207731907751941,-0.0,0.7508958964714003,0.2166285123622641,-0.27141580328787906,-0.008764469524556562,-0.16609690221047815,0.0,0.008917409691325262,-0.01579870221719948,-0.042836497668029855,051600
24,HHI_Heavy_Industries,건설,2018,Q3,0.07762754370352942,-0.0,-0.3144729005360334,-0.0903550711764387,-0.19445872874885084,-0.019578476825419022,0.013395601933067817,0.037766378652751786,-0.006779670105570235,-0.02495610364703471,-0.13000697655571591,097230
