,name,sector,year,quarter,자본총계변화율,영업이익변화율,자본금변화율,전체 주주 수변화율,Relative Return,자기주식수변화율,1인평균급여변화율,유통주식수변화율,발행주식의 총수변화율,특정 증권 등 소유 증감 수변화율,Label,Code
24,Hyundai_E&C,건설,2018,Q3,0.003315454539227214,0.17589990770177422,-0.0,0.026974883724438126,0.366205796736936,0.0,0.02787437913774815,0.02441583274545911,0.02441583274545911,0.028212345705054376,0.1775115783026665,000720
24,Daewoo_E&C,건설,2018,Q3,-0.025035875348615066,-0.29041770111660203,-0.0,0.053241504765901726,0.14349648391922082,0.06219348652321233,0.057561240310376016,0.06219348652321244,0.06219348652321255,-0.09652049233446425,0.003870923134892493,047040
24,KEPCO_KPS,건설,2018,Q3,-0.01207731907751941,0.7508958964714003,-0.0,-0.008764469524556562,-0.16609690221047815,0.0,0.008917409691325262,0.019771782332908328,0.019771782332908328,-0.015077798213077198,-0.042836497668029855,051600
24,HHI_Heavy_Industries,건설,2018,Q3,0.07762754370352942,-0.3144729005360334,-0.0,-0.019578476825419022,0.013395601933067817,0.037766378652751786,-0.006779670105570235,0.010282642419052856,0.01028828478363819,-0.024001024809713556,-0.13000697655571591,097230
