,name,sector,year,quarter,자본총계변화율,자본금변화율,영업이익변화율,매출액변화율,비유동부채변화율,전체 주주 수변화율,Relative Return,자기주식수변화율,1인평균급여변화율,특정 증권 등 소유 수변화율,Label,Code
23,Hyundai_E&C,건설,2018,Q4,0.013189279837160561,-0.0,0.4740536100948256,-0.06419722672462491,-0.03229878933859465,-0.005255632483799344,0.1775115783026665,0.0,-0.19178519271842842,-0.009065418937155068,-0.06107865549371791,000720
23,Daewoo_E&C,건설,2018,Q4,0.0039533208558508726,-0.0,0.5320002569484596,0.17290789884129587,0.14023405391199906,0.07873340663313888,0.003870923134892493,-0.12832057896577953,-0.058611743084834966,0.12995252020216252,0.03862942697298524,047040
23,KEPCO_KPS,건설,2018,Q4,-0.07727039410526926,-0.0,-4.560922183755156,-0.45569821944868716,0.5471537383795231,-0.06682473612592377,-0.042836497668029855,0.0,-0.21492466352476636,-0.04971222413286247,0.10482905768874498,051600
23,HHI_Heavy_Industries,건설,2018,Q4,1.795202433467352,-0.0,7.296511101042139,-0.2711224453653527,-4.639291864530606,-0.3568632323869456,-0.13000697655571591,-0.7183179892055813,-0.10070010957891529,0.11146695452331035,-0.22974617904634853,097230
