,name,sector,year,quarter,자본총계변화율,자본금변화율,영업이익변화율,매출액변화율,비유동부채변화율,전체 주주 수변화율,Relative Return,자기주식수변화율,1인평균급여변화율,특정 증권 등 소유 수변화율,Label,Code
22,Hyundai_E&C,건설,2019,Q1,-0.02480075610936483,-0.0,-1.2491482112436114,0.190564000122597,-0.10313614756540579,-0.02621972680825846,-0.06107865549371791,0.0,0.12770799423506474,-0.015020334639717081,-0.10470370741997502,000720
22,Daewoo_E&C,건설,2019,Q1,-0.02718748488213274,-0.0,-0.031229396551727184,0.11002537801854384,-0.5041911168388207,-0.18330760985459715,0.03862942697298524,0.07503874790397091,-0.004638497616379578,-0.37472553994920754,-0.11603407453735243,047040
22,KEPCO_KPS,건설,2019,Q1,0.06896006721074555,-0.0,0.7951321026635851,0.3711579353571305,-0.820533062123892,0.043288202824737,0.10482905768874498,0.0,0.1379244821124591,0.012123285879575674,0.007893155929302328,051600
22,HHI_Heavy_Industries,건설,2019,Q1,1.6400295791241573,-0.0,0.9997913128580064,0.42567534933143114,0.3063158308714833,0.04552524781080891,-0.22974617904634853,0.7425485335100751,0.009526674402492774,0.06302468610866485,-0.3328856211904965,097230
