,name,sector,year,quarter,Relative Return,자본총계 변화율,매출액 변화율,실업률 변화율,금리 변화율,1인평균급여 변화율,특정 증권 등 소유 증감 수 변화율,자기주식수 변화율,보유 주식 수 변화율,전체 주식 수 변화율,Label,Code
19,Hyundai_E&C,건설,2019,Q4,-0.15159739353684196,0.01213597341128525,-0.1390201916364826,0.05357142857142849,-0.191387559808615,-0.24824462835992667,0.024360070434687575,0.0,-0.4967600525716147,0.024360070434687464,-0.16076285991038167,000720
19,Daewoo_E&C,건설,2019,Q4,-0.012396938374047844,0.08461643024307719,-0.06733798840637406,0.05357142857142849,-0.191387559808615,-0.5133983977479168,0.024095569947316653,-0.5738429885770364,-0.6295895353317933,0.024095569947316764,-0.09200490639068178,047040
19,KEPCO_KPS,건설,2019,Q4,0.12543692744064866,-0.08184805551081453,-0.2771373077407069,0.05357142857142849,-0.191387559808615,-0.07361848687025918,0.024377465675127774,0.0,-0.31890692615737093,0.024377465675127885,0.06701109082982004,051600
19,HHI_Heavy_Industries,건설,2019,Q4,-0.22215733770849044,-0.18909353209906232,-0.3769516405168376,0.05357142857142849,-0.191387559808615,-0.5553914372191642,0.024290303769630817,0.28251511801810847,-1.2246533385266685,0.024290303769630817,0.022421354888295858,097230
