,name,sector,year,quarter,Relative Return,자본총계 변화율,매출액 변화율,실업률 변화율,금리 변화율,1인평균급여 변화율,특정 증권 등 소유 증감 수 변화율,자기주식수 변화율,보유 주식 수 변화율,전체 주식 수 변화율,Label,Code
15,Hyundai_E&C,건설,2020,Q4,-0.1786277479056826,0.01644457593814308,-0.0170598181252839,-0.04166666666666674,-0.13205764233403983,-0.3798250289070526,-0.01501064242514727,0.0,-0.4716050608473479,-1.6954311157230846,-0.01708878316741569,000720
15,Daewoo_E&C,건설,2020,Q4,-0.2822698579924797,-0.00481597672039924,-0.07388189659185218,-0.04166666666666674,-0.13205764233403983,-0.6780338647234587,-0.01466130348650796,-0.6479078334853454,-0.8806196711184329,-1.6778756976912796,0.5327525343520699,047040
15,KEPCO_KPS,건설,2020,Q4,-0.16825500336627136,-0.016721437547945417,-0.23428373533719893,-0.04166666666666674,-0.13205764233403983,-0.27492782435488095,-0.015371317658356531,0.0,-0.33919183757989657,-0.7523836933036157,-0.16125264627424266,051600
15,HHI_Heavy_Industries,건설,2020,Q4,0.3468212148027303,0.08648015258687791,0.15239869724002697,-0.04166666666666674,-0.13205764233403983,-0.6708105607015673,-0.015357644274505367,0.24820912184112365,-1.334132367797396,-1.6883591516059568,-0.37099505846834036,097230
