,name,sector,year,quarter,Relative Return,자본총계 변화율,매출액 변화율,실업률 변화율,금리 변화율,1인평균급여 변화율,특정 증권 등 소유 증감 수 변화율,자기주식수 변화율,보유 주식 수 변화율,전체 주식 수 변화율,Label,Code
18,Hyundai_E&C,건설,2020,Q1,-0.16076285991038167,-0.010269420336219914,0.16216094702293782,-0.00943396226415083,0.060040160642572116,0.2037025505231882,-0.018791855238024624,0.0,0.3359162598050548,-0.018791855238024846,-0.15451139286181445,000720
18,Daewoo_E&C,건설,2020,Q1,-0.09200490639068178,-0.04116695523320191,0.06992129096140853,-0.00943396226415083,0.060040160642572116,0.3434447729211133,-0.018162842687953207,0.36866025651479994,0.39025772616298837,-0.018162842687953207,-0.18342549043717485,047040
18,KEPCO_KPS,건설,2020,Q1,0.06701109082982004,0.0481396033041529,0.34160339790336314,-0.00943396226415083,0.060040160642572116,0.07494661318059004,-0.01796994481941039,0.0,0.24698672989396298,-0.01796994481941039,-0.06202322054861456,051600
18,HHI_Heavy_Industries,건설,2020,Q1,0.022421354888295858,0.020273221391827634,0.3769679533285383,-0.00943396226415083,0.060040160642572116,0.36144216258460726,-0.01793330159813089,-0.38429034175824817,0.5535450960899531,-0.01793330159813089,0.028843861367060686,097230
