,name,sector,year,quarter,자본총계변화율,영업이익변화율,자본금변화율,전체 주주 수변화율,Relative Return,자기주식수변화율,1인평균급여변화율,유통주식수변화율,발행주식의 총수변화율,특정 증권 등 소유 증감 수변화율,Label,Code
16,Hyundai_E&C,건설,2020,Q3,-5.818225164611057e-05,0.17561402700336393,-0.0,0.0013614555885100854,0.023802210292955178,0.0,-0.00395470788561858,0.0008269987532503187,0.0008269987532503187,0.00725775159878439,-0.1786277479056826,000720
16,Daewoo_E&C,건설,2020,Q3,-0.02140950468349989,-0.30134941259058556,-0.0,-0.06159283714006847,-0.01911807814649638,-0.03919673432422521,-0.0475662246061237,-0.03919673432422521,-0.039196734324225435,-0.3064878914369604,-0.2822698579924797,047040
16,KEPCO_KPS,건설,2020,Q3,0.017846263209325253,-0.3350289016452761,-0.0,0.001543919383032999,-0.1888580533539187,0.0,-0.013158121447272242,-0.013458537384851477,-0.013458537384851477,0.10792368939649755,-0.16825500336627136,051600
16,HHI_Heavy_Industries,건설,2020,Q3,-0.13076543655642214,-568.6025641025641,-0.0,0.04869727475891361,0.17362130233983192,0.11637989021369999,0.05277240692419294,0.06334818897482952,0.0633545708991492,0.10076570189539791,0.3468212148027303,097230
