,name,sector,year,quarter,자본총계변화율,영업이익변화율,자본금변화율,전체 주주 수변화율,Relative Return,자기주식수변화율,1인평균급여변화율,유통주식수변화율,발행주식의 총수변화율,특정 증권 등 소유 증감 수변화율,Label,Code
18,Hyundai_E&C,건설,2020,Q1,-0.010269420336219914,0.22075437944653153,-0.0,-0.07966545170367856,-0.16076285991038167,0.0,0.04545964618314524,0.1499166574597962,0.1499166574597962,-0.08751594557715436,-0.15451139286181445,000720
18,Daewoo_E&C,건설,2020,Q1,-0.04116695523320191,2.272607062072254,-0.0,-0.040518639187542504,-0.09200490639068178,0.0686723557724398,0.050661695127463324,0.06867235577243991,0.0686723557724398,0.27946437090588794,-0.18342549043717485,047040
18,KEPCO_KPS,건설,2020,Q1,0.0481396033041529,0.6307581161784259,-0.0,0.04339462498038493,0.06701109082982004,0.0,-0.014707731666900425,0.14013210450729463,0.14013210450729463,0.3606788625243079,-0.06202322054861456,051600
18,HHI_Heavy_Industries,건설,2020,Q1,0.020273221391827634,0.745633073388316,-0.0,0.04760415780921934,0.022421354888295858,-0.6581705338161532,0.12932209301541098,0.1301554298152442,0.13009918862656378,0.09750938434471546,0.028843861367060686,097230
