,name,sector,year,quarter,자본총계변화율,영업이익변화율,자본금변화율,전체 주주 수변화율,Relative Return,자기주식수변화율,1인평균급여변화율,유통주식수변화율,발행주식의 총수변화율,특정 증권 등 소유 증감 수변화율,Label,Code
15,Hyundai_E&C,건설,2020,Q4,0.01644457593814308,0.7013415315818894,-0.0,-0.5158332653391755,-0.1786277479056826,0.0,-0.1231934344672867,-0.19293592417656535,-0.19293592417656535,0.01136878883996817,-0.01708878316741569,000720
15,Daewoo_E&C,건설,2020,Q4,-0.00481597672039924,0.16001077549114517,-0.0,0.5828348921111589,-0.2822698579924797,-0.08910445391931132,-0.11682501936381451,-0.08910445391931199,-0.08910445391931154,0.22456169147172533,0.5327525343520699,047040
15,KEPCO_KPS,건설,2020,Q4,-0.016721437547945417,0.44994361927509596,-0.0,-0.22816491110606307,-0.16825500336627136,0.0,-0.10458497010423429,-0.14434308394119788,-0.14434308394119788,0.015833483311395335,-0.16125264627424266,051600
15,HHI_Heavy_Industries,건설,2020,Q4,0.08648015258687791,1.2343964527673366,-0.0,-0.7398182454450863,0.3468212148027303,0.1826941413252713,-0.27795923309012993,-0.3006508760954252,-0.3005960024630361,0.19670524699853387,-0.37099505846834036,097230
