,name,sector,year,quarter,자본총계변화율,자본금변화율,영업이익변화율,매출액변화율,비유동부채변화율,전체 주주 수변화율,Relative Return,자기주식수변화율,1인평균급여변화율,특정 증권 등 소유 수변화율,Label,Code
13,Hyundai_E&C,건설,2021,Q2,-0.002197340060170916,-0.0,0.7617657698112736,-0.05764562018327357,-0.1571861873801914,-0.03369027034128469,0.09212303643780705,0.0,-0.030962457648309405,-0.0364031129629947,0.26661007939596815,000720
13,Daewoo_E&C,건설,2021,Q2,-0.02981279427851624,-0.0,0.5232353610775473,-0.0584114917775822,-0.22585092802458395,-0.05202951665170419,0.19347637386148292,-0.022459686030047443,-0.032142190205203924,-0.13970754250925044,0.13772042236541818,047040
13,KEPCO_KPS,건설,2021,Q2,-0.027020457208441595,-0.0,0.34989995214697156,-0.1461682840615659,-0.1474546746512293,-0.025092605074605423,-0.004965184580075513,0.0,-0.01000210146600855,-0.019933624757828783,0.30147112002223725,051600
13,HHI_Heavy_Industries,건설,2021,Q2,0.08184037047906034,-0.0,1.0382140303487726,-0.606825861434211,-0.0052195961199379415,-0.023734608863246853,-0.06422896330694149,0.1022222580200619,-0.020913617527243522,-0.06261830397878732,0.08626732855304292,097230
