,name,sector,year,quarter,자본총계변화율,자본금변화율,영업이익변화율,매출액변화율,비유동부채변화율,전체 주주 수변화율,Relative Return,자기주식수변화율,1인평균급여변화율,특정 증권 등 소유 수변화율,Label,Code
11,Hyundai_E&C,건설,2021,Q4,-0.03367254753843807,-0.008575689114670881,0.0009419853555265867,-0.264208675335603,-0.0379147986466426,-0.0657153400666124,-0.017194248395717898,0.0,-0.24113617185424063,-0.07716735499289573,-0.11847023279697401,000720
11,Daewoo_E&C,건설,2021,Q4,-0.025627976236517025,-0.0,-1.6275208743355738,-0.19631501976151755,0.03245748061238962,-0.7493783369327731,-0.06717621206400388,-0.1281168256865739,-0.1519407056665163,-0.02914021514028975,-0.11896512236464317,047040
11,KEPCO_KPS,건설,2021,Q4,0.0016418876503792035,-0.0,0.9422390075648499,-0.22051762034981914,0.06494711609369375,-0.3346804941298964,-0.01795282623411963,0.0,-0.15990029985903642,0.003767838535534307,0.026506309170831514,051600
11,HHI_Heavy_Industries,건설,2021,Q4,-0.6567181342860209,-0.0,12.408378245957865,-0.07458691964566189,-0.1929756004574914,-0.4350946700286116,0.25685800289313926,0.10010358943319608,-0.46280891127934476,0.04917384189522345,-0.182634295296974,097230
