,name,sector,year,quarter,자본총계변화율,영업이익변화율,자본금변화율,전체 주주 수변화율,Relative Return,자기주식수변화율,1인평균급여변화율,유통주식수변화율,발행주식의 총수변화율,특정 증권 등 소유 증감 수변화율,Label,Code
12,Hyundai_E&C,건설,2021,Q3,-0.025269856708739047,-4.391591182784439,-0.0,-0.002051368948049914,0.26661007939596815,0.0,-0.0031715398790190807,-0.004300833951245586,-0.004300833951245586,0.0009851077166398436,-0.017194248395717898,000720
12,Daewoo_E&C,건설,2021,Q3,-0.018190865236864306,0.3334425770379916,-0.0,0.028593672856498942,0.13772042236541818,0.030739120229416272,0.029988129842206668,0.03073912022941616,0.030739120229416383,0.00824868864212902,-0.06717621206400388,047040
12,KEPCO_KPS,건설,2021,Q3,-0.031233851805654522,0.18322667498139977,-0.0,-0.024030353877748656,0.30147112002223725,0.0,-0.00592259306821874,0.001676431974171888,0.001676431974171888,-0.08653556172155508,-0.01795282623411963,051600
12,HHI_Heavy_Industries,건설,2021,Q3,-0.016846355932863988,-7.486486486486486,-0.0,0.016400489178911237,0.08626732855304292,0.1303801194479618,0.02007809903692448,0.03897823720681892,0.03898872611600179,0.058002502512970344,0.25685800289313926,097230
