,name,sector,year,quarter,자본총계변화율,자본금변화율,영업이익변화율,매출액변화율,비유동부채변화율,전체 주주 수변화율,Relative Return,자기주식수변화율,1인평균급여변화율,특정 증권 등 소유 수변화율,Label,Code
10,Hyundai_E&C,건설,2022,Q1,-0.014545849312926684,-0.0,0.14535804893222004,0.2268712347037617,0.08253388335614842,0.005936726580596852,-0.11847023279697401,0.0,0.1453677114899462,0.017499453194499415,0.13917353029518434,000720
10,Daewoo_E&C,건설,2022,Q1,-0.05556738961727059,-0.0,-0.09744689144813412,0.08241704703040309,0.04286878483628109,0.39054875607452044,-0.11896512236464317,0.08130195877660717,0.09177216431081792,-0.023702126830214443,0.2905116813807096,047040
10,KEPCO_KPS,건설,2022,Q1,0.018039280748624265,-0.0,-11.810724993141912,0.19994869378394875,0.1597957414518255,0.25692266954176224,0.026506309170831514,0.0,0.11476258779632587,-0.002742562578946117,0.1403527226046044,051600
10,HHI_Heavy_Industries,건설,2022,Q1,0.023033424495254473,-0.0,1.0270780991646804,0.3222035133670872,-0.011926066774788913,0.2454406502438342,-0.182634295296974,-0.3247160098474997,0.2615961106536324,0.06698346326512472,0.06824498717010177,097230
