,name,sector,year,quarter,자본총계변화율,자본금변화율,영업이익변화율,매출액변화율,비유동부채변화율,전체 주주 수변화율,Relative Return,자기주식수변화율,1인평균급여변화율,특정 증권 등 소유 수변화율,Label,Code
7,Hyundai_E&C,건설,2022,Q4,0.05563623522677108,-0.0,0.524351486401605,-0.11415858132429668,0.0719168863318348,-0.6589702560999644,-0.018518861289008953,0.0,-0.22701933287511555,0.004370938507070599,-0.09972903958822289,000720
7,Daewoo_E&C,건설,2022,Q4,0.028802675861330895,-0.0,0.7032133090605249,-0.12439276111343678,-0.10932240173149554,-0.43935231736551317,-0.21307091940038914,-0.04978320361755406,-0.1347669045251909,-0.047432754925907705,-0.018137974571275115,047040
7,KEPCO_KPS,건설,2022,Q4,-0.030682692669823153,-0.0,-0.5537825743475939,-0.1657805753667856,-0.4401843831188659,-0.3764556132040615,-0.010077302847450523,0.0,-0.10089839411196388,-0.035779076336864835,-0.0724197606017878,051600
7,HHI_Heavy_Industries,건설,2022,Q4,0.00579246257098609,-0.0,17.61764705882353,-0.5004752923425122,0.24052022666848494,-0.23975456379245785,-0.30744341987648893,0.31166903760924436,-0.28268355354631924,-0.6722083508480046,-0.10859056322759104,097230
