,name,sector,year,quarter,자본총계변화율,영업이익변화율,자본금변화율,전체 주주 수변화율,Relative Return,자기주식수변화율,1인평균급여변화율,유통주식수변화율,발행주식의 총수변화율,특정 증권 등 소유 증감 수변화율,Label,Code
9,Hyundai_E&C,건설,2022,Q2,-0.040560152576717856,-0.14891439100121695,-0.0,-0.03356760880992704,0.13917353029518434,0.0,-0.025616421119028177,-0.03417463404481347,-0.03417463404481347,-0.04121736243452623,0.021942979881403923,000720
9,Daewoo_E&C,건설,2022,Q2,-0.019456474350681097,0.6476620095676797,-0.0,-0.009924697545822037,0.2905116813807096,-0.005657082023084348,-0.004185050026148884,-0.005657082023084126,-0.005657082023084126,0.026190068489216345,-0.01093002875995358,047040
9,KEPCO_KPS,건설,2022,Q2,-0.03470026822461714,-0.2901807588840499,-0.0,-0.024684973144720956,0.1403527226046044,0.0,-0.02131877519029346,-0.02756249209586259,-0.02756249209586259,-0.33138285271348655,0.06163477085245994,051600
9,HHI_Heavy_Industries,건설,2022,Q2,0.03450619666874288,0.10983346550356865,-0.0,-0.03209015167742546,0.06824498717010177,-0.022055739792493645,-0.026549997459609065,-0.023210481244662073,-0.02321035170345609,0.01940572084585479,0.050384331382168135,097230
