,name,sector,year,quarter,자본총계변화율,자본금변화율,영업이익변화율,매출액변화율,비유동부채변화율,전체 주주 수변화율,Relative Return,자기주식수변화율,1인평균급여변화율,특정 증권 등 소유 수변화율,Label,Code
5,Hyundai_E&C,건설,2023,Q2,-0.014866707433216275,-0.0,-0.11600808358773707,-0.10578181037309875,-0.18622622603188166,-0.008748021564496389,-0.062469385703469535,0.0,-0.005225151903171632,-0.8470749217980724,-0.014578946147557108,000720
5,Daewoo_E&C,건설,2023,Q2,-0.009381937993322653,-0.0,-0.03449928013155912,-0.2541601446852624,-0.0831057774817201,-0.03920160341456347,-0.13992992895348647,-0.03410407096898438,-0.03326109202916916,-0.06362794811682337,-0.04323599427971824,047040
5,KEPCO_KPS,건설,2023,Q2,-0.034567592311376405,-0.0,0.11446513058926733,-0.16712509619052307,0.29993884673838445,-0.022448388426123067,0.030591104572031347,0.0,-0.0002478418392428683,-0.31132697271192433,-0.16691420673721552,051600
5,HHI_Heavy_Industries,건설,2023,Q2,0.22272490236108644,-0.0,-5.745382822305899,-0.2380206609324591,0.7263997178313243,0.05371825745622816,-0.16969639492684901,-0.1469987397665875,0.009103190259809546,-0.19083057817004634,0.07929791447490568,097230
