,name,sector,year,quarter,자본총계변화율,영업이익변화율,자본금변화율,전체 주주 수변화율,Relative Return,자기주식수변화율,1인평균급여변화율,유통주식수변화율,발행주식의 총수변화율,특정 증권 등 소유 증감 수변화율,Label,Code
3,Hyundai_E&C,건설,2023,Q4,0.014021529046290726,0.6731770833333333,-0.0,-0.5139823581093164,-0.01616709464821016,0.0,-0.23146782517503706,0.01722734088656619,0.01722734088656619,-0.05861816826277266,-0.13344424398638463,000720
3,Daewoo_E&C,건설,2023,Q4,0.012754155932358957,0.9944356490035645,-0.0,-0.34542351015379125,0.06668451554715005,-0.07592767235531439,-0.20358083227919277,-0.07592767235531461,-0.07592767235531483,6.506573608767526,-0.12276325830539894,047040
3,KEPCO_KPS,건설,2023,Q4,-0.005219074521145339,-0.6211204798344074,-0.0,-0.13004139667585912,0.021858416828835752,0.0,-0.08005409393520191,0.00383344025211374,0.00383344025211374,0.17221104937946885,-0.06997336372161123,051600
3,HHI_Heavy_Industries,건설,2023,Q4,-0.23524814663391092,1.4653053229518633,-0.0,-0.22381495729223544,-0.0688466199839855,0.4483882802560639,-0.21218150372285316,0.014459345234321463,0.014514652725379995,-1.1182069771563454,0.11118245989957852,097230
