,name,sector,year,quarter,자본총계변화율,자본금변화율,영업이익변화율,매출액변화율,비유동부채변화율,전체 주주 수변화율,Relative Return,자기주식수변화율,1인평균급여변화율,특정 증권 등 소유 수변화율,Label,Code
0,Hyundai_E&C,건설,2024,Q3,0.010893950427219079,-0.0,0.8731394068373319,0.04422052547367561,0.1324744572117157,0.003974374819303961,-0.04709773048671467,0.0,0.0029511897286773614,0.0047284651575669745,-0.04709773048671467,000720
0,Daewoo_E&C,건설,2024,Q3,-0.003948731174644227,-0.0,2.130372112755584,0.1188062523279908,-0.012907026887353679,-0.009415802864120693,-0.011435138999614868,-0.009740477608212839,-0.011404266523515005,1.0,-0.011435138999614868,047040
0,KEPCO_KPS,건설,2024,Q3,-0.027304002391263626,-0.0,0.4422912390528241,0.17874074215346403,-0.1243973878111646,-0.011314756507268653,0.04173686145272031,0.0,0.021967031939308712,0.0835952818849437,0.04173686145272031,051600
0,HHI_Heavy_Industries,건설,2024,Q3,-0.16703317716798938,-0.0,1.8261261712682266,0.06403631861328929,0.22586166509343164,0.14256238556873002,0.07948973082433752,0.4773742065421176,0.15323325046581826,-0.3158252430968924,0.07948973082433752,097230
