,name,sector,year,quarter,자본총계변화율,영업이익변화율,자본금변화율,전체 주주 수변화율,Relative Return,자기주식수변화율,1인평균급여변화율,유통주식수변화율,발행주식의 총수변화율,특정 증권 등 소유 증감 수변화율,Label,Code
2,Hyundai_E&C,건설,2024,Q1,-0.020989310947844064,-1.860783815094233,-0.0,0.30415924248607085,-0.13344424398638463,0.0,0.1474939249467222,-0.06512666994683958,-0.06512666994683958,-1.354585693629462,-0.09454018046106982,000720
2,Daewoo_E&C,건설,2024,Q1,-0.0012160842664583615,-91.48956342927211,-0.0,0.18957945288111067,-0.12276325830539894,0.011096028651321865,0.10449111738290451,0.011096028651322198,0.011096028651321976,1.2326575342465753,-0.15396748859876855,047040
2,KEPCO_KPS,건설,2024,Q1,0.038558484662307824,0.13388276511835173,-0.0,0.1133901722327253,-0.06997336372161123,0.0,0.027824693375639087,-0.0583242163566422,-0.0583242163566422,1.6758697554370408,-0.000988281889000929,051600
2,HHI_Heavy_Industries,건설,2024,Q1,-0.04086594085100281,0.34419069669543256,-0.0,0.17326011440262745,0.11118245989957852,-0.7777956754199993,0.16730111024320005,-0.020307405232943276,-0.020361446381772952,0.547420449694681,-0.2856728371292514,097230
