,name,year,quarter,sector,Relative Return,이익잉여금 변화율,매출액 변화율,법인세차감전 순이익 변화율,자본총계 변화율,영업이익 변화율,Label,Code
29,SK텔레콤,2017,Q3,커뮤니케이션서비스,-0.14516512165094828,0.02944475190956619,0.01508410968507512,0.5112554576380146,0.028480324168502325,-0.0901225916409285,-0.019053309746288723,017670
29,제일기획,2017,Q3,커뮤니케이션서비스,-0.08097144900981183,0.03646499677654935,-0.01532109333546261,-0.516882652372052,0.04320223494102171,-0.4476295466558581,-0.03791708898999439,030000
29,KT,2017,Q3,커뮤니케이션서비스,-0.2128665420724176,-0.012451208731097507,0.004528742840556044,0.29691871912674017,0.013690580835618915,-0.09947350436424074,0.00493876419356485,030200
29,LG유플러스,2017,Q3,커뮤니케이션서비스,-0.2689573504888074,0.09207291515404781,0.01631781051269865,0.04774129899831281,0.029113068522721663,0.02860916956908066,0.0437630148841488,032640
29,SBS,2017,Q3,커뮤니케이션서비스,-0.1968680539354869,-0.007100721926797782,-0.1508315368359,-1.3361242528200485,-0.005327944979452104,-1.509314674312715,0.09360478545121158,034120
29,NAVER,2017,Q3,커뮤니케이션서비스,-0.08133249393336664,0.05111283360445418,0.05206955374118949,0.012971371279023147,0.04787481885811151,0.04273986914265704,0.023345685819727034,035420
29,엔씨소프트,2017,Q3,커뮤니케이션서비스,-0.017220693032416495,0.19151877562870867,2.220824232255106,5.384112835924518,0.12359171719960371,6.071162824723801,0.03490457706709513,036570
