,name,year,quarter,sector,Relative Return,이익잉여금 변화율,매출액 변화율,법인세차감전 순이익 변화율,자본총계 변화율,영업이익 변화율,Label,Code
19,SK텔레콤,2020,Q1,커뮤니케이션서비스,0.07940777204222457,-0.01618582934118651,0.02745593621912734,146.41943270971635,-0.01611875830913856,1.2156579716121936,-0.09149328654056599,017670
19,제일기획,2020,Q1,커뮤니케이션서비스,0.026178521617852196,-0.08582726173434307,-0.32599964913221413,-0.6184762201738999,-0.10405129185296658,-0.720841749030648,-0.182698934053911,030000
19,KT,2020,Q1,커뮤니케이션서비스,0.13154985149695408,0.004563942900759788,-0.03845889153724191,-8.461797791461695,0.003027906128862057,4.557297076717614,-0.21255341282114848,030200
19,LG유플러스,2020,Q1,커뮤니케이션서비스,0.255394207892362,-0.007803249059279094,0.03930670022452132,0.4344219170561727,-0.0043489952306859925,0.122628762328308,-0.39082758122796,032640
19,SBS,2020,Q1,커뮤니케이션서비스,-0.11715481171548114,-0.03576667822644075,-0.2898872213822218,-1.3327642394650392,-0.028062445774484468,-1.280022269772446,-0.3134700612036054,034120
19,NAVER,2020,Q1,커뮤니케이션서비스,0.2515951882845189,0.034723317936365516,-0.07369796058639022,0.09152592356150624,0.03218038402654644,-0.0995581565313799,0.13555406293265354,035420
19,엔씨소프트,2020,Q1,커뮤니케이션서비스,0.11525108026487893,0.03756110212634112,0.39740858712670324,-13.714001745469739,0.01802151738244384,0.445465904560969,-0.08445423926742945,036570
