,name,year,quarter,sector,Relative Return,이익잉여금 변화율,매출액 변화율,법인세차감전 순이익 변화율,자본총계 변화율,영업이익 변화율,Label,Code
11,SK텔레콤,2022,Q1,커뮤니케이션서비스,0.08773444544634806,-0.006657338237303301,0.001395657289828156,0.0019884304123329866,-0.007505024461338716,1.2433740391806873,-0.09228983719541448,017670
11,제일기획,2022,Q1,커뮤니케이션서비스,0.15199566637072034,-0.09562325610677491,-0.056999417177961864,-0.5201557394904961,-0.11223097043996388,-0.09522728146889159,-0.05083642078624897,030000
11,KT,2022,Q1,커뮤니케이션서비스,0.1586502241113292,-0.006010066981626205,-0.013081984591415519,2.341128548422748,-0.004961379437880997,3.6737660360948032,0.04618542425539806,030200
11,LG유플러스,2022,Q1,커뮤니케이션서비스,0.09758954439189928,0.004434849733387924,-0.05923437089143102,1.6513344034737218,0.0024962594536235283,0.8009662784256253,-0.040755412685438884,032640
11,SBS,2022,Q1,커뮤니케이션서비스,0.2580628085436099,0.035586383847089786,-0.020817441580714635,-8.2549329648354,0.027564476476722444,-9.845521416448653,-0.03902019812959706,034120
11,NAVER,2022,Q1,커뮤니케이션서비스,-0.0954829628050622,0.05644841318402749,-0.04708048922056163,0.21065815325393378,0.05756531888251604,-0.11856141062167058,0.004943729452190855,035420
11,엔씨소프트,2022,Q1,커뮤니케이션서비스,-0.017878067465355606,0.019641279561662728,0.06190229107107181,0.8831415044299586,0.038597022382957036,1.468718007038189,-0.08467778245050528,036570
