,name,sector,year,quarter,영업이익변화율,법인세차감전 순이익변화율,매출액변화율,Code
27,SK_Networks,Consumer_Services,2017,Q4,-1505745.4705142789,-1833464.63112059,-1269899.733075499,001740
27,Hotel_Shilla,Consumer_Services,2017,Q4,0.2847419397783292,1.572075971210182,0.06723120297482488,008770
27,Daekyo,Consumer_Services,2017,Q4,0.028216687111926042,0.9367076095531348,0.01906433905415761,019680
27,Kangwon_Land,Consumer_Services,2017,Q4,0.3042130254275759,0.40732556998612035,-0.011615869372369358,035250
27,GKL,Consumer_Services,2017,Q4,0.54910112366395,0.5495214507793954,0.07957874893856298,114090
