,name,sector,year,quarter,영업이익변화율,법인세차감전 순이익변화율,자산총계변화율,매출액변화율,비유동자산변화율,보유 주식 수변화율,Relative Return,특정 증권 등 소유 증감 수변화율,주주 수변화율,전체 주주 수변화율,Label,Code
7,SK_Networks,Consumer_Services,2022,Q4,3.151156677181914,-8.293478260869565,0.03478626658124251,-0.007406336891688348,-0.013025044695842869,-0.015530786831114751,0.014939785327532401,0.1771093882129724,-0.015530786831115195,0.0,-0.05065109660958744,001740
7,Hotel_Shilla,Consumer_Services,2022,Q4,2.206796890109752,86.36404768815275,0.006826922301754301,0.08503461645013166,-0.005323328374043479,-0.13114254618960874,0.09845545652800548,-0.08535568621695933,-0.5238598984861755,-0.2136709974498603,0.13402629764482446,008770
7,Daekyo,Consumer_Services,2022,Q4,-1.101789200894694,-7.1975042721517095,0.14519856902708106,-0.0014033733744849286,0.13564794422001603,-0.02652550586641733,-0.06973899346999522,-0.11479953805652165,-0.4010221033874992,-0.28579560296858,0.08876501380208085,019680
7,Kangwon_Land,Consumer_Services,2022,Q4,0.8407533200766378,0.7147978442449946,-0.05094095578928948,0.15710174692216916,-0.13655399632192555,-0.10052209791315181,0.0031871026499646904,-0.2047359646066671,-0.4890512585393667,-0.4067516389293553,-0.035970715584811325,035250
7,GKL,Consumer_Services,2022,Q4,-0.40548625403724103,2.146480869631195,-0.047280352350949295,-0.24630348289325776,-0.13699439395583846,-0.4837272094465901,0.20649471828730825,-0.06481328374978279,-0.4444725379025751,-0.2830448193093349,0.2557840412862246,114090
