,name,sector,year,quarter,영업이익변화율,법인세차감전 순이익변화율,매출액변화율,Code
2,SK_Networks,Consumer_Services,2024,Q1,-0.21971341728180627,0.3112837743245135,-0.07286990297047025,001740
2,Hotel_Shilla,Consumer_Services,2024,Q1,2.1518997495924994,1.5942200980012797,-0.03138384479312206,008770
2,Daekyo,Consumer_Services,2024,Q1,1.5375216555541593,1.0922240401948549,-0.030179965740816606,019680
2,Kangwon_Land,Consumer_Services,2024,Q1,-0.9040302734175676,-0.269866024809037,-0.13194739694836088,035250
2,GKL,Consumer_Services,2024,Q1,67.96157903541943,-11.331673636045364,-0.07979538862238766,114090
