,name,sector,year,quarter,자본총계변화율,이익잉여금변화율,유동부채변화율,Code
34,SK_Telecom,Telecommunications_&_Media,2016,Q1,0.016301509638258715,0.019388903598981155,0.006979623098061327,017670
34,KT_Corp,Telecommunications_&_Media,2016,Q1,-0.015366109024344876,-0.005588633276864874,0.022980909983756015,030200
34,LG_Uplus,Telecommunications_&_Media,2016,Q1,-0.0008949076471835848,-0.0035141188757445985,-0.045015214319670704,032640
34,SBS_Media,Telecommunications_&_Media,2016,Q1,0.043808277615376756,0.05714151428463987,0.043647594671844536,034120
