,name,sector,year,quarter,자본총계변화율,이익잉여금변화율,유동부채변화율,Code
29,SK_Telecom,Telecommunications_&_Media,2017,Q2,-0.026762935124215348,-0.02242256388268582,0.0642462529516441,017670
29,KT_Corp,Telecommunications_&_Media,2017,Q2,-0.014543862831586596,0.033481636321355035,0.15871658790037657,030200
29,LG_Uplus,Telecommunications_&_Media,2017,Q2,-0.02863303639401149,-0.09644169953535386,0.07117202657526678,032640
29,SBS_Media,Telecommunications_&_Media,2017,Q2,-0.01547511911962074,-0.018901427697254558,-0.3727457993925083,034120
