,name,sector,year,quarter,자본총계변화율,이익잉여금변화율,유동부채변화율,Code
20,SK_Telecom,Telecommunications_&_Media,2019,Q3,-0.005272839815135599,-0.005167917927432875,-0.051114728517988484,017670
20,KT_Corp,Telecommunications_&_Media,2019,Q3,-0.005512160984441072,-0.006679263200211949,-0.03724712826444332,030200
20,LG_Uplus,Telecommunications_&_Media,2019,Q3,-0.014715859345653781,-0.030184311481292747,-0.01621179514198179,032640
20,SBS_Media,Telecommunications_&_Media,2019,Q3,0.007346188008833687,0.009691855631896895,0.2520686236446882,034120
