,name,sector,year,quarter,자본총계변화율,이익잉여금변화율,유동부채변화율,Code
17,SK_Telecom,Telecommunications_&_Media,2020,Q2,-0.021245817659235833,-0.010230286418401402,0.03657308988031771,017670
17,KT_Corp,Telecommunications_&_Media,2020,Q2,-0.013588851547930991,-0.015135173944606173,-0.01167998016772942,030200
17,LG_Uplus,Telecommunications_&_Media,2020,Q2,-0.02015105759750324,-0.03883745959914586,0.009004393909989417,032640
17,SBS_Media,Telecommunications_&_Media,2020,Q2,0.001389482753960558,0.002533632655697282,-0.1977351012669173,034120
