,name,sector,year,quarter,자본총계변화율,이익잉여금변화율,유동부채변화율,Code
8,SK_Telecom,Telecommunications_&_Media,2022,Q3,-0.0007659129162342904,-0.008327753072880473,0.09842448409281335,017670
8,KT_Corp,Telecommunications_&_Media,2022,Q3,-0.06467056627541501,-0.02017232130488722,0.09659871627368999,030200
8,LG_Uplus,Telecommunications_&_Media,2022,Q3,-0.011338885394567066,-0.01955612364472259,0.023305864708065838,032640
8,SBS_Media,Telecommunications_&_Media,2022,Q3,-0.024386014955805724,-0.030613467796701377,0.09888917282600729,034120
