,name,sector,year,quarter,자본총계변화율,이익잉여금변화율,유동부채변화율,Code
9,SK_Telecom,Telecommunications_&_Media,2022,Q2,0.02537794502162538,-0.0030513311321311853,-0.08274628798980976,017670
9,KT_Corp,Telecommunications_&_Media,2022,Q2,0.0023558823305563914,-0.001892953759987881,-0.09700852115759928,030200
9,LG_Uplus,Telecommunications_&_Media,2022,Q2,-0.030054773683839242,-0.05228681887479025,0.022196907535085963,032640
9,SBS_Media,Telecommunications_&_Media,2022,Q2,-0.07841714153849466,-0.10045414653481588,0.052207548454689445,034120
