,name,sector,year,quarter,자본총계변화율,이익잉여금변화율,유동부채변화율,Code
4,SK_Telecom,Telecommunications_&_Media,2023,Q3,0.010567793969148531,-0.004622697487933758,-0.022274316833696073,017670
4,KT_Corp,Telecommunications_&_Media,2023,Q3,-0.014126561373704272,-0.009032345892431959,-0.12536638437106684,030200
4,LG_Uplus,Telecommunications_&_Media,2023,Q3,-0.006457830204534609,-0.010768173454581698,-0.04277313160520313,032640
4,SBS_Media,Telecommunications_&_Media,2023,Q3,-0.007228628672820037,-0.008926752039945196,-0.47065384685728695,034120
