,name,sector,year,quarter,자본총계변화율,이익잉여금변화율,유동부채변화율,Code
3,SK_Telecom,Telecommunications_&_Media,2023,Q4,0.012899162910763762,0.00394816903379458,-0.09706513798725558,017670
3,KT_Corp,Telecommunications_&_Media,2023,Q4,-0.004016053803668207,-0.000252366987049113,-0.004665146803319642,030200
3,LG_Uplus,Telecommunications_&_Media,2023,Q4,-0.010378595963690174,-0.01593491260799329,-0.08247769185316733,032640
3,SBS_Media,Telecommunications_&_Media,2023,Q4,-0.03567666277111403,-0.0038366815965229506,-0.01800458900464119,034120
