Feature,Importance
F_법인세차감전 순이익 변화율,0.8072832929632197
M_금리 변화율,0.0445595816387172
M_실업률 변화율,0.03722422984846106
M_국제유가 변화율,0.036762323578106146
M_소비자물가지수 변화율,0.027050124901306673
M_환율 변화율,0.025150735464622837
