Feature,Importance
F_법인세차감전 순이익 변화율,0.8114473312770109
M_국제유가 변화율,0.066027110404443
M_소비자물가지수 변화율,0.04251355989024702
M_수출액 변화율,0.041086764446795127
M_실업률 변화율,0.03892523398150408
