Feature,Importance
F_비유동부채 변화율,0.17457973833805682
F_이익잉여금 변화율,0.17404872458424336
F_법인세차감전 순이익 변화율,0.1672384740866914
F_매출액 변화율,0.16606464206349603
F_영업이익 변화율,0.15981665411005516
F_유동자산 변화율,0.15825176681745712
