Feature,Average_Importance
F_법인세차감전 순이익 변화율,0.8090452278889619
M_금리 변화율,0.05746234449694713
M_국제유가 변화율,0.0471971469241772
M_실업률 변화율,0.0465837870423501
M_소비자물가지수 변화율,0.03971149364756369
