Feature,Importance
M_금리 변화율,0.27525426663371816
M_국제유가 변화율,0.1837312825680973
M_주택가격 변화율,0.18034102823305656
M_실업률 변화율,0.16869599494521711
M_소비자물가지수 변화율,0.11322163328745437
M_환율 변화율,0.07875579433245662
