Feature,Average_Importance
F_법인세차감전 순이익 변화율,0.8028526462675947
M_소비자물가지수 변화율,0.036164331938483195
M_GDP 변화율,0.032508095749815814
M_주택가격 변화율,0.03212139297097083
M_환율 변화율,0.02140233888705218
M_수출액 변화율,0.021353156105237463
