Variable,VIF
const,1.0899401554731591
F_법인세차감전 순이익 변화율,1.0013639693139982
M_소비자물가지수 변화율,1.386978979477496
M_환율 변화율,17.83039387298915
M_금리 변화율,3.091420179134198
M_수출액 변화율,16.995392662807205
M_실업률 변화율,4.698652767703717
M_국제유가 변화율,3.881749987473727
