Variable,VIF
const,1.119604399351802
F_법인세차감전 순이익 변화율,1.0014804627099128
M_소비자물가지수 변화율,1.3870533662337508
M_환율 변화율,31.46213375846374
M_금리 변화율,3.0944422151722377
M_수출액 변화율,17.14791256822576
M_실업률 변화율,6.231311218881334
M_국제유가 변화율,4.334471587379815
M_주택가격 변화율,32.161554563592816
