,Feature,Average_Importance
0,F_비유동자산 변화율,0.12002919517090241
1,F_자산총계 변화율,0.11435246271333488
2,F_자본총계 변화율,0.06516054436290888
3,F_매출액 변화율,0.06472052667756945
4,F_영업이익 변화율,0.059040915835940656
5,F_비유동부채 변화율,0.05612751109877227
