,Feature,Average_Importance
0,F_비유동자산 변화율,0.13790077435567122
1,F_자산총계 변화율,0.12902126362914518
2,F_매출액 변화율,0.06447147155907372
3,F_자본총계 변화율,0.06276545992101971
4,F_유동자산 변화율,0.06114997604759398
