,Feature,Importance
0,F_비유동자산 변화율,0.2914884829940984
1,F_자산총계 변화율,0.287433147712911
2,F_자본총계 변화율,0.21592246854496633
3,F_매출액 변화율,0.20515590074802428
