,Feature,Average_Importance
0,F_비유동자산 변화율,0.13505674877188506
1,F_자산총계 변화율,0.13054636280555465
2,F_매출액 변화율,0.06497480172626066
3,F_자본총계 변화율,0.06392966102486612
4,F_영업이익 변화율,0.05983105027301859
5,F_유동자산 변화율,0.05854648412249428
