,Feature,Importance
0,F_비유동자산 변화율,0.2273080137789125
1,F_자산총계 변화율,0.20400887001455073
2,F_매출액 변화율,0.1512502744665259
3,M_금리 변화율,0.14328570381477115
4,F_자본총계 변화율,0.14263698816790876
5,F_유동부채 변화율,0.13151014975733089
