{"_step":0,"CAGR":0.1297253753290149,"SHARPE RATIO":0.39315782242956904,"MDD":0.1428771983341697,"_wandb":{"runtime":6872},"_timestamp":1.7518265175980818e+09,"_runtime":6872.760749955}