Variable,VIF
const,1.1227266498318165
F_유동자산 변화율,1.342502670247784
F_비유동자산 변화율,1.5312592311256887
F_자산총계 변화율,1.8426349006796165
F_유동부채 변화율,9.050206060560633
F_비유동부채 변화율,1.1195280307930642
F_부채총계 변화율,8.429600966650838
F_이익잉여금 변화율,1.0098355320911023
F_자본총계 변화율,1.075474513866322
F_매출액 변화율,1.3535897676062278
F_영업이익 변화율,1.0120531439466678
F_법인세차감전 순이익 변화율,1.0072327650201875
F_당기순이익 변화율,inf
F_당기순이익(손실) 변화율,inf
Relative Return,1.0376560542986981
