Variable,VIF
const,1.2248442192818105
F_당기순이익(손실) 변화율,1.007987129416557
M_소비자물가지수 변화율,2.2736001905610004
M_환율 변화율,1.411575316119397
M_GDP 변화율,2.765241215634405
M_금리 변화율,1.9138979329182895
M_수출액 변화율,2.564707680357371
M_실업률 변화율,2.445982892238761
M_국제유가 변화율,2.0206698504045004
M_주택가격 변화율,1.7403526141515753
