Variable,VIF
const,1.0858920174645552
F_당기순이익 변화율,1.0042061225648722
M_소비자물가지수 변화율,1.3030627866797662
M_금리 변화율,3.16768120829391
M_수출액 변화율,6.472025185705771
M_실업률 변화율,2.8570717699172454
M_국제유가 변화율,3.621757979665679
