,Feature,Importance
0,F_유동자산 변화율,0.6207826930210362
1,M_국제유가 변화율,0.0892384845890536
2,M_실업률 변화율,0.08245267964225686
3,P_1인평균급여 변화율,0.0810243235506159
4,M_수출액 변화율,0.07830810017110482
5,P_기초 소유 주식 수 변화율,0.04819371902593267
