,Feature,Average_Importance
0,F_당기순이익 변화율,0.7330666657337727
2,M_금리 변화율,0.0999804357961527
1,M_국제유가 변화율,0.06026865689549854
4,M_실업률 변화율,0.05534784032131914
3,M_소비자물가지수 변화율,0.051336401253257016
