,Feature,Importance
0,M_금리 변화율,0.22332387295080042
1,F_자본금 변화율,0.1951657446979804
2,P_1인평균급여 변화율,0.1816818770496063
3,P_보유 주식 수 변화율,0.1681370468796594
4,M_실업률 변화율,0.12223249619004886
5,P_기초 소유주식 지분율 변화율,0.10945896223190453
