,Feature,Importance
0,M_금리 변화율,0.21104769977153454
1,F_자본금 변화율,0.20058122455387672
2,P_보유 주식 수 변화율,0.175575066077175
3,P_1인평균급여 변화율,0.1677324980572701
4,M_국제유가 변화율,0.13964286145732205
5,P_기초 소유주식 지분율 변화율,0.10542065008282167
