,Feature,Average_Importance
0,F_당기순이익(손실) 변화율,0.6952479428159272
1,M_환율 변화율,0.04905618776598084
2,M_금리 변화율,0.04867831190278157
3,M_소비자물가지수 변화율,0.04637127916794146
4,M_주택가격 변화율,0.04362895642126243
5,M_GDP 변화율,0.034802758515044246
