,Feature,Average_Importance
0,F_당기순이익(손실) 변화율,0.6960879692446807
1,M_환율 변화율,0.04872271910013106
2,M_금리 변화율,0.04780330099222556
3,M_소비자물가지수 변화율,0.04501866549616383
4,M_주택가격 변화율,0.04496133474151033
5,M_GDP 변화율,0.03553735323162641
