,name,year,quarter,sector,Relative Return,자본총계 변화율,전체 주주 수 변화율,국제유가 변화율,실업률 변화율,매출액 변화율,영업이익 변화율,이익잉여금 변화율,비유동부채 변화율,유동부채 변화율,Label,Code
7,Hyundai_E&C,2022,Q4,건설,-0.018518861289008953,0.05563623522677108,-0.28663137271249317,0.12070563315019511,-0.023809523809523725,-0.11415858132429668,0.524351486401605,0.01871486622447127,0.0719168863318348,-0.03585692721078382,-0.09972903958822289,000720
7,Daewoo_E&C,2022,Q4,건설,-0.21307091940038914,0.028802675861330895,0.08267614756171804,0.12070563315019511,-0.023809523809523725,-0.12439276111343678,0.7032133090605249,0.03499466153746733,-0.10932240173149554,0.026489877651758476,-0.018137974571275115,047040
7,KEPCO_KPS,2022,Q4,건설,-0.010077302847450523,-0.030682692669823153,-0.08545404499161724,0.12070563315019511,-0.023809523809523725,-0.1657805753667856,-0.5537825743475939,-0.03090949376840868,-0.4401843831188659,-0.07519387774150443,-0.0724197606017878,051600
7,HHI_Heavy_Industries,2022,Q4,건설,-0.30744341987648893,0.00579246257098609,0.043535143914102625,0.12070563315019511,-0.023809523809523725,-0.5004752923425122,17.61764705882353,-0.003743302913495894,0.24052022666848494,-0.3714347707743466,-0.10859056322759104,097230
