{"_step":0,"_wandb":{"runtime":5644},"CAGR":0.004479689721130498,"SHARPE RATIO":0.12291275881979577,"MDD":0.13393163956494292,"_timestamp":1.7518009146384676e+09,"_runtime":5644.526859842}