Variable,VIF
const,1.090977084871
F_유동자산 변화율,1.1027704837386134
F_비유동자산 변화율,1.7930317589841187
F_자산총계 변화율,6.218941582011773
F_유동부채 변화율,1.700058920692747
F_비유동부채 변화율,1.238676727703954
F_부채총계 변화율,5.8205528391826435
F_이익잉여금 변화율,1.00697216100132
F_자본총계 변화율,3.1510432990935913
F_매출액 변화율,1.0392117695587268
F_영업이익 변화율,1.0337035909613925
F_법인세차감전 순이익 변화율,1.1583226842818408
F_당기순이익 변화율,inf
F_당기순이익(손실) 변화율,inf
Relative Return,1.016099812280488
