,Feature,Importance
0,F_영업이익 변화율,0.20181206796912443
1,M_소비자물가지수 변화율,0.1787869770096803
2,F_부채총계 변화율,0.15872019265332146
3,F_유동부채 변화율,0.15645013708423688
4,F_이익잉여금 변화율,0.15277188949144765
5,F_비유동부채 변화율,0.15145873579218916
