,Feature,Importance
0,F_영업이익 변화율,0.09573994242066795
1,F_비유동부채 변화율,0.0908410298069771
2,F_비유동자산 변화율,0.06955605552851579
3,F_매출액 변화율,0.06682123900460978
4,F_부채총계 변화율,0.06480815401481284
5,F_이익잉여금 변화율,0.06457129883317352
