,Feature,Average_Importance
3,F_영업이익 변화율,0.23186507471229026
1,F_비유동부채 변화율,0.20261030708170527
0,F_부채총계 변화율,0.20026580696531887
5,F_자산총계 변화율,0.19559833641109506
6,M_소비자물가지수 변화율,0.19317977491873392
