,Feature,Importance
0,F_유동자산 변화율,0.30428895738709083
2,F_이익잉여금 변화율,0.2427553419730396
3,F_자본총계 변화율,0.24082624314151377
1,M_실업률 변화율,0.21212945749835577
