,Feature,Importance
0,F_법인세차감전 순이익 변화율,0.2160785046737279
4,F_유동부채 변화율,0.1931924155104186
5,F_자산총계 변화율,0.18721744527648748
2,F_부채총계 변화율,0.17905738917203778
3,M_금리 변화율,0.1353811859877373
1,M_수출액 변화율,0.08907305937959097
