,Feature,Importance
0,F_영업이익 변화율,0.28789252705010626
1,F_부채총계 변화율,0.2547959396133469
2,F_유동부채 변화율,0.2352214644733465
3,M_소비자물가지수 변화율,0.22209006886320026
