,name,sector,year,quarter,유동자산변화율,비유동부채변화율,자산총계변화율,Code
30,S-1_Corporation,Financials,2017,Q1,-0.10030553776700746,-0.010435608525324547,-0.021507759041744956,012750
