,name,sector,year,quarter,유동자산변화율,비유동부채변화율,자산총계변화율,Code
25,S-1_Corporation,Financials,2018,Q2,0.08513088595712581,-0.007122094532657108,0.03446445354363492,012750
