,name,sector,year,quarter,유동자산변화율,비유동부채변화율,자산총계변화율,Code
20,S-1_Corporation,Financials,2019,Q3,-0.08399935912433754,-0.02282881959056815,-0.03275971035151515,012750
