,name,sector,year,quarter,유동자산변화율,비유동부채변화율,자산총계변화율,Code
7,S-1_Corporation,Financials,2022,Q4,-0.04040571644925395,0.1487437393522434,-0.03295165199723038,012750
