,name,sector,year,quarter,유동자산변화율,비유동부채변화율,자산총계변화율,Code
1,S-1_Corporation,Financials,2024,Q2,0.023884616126494063,-0.09875986231562539,0.01284276311569399,012750
