,name,sector,year,quarter,비유동부채변화율,자산총계변화율,비유동자산변화율,Relative Return,발행금액변화율,전체 주주 수변화율,주식액면가액변화율,기초 소유 주식 수변화율,전체 주식 수변화율,특정 증권 등 소유 수변화율,Label,Code
34,Samsung_SDS,IT 서비스,2016,Q2,-0.1721170143193842,0.00022765225758891727,0.030483586514598482,-0.33296884431443563,0.0,-0.003926053319260658,-0.006827721844109069,-0.011083237084382302,-0.0051016253016138435,0.01101375398796145,-0.18336138753142145,018260
33,NAVER_Corp,IT 서비스,2016,Q2,-0.019842400758606216,-0.05971121944017033,-0.06178042716508392,-0.047400691011111565,0.0,-0.05869245742500939,-0.05380720318558496,-0.06552259243933789,-0.06368913584289548,-0.0604234266459982,0.10667592256749617,035420
33,NCSOFT,IT 서비스,2016,Q2,-0.032901021198949554,0.004535590560093339,0.04967955079243325,0.16272755631154245,-0.021519490869206237,-0.015641561493774603,-0.034139711066050626,0.02587183189902842,-0.0165869121793647,-0.02354916526055173,-0.0631293813802497,036570
33,Hyundai_Livart,기타제조,2016,Q2,-0.0896999607289588,-0.008827556197974484,-0.0495671825736792,-0.027413288758880074,-0.0010875855641390153,-0.008461347229221428,-0.012110990093902263,-0.021180343169008742,-0.009899009201220998,0.04383095156688044,-0.24154854367579764,079430
