,name,sector,year,quarter,비유동부채변화율,자산총계변화율,비유동자산변화율,Relative Return,발행금액변화율,전체 주주 수변화율,주식액면가액변화율,기초 소유 주식 수변화율,전체 주식 수변화율,특정 증권 등 소유 수변화율,Label,Code
35,Samsung_SDS,IT 서비스,2016,Q1,-0.2742725024114041,0.029511231426023854,0.04191336826977432,0.0,0.0,-0.006033918315386133,0.48593736686405586,0.4284652606874346,-0.0008864535962125331,-0.015203188637527898,-0.33296884431443563,018260
34,NAVER_Corp,IT 서비스,2016,Q1,-0.019203807910594284,-0.03791255100552271,-0.02222466394847289,0.0,0.0,-0.09531074908533599,0.598842179322,-0.13859185313853173,-0.021978645023121857,-0.006924830977089513,-0.047400691011111565,035420
34,NCSOFT,IT 서비스,2016,Q1,-1.879133418682858,-0.015366468307579595,-0.06410064805983007,0.0,-0.08182100720997787,-0.08316397592431723,0.42051356269152085,0.5030954089767521,-0.08142932622253851,-0.07918883144049182,0.16272755631154245,036570
34,Hyundai_Livart,기타제조,2016,Q1,-0.047196289958503,-0.029825407420048577,-0.03419121721904106,0.0,0.6415930333756572,0.1424545469157138,0.5925294256647551,-0.27280269973630045,0.1372938087177047,0.3588691726543859,-0.027413288758880074,079430
