,name,sector,year,quarter,Relative Return,비유동자산 변화율,자산총계 변화율,실업률 변화율,GDP 변화율,특정 증권 등 소유 수 변화율,특정 증권 등 소유 증감 수 변화율,특정 증권 등 소유 증감 비율 변화율,특정 증권 등 소유 비율 변화율,발행할 주식 총수 변화율,Label,Code
31,Samkwang_Glass,전기·가스,2016,Q4,-0.17086100279827537,-0.015566616956715684,0.009052563967985705,0.06896551724137923,-0.00772594542518501,-0.08865661632592259,-0.08865661632592259,-0.08865661632592259,-0.08865661632592237,0.6425552895024143,-0.08285949266315398,005090
31,Korea_Electric_Power_Corporation_(KEPCO),전기·가스,2016,Q4,-0.15562882030084718,-0.004745829788893374,-0.008873296116091112,0.06896551724137923,-0.00772594542518501,-0.08216062953461023,-0.09635164701935794,0.0,0.0,-0.1920923921504667,-0.18009834981771042,015760
31,Korea_Gas_Corporation,전기·가스,2016,Q4,0.0650104078010675,0.011484497835075658,0.020621852751573688,0.06896551724137923,-0.00772594542518501,-0.04724374170168555,-0.11071692590319104,0.0,0.044299814628618095,-0.8255676031085109,0.09051974067682929,036460
31,Hyundai_Livart,기타제조,2016,Q4,-0.11832971123962736,0.003373924858734778,-0.048947871112559715,0.06896551724137923,-0.00772594542518501,-0.08866425651838017,-0.08866425651838017,-0.08866425651838017,-0.08866425651838017,-1.047755442164239,-0.028620753201203625,079430
