,name,sector,year,quarter,비유동부채변화율,자산총계변화율,비유동자산변화율,Relative Return,발행금액변화율,전체 주주 수변화율,주식액면가액변화율,기초 소유 주식 수변화율,전체 주식 수변화율,특정 증권 등 소유 수변화율,Label,Code
30,Samsung_SDS,IT 서비스,2017,Q2,-0.5256860324216679,-0.03912749533453286,0.005423801705181974,-0.13498934611908386,0.0,-0.03416580744810194,-0.042673465738421124,-0.045854201941729844,-0.03527902126847482,-0.017733871960646574,0.2642909936443389,018260
29,NAVER_Corp,IT 서비스,2017,Q2,0.021467036266891615,-0.16309527016843117,-0.3862117241147147,0.017175317417948782,0.0,-0.25547142292815805,0.05950747074871743,-0.17354560152250254,-0.23889499025157757,-0.16033053150304744,-0.12733451913570076,035420
29,NCSOFT,IT 서비스,2017,Q2,-0.5857933831479336,-0.17636033349174252,-0.30593702687207935,0.158039541616602,-0.07221748288431029,-0.12171668806323299,-0.21424460616697094,-0.5054106691717073,-0.11419179196794871,-0.18592925312159103,0.12669012321184275,036570
29,Hyundai_Livart,기타제조,2017,Q2,0.09426005999558207,-0.01674705147279343,-0.008206394068743794,0.055622862058685926,-0.020713786475512697,-0.011269947046964157,-0.018822295509392406,-0.007017821750675113,-0.010869482160830612,0.013247108077371283,-0.22269785393930422,079430
