,name,sector,year,quarter,비유동부채변화율,자산총계변화율,비유동자산변화율,Relative Return,발행금액변화율,전체 주주 수변화율,주식액면가액변화율,기초 소유 주식 수변화율,전체 주식 수변화율,특정 증권 등 소유 수변화율,Label,Code
28,Samsung_SDS,IT 서비스,2017,Q4,0.5499494521467453,-0.022841686024634322,0.009762719585531099,-0.09878486720867202,0.0,-0.025839893670758007,-0.761381994959347,-0.510689637834806,-0.027174686065330356,-0.008820498933744592,0.16573262564697833,018260
27,NAVER_Corp,IT 서비스,2017,Q4,0.48065726047233814,-0.07032016926613194,0.005163777138484815,-0.1293571530188478,0.0,-0.02714745681392361,-1.1454946716775605,0.40210262955935994,-0.02118982038517303,-0.05233624459227393,0.15392907392637895,035420
27,NCSOFT,IT 서비스,2017,Q4,-0.2328798610447229,-0.10934398210549956,-0.13454223644000574,0.18356019562419568,-0.11152403410387324,-0.10961153462170925,-0.07969906221679057,-1.0403678931867208,-0.10911258679107494,-0.08999190078919383,-0.048372371190466355,036570
27,Hyundai_Livart,기타제조,2017,Q4,-0.24247522022837864,-0.44711542727249265,-0.2718577490751499,-0.06237846540880498,-0.6240069656837994,-0.3973390439026516,-0.5198332744060168,0.22720741272759182,-0.39714649535030255,-0.8464560962391956,0.41465179242282,079430
