,name,sector,year,quarter,비유동부채변화율,자산총계변화율,비유동자산변화율,Relative Return,발행금액변화율,전체 주주 수변화율,주식액면가액변화율,기초 소유 주식 수변화율,전체 주식 수변화율,특정 증권 등 소유 수변화율,Label,Code
29,Samsung_SDS,IT 서비스,2017,Q3,-0.2926257133595145,-0.013600982809056417,0.00832035958887356,0.2642909936443389,0.0,-0.017597834717953065,-0.015740507664318226,-0.01912499437021986,-0.018429226269800925,-0.008150319234551118,-0.09878486720867202,018260
28,NAVER_Corp,IT 서비스,2017,Q3,-0.024340802579827736,-0.06000556483159247,-0.08914304626138225,-0.12733451913570076,0.0,-0.07372944852986363,-0.02810035208183148,-0.05815999504805158,-0.06759505077118244,-0.058020537560781404,-0.1293571530188478,035420
28,NCSOFT,IT 서비스,2017,Q3,0.03639552753187525,-0.15871232717485562,0.07375669739820567,0.12669012321184275,-0.2045268113580494,-0.09977231381098295,-0.19467174295654965,-0.04745461122429906,-0.11711018172495913,0.04005793257602952,0.18356019562419568,036570
28,Hyundai_Livart,기타제조,2017,Q3,-0.01838575840972778,-0.08443282329627655,-0.02157679501801346,-0.22269785393930422,-0.13995467470436096,-0.1354890795458108,-0.1333997065319461,-0.12067656418409989,-0.1287780239124967,-0.11798933528641276,-0.06237846540880498,079430
