,name,sector,year,quarter,비유동부채변화율,자산총계변화율,비유동자산변화율,Relative Return,발행금액변화율,전체 주주 수변화율,주식액면가액변화율,기초 소유 주식 수변화율,전체 주식 수변화율,특정 증권 등 소유 수변화율,Label,Code
31,Samsung_SDS,IT 서비스,2017,Q1,-0.007435259547843298,0.009396670455106282,0.02413908082127869,-0.09313191975305,0.0,0.005344437963695325,0.463937591470967,0.33362727650007495,0.004653538220524611,0.013040281513948093,-0.13498934611908386,018260
30,NAVER_Corp,IT 서비스,2017,Q1,-0.0023346605719229974,-0.049792050737482496,-0.03287872608672893,-0.12422382193239259,0.0,-0.03811237339650275,0.5179615273455186,-0.28537302781016716,-0.04640602799418447,-0.05204577486807582,0.017175317417948782,035420
30,NCSOFT,IT 서비스,2017,Q1,-0.032035835690512826,-0.005240431475399543,-0.03731809187893664,-0.17416751070225092,0.0009146537700189805,-0.004010343588242815,0.3615270516421345,0.7125379544030099,-0.003012260483714835,-0.0006905387714599698,0.158039541616602,036570
30,Hyundai_Livart,기타제조,2017,Q1,-0.07409636644591888,-0.011244528796613418,-0.007666968365095617,-0.028620753201203625,0.5537549438374967,-0.005686480438894748,0.48717991683666073,-0.6476151927254219,-0.005442591967298682,0.04461060934018224,0.055622862058685926,079430
