,name,sector,year,quarter,비유동부채변화율,자산총계변화율,비유동자산변화율,Relative Return,발행금액변화율,전체 주주 수변화율,주식액면가액변화율,기초 소유 주식 수변화율,전체 주식 수변화율,특정 증권 등 소유 수변화율,Label,Code
24,Samsung_SDS,IT 서비스,2018,Q4,0.23330737718149208,-0.022143059962152822,0.004598999392210978,0.14747273631913801,0.0,-0.022524227340263492,-0.042615044445126316,-0.23884716144937435,-0.023335900226530537,-0.011509813296215254,0.010532364393164032,018260
23,NAVER_Corp,IT 서비스,2018,Q4,0.059690312360360154,0.03221949419410752,-0.01733092727553598,-0.0686999089455923,0.0,0.014790914395436783,0.3923962690341537,-1.2290811584052577,-0.04384950367692064,0.002076882439613792,-0.02038332392994724,035420
23,NCSOFT,IT 서비스,2018,Q4,0.2004434467231152,0.028547113066796137,0.013345937310821898,0.18968501937667637,0.001497364851232863,-0.000687491751734326,-0.24695760010774426,0.6303880587936643,-0.00019080177427377443,-0.014653853025871744,0.17953662630715087,036570
23,Hyundai_Livart,기타제조,2018,Q4,0.06370491356442831,-0.030530496605643664,-0.042692392739305474,0.06552847416749956,-0.10953286554569264,-0.03820053172671356,-0.06570322830222408,0.018514872696872575,-0.038671915575044125,-0.07969128356876731,-0.04197385672308196,079430
