,name,sector,year,quarter,비유동부채변화율,자산총계변화율,비유동자산변화율,Relative Return,발행금액변화율,전체 주주 수변화율,주식액면가액변화율,기초 소유 주식 수변화율,전체 주식 수변화율,특정 증권 등 소유 수변화율,Label,Code
25,Samsung_SDS,IT 서비스,2018,Q3,-0.2981444219244167,-0.03655348051321328,-0.011596615380832676,-0.1739847590345052,0.0,-0.03670472248424539,-0.01602127979963064,-0.02235461526598459,-0.036952660911809154,-0.029665734715674796,0.14747273631913801,018260
24,NAVER_Corp,IT 서비스,2018,Q3,-0.0335247438595645,-0.10143634730507878,-0.46787323893241073,0.02484172898908583,0.0,-0.2826021673166299,0.35698422975551913,-0.15718986044670524,-0.2503747099881639,-0.10559391366384951,-0.0686999089455923,035420
24,NCSOFT,IT 서비스,2018,Q3,0.29057521142385934,0.0923127779260321,0.13203037871476742,-0.07667220925637341,0.028755155316489978,0.03870702551483085,0.09811127727420677,0.26906331039511067,0.037508479735893996,0.03725626583454966,0.18968501937667637,036570
24,Hyundai_Livart,기타제조,2018,Q3,-0.036313964735415816,0.00032448802889550876,-0.012966749237479869,-0.05724547966042545,-0.0004603491907848589,0.002410607931426112,-0.004746872695214233,-0.0010612454238030367,0.002331910162324591,0.06580334164120627,0.06552847416749956,079430
