,name,sector,year,quarter,Relative Return,비유동자산 변화율,자산총계 변화율,실업률 변화율,GDP 변화율,특정 증권 등 소유 수 변화율,특정 증권 등 소유 증감 수 변화율,특정 증권 등 소유 증감 비율 변화율,특정 증권 등 소유 비율 변화율,발행할 주식 총수 변화율,Label,Code
24,Samkwang_Glass,전기·가스,2018,Q3,0.04231279651063926,0.12106833195391165,0.058297659762046705,-0.11607142857142883,-0.005201307569219216,-0.048616537917473224,-0.048616537917473224,-0.048616537917473,-0.048616537917473,-0.048616537917473224,-0.2569725458243405,005090
24,Korea_Electric_Power_Corporation_(KEPCO),전기·가스,2018,Q3,0.024511424014286437,0.003665873599382752,0.004747130860792481,-0.11607142857142883,-0.005201307569219216,-0.027190996886755414,-0.03264819490240889,0.0,0.0,-0.021925591817706813,-0.08745946442899166,015760
24,Korea_Gas_Corporation,전기·가스,2018,Q3,0.37957916085688925,0.005985483320541274,0.019865516942626837,-0.11607142857142883,-0.005201307569219216,0.0013003265115065776,-0.06064469545252282,0.0,0.11763407634911371,-0.00767292074196857,-0.05323630612178163,036460
24,Hyundai_Livart,기타제조,2018,Q3,-0.05724547966042545,-0.012966749237479869,0.00032448802889550876,-0.11607142857142883,-0.005201307569219216,-0.048620471455890435,-0.048620471455890435,-0.048620471455890435,-0.048620471455890435,-0.048620471455890435,0.06552847416749956,079430
