,name,sector,year,quarter,비유동부채변화율,자산총계변화율,비유동자산변화율,Relative Return,발행금액변화율,전체 주주 수변화율,주식액면가액변화율,기초 소유 주식 수변화율,전체 주식 수변화율,특정 증권 등 소유 수변화율,Label,Code
20,Samsung_SDS,IT 서비스,2019,Q4,0.21450394979601195,0.0007541664498353917,0.01346139489428444,-0.0964524939296034,0.0,-0.008502534516557692,-0.01873185877220873,-0.1695116915349888,-0.009598445839522407,0.00035175147588206723,-0.05339095075171696,018260
19,NAVER_Corp,IT 서비스,2019,Q4,-0.1561499976763976,0.03517989913037989,-0.06329678392917781,0.3927821009272622,0.0,-0.014545458831312752,0.40798584221619494,-0.5849414432718811,-0.06692943830550457,0.0010200730425492521,0.10973865804718319,035420
19,NCSOFT,IT 서비스,2019,Q4,0.06279871330420006,-0.014090400073917042,0.012808343253418841,0.11156122062176806,-0.022330493981661537,-0.011654013875530334,-0.24352671983768426,0.35372392060873203,-0.013455131350099014,0.022960384081055385,-0.03600061014889884,036570
19,Hyundai_Livart,기타제조,2019,Q4,0.06429371957457042,-0.03846695200556738,-0.03327027789705728,-0.2043856389390196,-0.30585335552607074,-0.05131567695324746,-0.12425583358120962,-0.4330279677184854,-0.05152066915893938,-0.20471365217075532,-0.08549943719091206,079430
