,name,sector,year,quarter,Relative Return,비유동자산 변화율,자산총계 변화율,실업률 변화율,GDP 변화율,특정 증권 등 소유 수 변화율,특정 증권 등 소유 증감 수 변화율,특정 증권 등 소유 증감 비율 변화율,특정 증권 등 소유 비율 변화율,발행할 주식 총수 변화율,Label,Code
20,Samkwang_Glass,전기·가스,2019,Q3,-0.05199459713901677,0.10252109725951652,0.07814244555304095,0.05084745762711873,-0.0021492760114003584,0.01389027209057736,0.013890272090577138,0.01389027209057725,0.013890272090577138,0.01389027209057725,-0.08454218977069589,005090
20,Korea_Electric_Power_Corporation_(KEPCO),전기·가스,2019,Q3,-0.13790790983251522,0.004258078938752741,0.006130047003405248,0.05084745762711873,-0.0021492760114003584,0.016210215932277006,0.019410731272461068,0.0,0.0,0.004111641760839668,0.03332181162595216,015760
20,Korea_Gas_Corporation,전기·가스,2019,Q3,-0.0661911966863968,-0.028593474725793433,-0.02480714944103246,0.05084745762711873,-0.0021492760114003584,-0.04656178913985176,0.017802050981436057,0.0,-0.14164356677727175,-0.010521195293959895,-0.03889515901461724,036460
20,Hyundai_Livart,기타제조,2019,Q3,-0.15244920080145755,-0.20215935322079126,-0.049519482622467415,0.05084745762711873,-0.0021492760114003584,0.013884013276726281,0.013884013276726281,0.013884013276726281,0.013884013276726281,0.013884013276726392,-0.2043856389390196,079430
