,name,sector,year,quarter,Relative Return,비유동자산 변화율,자산총계 변화율,실업률 변화율,GDP 변화율,특정 증권 등 소유 수 변화율,특정 증권 등 소유 증감 수 변화율,특정 증권 등 소유 증감 비율 변화율,특정 증권 등 소유 비율 변화율,발행할 주식 총수 변화율,Label,Code
19,Samkwang_Glass,전기·가스,2019,Q4,-0.08454218977069589,0.017496024812477362,0.09510341374700038,0.05357142857142849,-0.010051895543270017,0.02439378514921875,0.02439378514921897,0.02439378514921886,0.02439378514921897,0.3875482726071309,-0.12423256283992556,005090
19,Korea_Electric_Power_Corporation_(KEPCO),전기·가스,2019,Q4,0.03332181162595216,-0.013690632004329517,-0.019828825850039644,0.05357142857142849,-0.010051895543270017,-0.0033095612601907742,0.009343845477306045,0.0,0.0,-0.12960120359639093,-0.009254226462942716,015760
19,Korea_Gas_Corporation,전기·가스,2019,Q4,-0.03889515901461724,0.032163959204993486,-0.0345521188446003,0.05357142857142849,-0.010051895543270017,-0.12692800057149323,0.025622394879515564,0.0,-0.2868511839804673,-0.7829528506746681,-0.1233833009541728,036460
19,Hyundai_Livart,기타제조,2019,Q4,-0.2043856389390196,-0.03327027789705728,-0.03846695200556738,0.05357142857142849,-0.010051895543270017,0.024387415724820283,0.024387415724820283,0.024387415724820394,0.024387415724820394,-0.7542644227657636,-0.08549943719091206,079430
