,name,sector,year,quarter,Relative Return,비유동자산 변화율,자산총계 변화율,실업률 변화율,GDP 변화율,특정 증권 등 소유 수 변화율,특정 증권 등 소유 증감 수 변화율,특정 증권 등 소유 증감 비율 변화율,특정 증권 등 소유 비율 변화율,발행할 주식 총수 변화율,Label,Code
18,Samkwang_Glass,전기·가스,2020,Q1,-0.12423256283992556,0.01941517180327601,0.019092533800350253,-0.00943396226415083,0.012864053928269836,-0.017975218837744444,-0.017975218837744666,-0.017975218837744666,-0.017975218837744444,-0.621585678743815,0.05285316478812882,005090
18,Korea_Electric_Power_Corporation_(KEPCO),전기·가스,2020,Q1,-0.009254226462942716,-0.00617708472008438,-0.0032062051600294517,-0.00943396226415083,0.012864053928269836,-0.017787892077056666,-0.016706645399621634,0.0,0.0,0.11251526389500421,-0.11993659168385498,015760
18,Korea_Gas_Corporation,전기·가스,2020,Q1,-0.1233833009541728,0.0075166641727665295,-0.002714984107061724,-0.00943396226415083,0.012864053928269836,0.009092908268336197,-0.016633299234805277,0.0,0.028219449009561304,0.4285215792029785,-0.23695826837166087,036460
18,Hyundai_Livart,기타제조,2020,Q1,-0.08549943719091206,-0.05526495812636889,-0.03872361513170941,-0.00943396226415083,0.012864053928269836,-0.017978150416162242,-0.017978150416162242,-0.017978150416162242,-0.017978150416162242,0.4338639710327242,-0.27315476647426373,079430
