,name,sector,year,quarter,비유동부채변화율,자산총계변화율,비유동자산변화율,Relative Return,발행금액변화율,전체 주주 수변화율,주식액면가액변화율,기초 소유 주식 수변화율,전체 주식 수변화율,특정 증권 등 소유 수변화율,Label,Code
17,Samsung_SDS,IT 서비스,2020,Q3,0.020495625898888647,-0.0145557523841493,0.0038998013193763947,-0.04953195896468987,0.0,-0.017374847741445043,-0.01639203516617882,-0.019069801351817794,-0.0180194025403142,-0.009445045663140084,-0.09890643079189235,018260
16,NAVER_Corp,IT 서비스,2020,Q3,-0.020019764698995024,-0.07082920451377661,0.04179094071026124,0.40781314123755324,0.0,-0.006122721951104859,-0.6080880726397557,-0.002914767818879671,0.005982372697401539,-0.05355377751173007,0.005106819995551987,035420
16,NCSOFT,IT 서비스,2020,Q3,-0.20014608241057052,-0.1660781525255164,-0.30312680665446634,0.18133473083333135,-0.09943396134623961,-0.11803395768156455,-0.19532262468683803,-0.8798669725085368,-0.11518283681488128,-0.1416090206544458,-0.20144840779861387,036570
16,Hyundai_Livart,기타제조,2020,Q3,-0.08074581701527106,0.0150695869552121,-0.046186326671525446,1.1949006518793657,0.07041306125764513,0.012181467027076565,0.03509576587994012,-0.011917185627606575,0.010300442821492783,0.1397785878800637,-0.16049000850450232,079430
