,name,sector,year,quarter,비유동부채변화율,자산총계변화율,비유동자산변화율,Relative Return,발행금액변화율,전체 주주 수변화율,주식액면가액변화율,기초 소유 주식 수변화율,전체 주식 수변화율,특정 증권 등 소유 수변화율,Label,Code
16,Samsung_SDS,IT 서비스,2020,Q4,-0.03515577126428027,-0.01901071007266042,-0.0021462724819958368,-0.09890643079189235,0.0,-0.04513719353166379,-0.0252880584674946,-0.08368530278247022,-0.30717939859170884,-0.013894520041207947,-0.21637727915322452,018260
15,NAVER_Corp,IT 서비스,2020,Q4,-0.17931106171219402,-0.14352738029733736,-0.3042997710709152,0.005106819995551987,0.0,-0.14484972692765719,0.47221923292551016,-0.6284092116768007,-0.9155523200706455,-0.13837554934441165,-0.2740003283729124,035420
15,NCSOFT,IT 서비스,2020,Q4,0.1760384997578216,0.021878373356159386,0.04945279107277356,-0.20144840779861387,-0.006079767772457334,0.0013936307216296795,0.03699327564947785,0.6916174029170081,0.00016123585466154555,0.006963847577807991,-0.10781088963445404,036570
15,Hyundai_Livart,기타제조,2020,Q4,0.07749503119985646,0.009451268752488029,-0.011703721411910895,-0.16049000850450232,0.3670856134103546,-0.004195739437358625,-0.09807906874268424,-0.20101107607155244,-0.21315670834701939,0.020518748558613242,-0.25404895159578644,079430
