,name,sector,year,quarter,비유동부채변화율,자산총계변화율,비유동자산변화율,Relative Return,발행금액변화율,전체 주주 수변화율,주식액면가액변화율,기초 소유 주식 수변화율,전체 주식 수변화율,특정 증권 등 소유 수변화율,Label,Code
18,Samsung_SDS,IT 서비스,2020,Q2,0.26958040552642093,0.025819943148195246,-0.0015183764941999467,-0.036352440333097064,0.0,0.012041498364254055,0.009903719228075647,0.011491771049142452,0.011796948346380676,0.00603994323897683,-0.04953195896468987,018260
17,NAVER_Corp,IT 서비스,2020,Q2,-0.022382525788191776,-0.030157646270244864,-0.05759754953540153,0.10167669419989352,0.0,-0.04532667420245051,0.10388429557150836,-0.05872821791249594,-0.05648988173122271,-0.03752722543056852,0.40781314123755324,035420
17,NCSOFT,IT 서비스,2020,Q2,-0.10062354302693177,-0.024523252984096633,-0.07396743652926308,0.39796205705352206,-0.03333316222677074,-0.05862006937236108,-0.006390684815156922,0.11987803861906887,-0.05351129340513805,-0.12064511248899601,0.18133473083333135,036570
17,Hyundai_Livart,기타제조,2020,Q2,-0.2769113014860647,-0.05558474868964103,-0.11156734453448536,-0.27315476647426373,0.056649870021019955,-0.06990472039668472,0.016865861319793396,-0.10342251694235527,-0.07206712048468633,-0.07111329841301983,1.1949006518793657,079430
