,name,sector,year,quarter,비유동부채변화율,자산총계변화율,비유동자산변화율,Relative Return,발행금액변화율,전체 주주 수변화율,주식액면가액변화율,기초 소유 주식 수변화율,전체 주식 수변화율,특정 증권 등 소유 수변화율,Label,Code
12,Samsung_SDS,IT 서비스,2021,Q4,-0.17735015903742202,-0.017168206973899425,-0.04682723741585959,-0.04418348527349884,0.0,-0.42942875187407603,-0.02156901519341914,0.19329067942296674,-0.24350446531714387,-0.026926870847695294,-0.002357565737225578,018260
11,NAVER_Corp,IT 서비스,2021,Q4,-0.18588136712418368,-0.07318435560675751,-0.04223959082975659,0.014127480611279636,0.0,-0.18410304939979683,-0.35293817049369136,-0.34922113327451454,-0.2799091216877816,-0.0656245606643131,-0.012374321036999744,035420
11,NCSOFT,IT 서비스,2021,Q4,0.047040630715138865,-0.029188218949295575,-0.07592644356328182,-0.18052554212472427,-0.023470466229386977,-0.029536860187601155,0.04717833410000449,0.602881575436971,-0.02861664047065604,-0.03832615791915428,0.0709314941767102,036570
11,Hyundai_Livart,기타제조,2021,Q4,0.10265569715691159,-0.04863494412601854,0.007649735870546737,-0.0497805764202897,-0.04849004198329121,-0.42921391452144175,-0.02789354880292061,-0.1893666041016422,-0.21730719895901118,-0.22116675359636706,-0.1209200095826883,079430
