,name,sector,year,quarter,Relative Return,비유동자산 변화율,자산총계 변화율,실업률 변화율,GDP 변화율,특정 증권 등 소유 수 변화율,특정 증권 등 소유 증감 수 변화율,특정 증권 등 소유 증감 비율 변화율,특정 증권 등 소유 비율 변화율,발행할 주식 총수 변화율,Label,Code
13,Samkwang_Glass,전기·가스,2021,Q2,-0.05793765739987658,0.0031056856629400054,0.004742166123023583,0.11023622047244086,-0.013438380398341998,-0.06501472448938261,-0.06501472448938261,-0.06501472448938261,-0.06501472448938239,-0.06501472448938261,0.2607319750176894,005090
13,Korea_Electric_Power_Corporation_(KEPCO),전기·가스,2021,Q2,-0.22680312924410712,-0.013670842925927795,-0.011245950178649045,0.11023622047244086,-0.013438380398341998,-0.07601317186815626,-0.08546213654463775,0.0,0.0,-0.022687284093687587,0.01872135154154867,015760
13,Korea_Gas_Corporation,전기·가스,2021,Q2,0.011106071107793589,-0.005551969845932536,0.060208716243780214,0.11023622047244086,-0.013438380398341998,0.11700526685061352,-0.07917526260212004,0.0,0.36699159663502523,0.008789755239653974,0.04255615150061958,036460
13,Hyundai_Livart,기타제조,2021,Q2,0.05865235729833593,-0.004424305431686371,-0.03024581242623925,0.11023622047244086,-0.013438380398341998,-0.0650246299635644,-0.0650246299635644,-0.06502462996356417,-0.06502462996356417,-0.06502462996356417,0.02137115368965494,079430
