,name,sector,year,quarter,비유동부채변화율,자산총계변화율,비유동자산변화율,Relative Return,발행금액변화율,전체 주주 수변화율,주식액면가액변화율,기초 소유 주식 수변화율,전체 주식 수변화율,특정 증권 등 소유 수변화율,Label,Code
14,Samsung_SDS,IT 서비스,2021,Q2,0.015313970411184208,0.0014078718536177925,-0.024275868465569506,0.015434341406042648,0.0,-0.004807363764008921,-0.0007646146962891898,0.0006796090818430578,-0.004350235860691276,-0.01349634870388372,-0.09632698669243511,018260
13,NAVER_Corp,IT 서비스,2021,Q2,-0.24023206830392496,-0.06728673522872541,-0.14597046028248495,0.22773921793564778,0.0,-0.11606260399231116,0.3843274913807192,-0.09020831656567552,-0.11505135854640924,-0.07972970455306627,0.059454488394569356,035420
13,NCSOFT,IT 서비스,2021,Q2,-0.024130532776718283,0.04296190324089122,-0.06386839909381492,-0.14565554444851758,0.05591042648936839,0.024988561296825917,-0.01996210939904608,-0.19702804575152433,0.030422903753810182,-0.0546010931103309,-0.12584566579723958,036570
13,Hyundai_Livart,기타제조,2021,Q2,0.0068525152368724696,-0.03024581242623925,-0.004424305431686371,0.05865235729833593,-0.035126350588649435,-0.03340561566193356,-0.0236830439928859,-0.02573404711789573,-0.03268075536714865,-0.13673616825004653,0.02137115368965494,079430
