,name,sector,year,quarter,Relative Return,비유동자산 변화율,자산총계 변화율,실업률 변화율,GDP 변화율,특정 증권 등 소유 수 변화율,특정 증권 등 소유 증감 수 변화율,특정 증권 등 소유 증감 비율 변화율,특정 증권 등 소유 비율 변화율,발행할 주식 총수 변화율,Label,Code
12,Samkwang_Glass,전기·가스,2021,Q3,0.2607319750176894,0.024350397298711024,-0.012042865848240325,0.1504424778761062,-0.0003381422427111147,-0.06936833295183198,-0.06936833295183198,-0.0693683329518322,-0.06936833295183198,-0.06936833295183198,0.10323885600193705,005090
12,Korea_Electric_Power_Corporation_(KEPCO),전기·가스,2021,Q3,0.01872135154154867,0.0004507824965080953,0.0021819133475471375,0.1504424778761062,-0.0003381422427111147,-0.05978142786505569,-0.06482093462772265,0.0,0.0,-0.023413772258737087,0.033583932239710505,015760
12,Korea_Gas_Corporation,전기·가스,2021,Q3,0.04255615150061958,-0.009081386801230495,-0.056666433785450554,0.1504424778761062,-0.0003381422427111147,-0.14318198626080214,-0.07871547803583345,0.0,-0.2187950816626112,-0.05657915210201225,0.40432599982135214,036460
12,Hyundai_Livart,기타제조,2021,Q3,0.02137115368965494,-0.002147363776757283,0.01895267138294865,0.1504424778761062,-0.0003381422427111147,-0.06937312571652332,-0.06937312571652332,-0.06937312571652354,-0.06937312571652354,-0.06937312571652332,-0.0497805764202897,079430
