,name,sector,year,quarter,비유동부채변화율,자산총계변화율,비유동자산변화율,Relative Return,발행금액변화율,전체 주주 수변화율,주식액면가액변화율,기초 소유 주식 수변화율,전체 주식 수변화율,특정 증권 등 소유 수변화율,Label,Code
13,Samsung_SDS,IT 서비스,2021,Q3,0.024144616391876705,-0.006280779864990205,-0.003112365868906064,-0.09632698669243511,0.0,-0.010347391216961377,-0.009792294512086075,-0.010667121207712071,-0.010616022909044398,-0.00822794471129984,-0.04418348527349884,018260
12,NAVER_Corp,IT 서비스,2021,Q3,-0.023419350424098928,-0.05058060610826054,-0.07831780652241926,0.059454488394569356,0.0,-0.06386631809551924,0.19678524577384415,-0.07325154787788679,-0.07100567084668241,-0.053683128243864564,0.014127480611279636,035420
12,NCSOFT,IT 서비스,2021,Q3,-0.7529006812101067,-0.08343652263672485,-0.015005768478024484,-0.12584566579723958,-0.11599310716097078,-0.08224600855903086,-0.004526414085838537,0.1651572927981234,-0.08788356424509902,-0.023699462910665936,-0.18052554212472427,036570
12,Hyundai_Livart,기타제조,2021,Q3,0.02707746826218682,0.01895267138294865,-0.002147363776757283,0.02137115368965494,0.003068755622446906,0.01935989569071439,-0.00021027697312758775,0.01569804996947799,0.018794114278414153,0.08325694310997833,-0.0497805764202897,079430
