,name,sector,year,quarter,비유동부채변화율,자산총계변화율,비유동자산변화율,Relative Return,발행금액변화율,전체 주주 수변화율,주식액면가액변화율,기초 소유 주식 수변화율,전체 주식 수변화율,특정 증권 등 소유 수변화율,Label,Code
15,Samsung_SDS,IT 서비스,2021,Q1,-0.23732406807353668,-0.029574355974120836,-0.00807493521535707,-0.21637727915322452,0.0,0.009220211143974533,-0.01851683442710028,0.03625488672579191,0.20771527040982307,-0.01256801077201608,0.015434341406042648,018260
14,NAVER_Corp,IT 서비스,2021,Q1,-4.223453172316372,-0.22083762801067364,-0.10389529898940686,-0.2740003283729124,0.0,-0.3095797727904668,-0.6572617069005278,0.3663128119652629,0.34661788548854466,-0.17765908731780633,0.22773921793564778,035420
14,NCSOFT,IT 서비스,2021,Q1,-0.1220968132557485,-0.05879641651162837,-0.13425251317707443,-0.10781088963445404,-0.03974980371448478,-0.052529979360787626,-0.024337274862217928,-2.147432256186731,-0.05011321330599405,-0.04901991882784107,-0.14565554444851758,036570
14,Hyundai_Livart,기타제조,2021,Q1,0.010068840298689818,-0.01349367070508456,0.011847248445459369,-0.25404895159578644,-0.6196405924065684,-0.00020625658854522833,0.07377542559515526,0.16723753251308415,0.17230287799136157,-0.03506276531664043,0.05865235729833593,079430
