,name,sector,year,quarter,비유동부채변화율,자산총계변화율,비유동자산변화율,Relative Return,발행금액변화율,전체 주주 수변화율,주식액면가액변화율,기초 소유 주식 수변화율,전체 주식 수변화율,특정 증권 등 소유 수변화율,Label,Code
11,Samsung_SDS,IT 서비스,2022,Q1,0.08718702161959713,-0.004339285584294972,4.64228996263083e-05,-0.002357565737225578,0.0,0.29285598778924726,0.00031197268526583777,-0.2575810013260762,0.18811833854681492,0.0021933496526871377,-0.03274047015863914,018260
10,NAVER_Corp,IT 서비스,2022,Q1,-0.007191417491552388,-0.05341045163553915,-0.04632575709759279,-0.012374321036999744,0.0,0.06017076062107274,-0.14209515855924226,0.20678542466940664,0.14845909698333037,-0.052880535856093536,-0.022144096435616337,035420
10,NCSOFT,IT 서비스,2022,Q1,0.003852468902441286,0.026778292660038838,0.08250869305366859,0.0709314941767102,0.010502477480920147,0.024494350697549905,-0.10162615670018993,-1.692590625710968,0.021980486591364312,0.03917402690072347,-0.19575478142876435,036570
10,Hyundai_Livart,기타제조,2022,Q1,-0.029096446139159626,0.053059004636918816,0.0020106086880653518,-0.1209200095826883,0.02575464356967938,0.3046678798400395,0.015267573203393114,0.1682928131011071,0.1837318075187231,0.17866506999728526,0.13573040774932488,079430
