,name,sector,year,quarter,Relative Return,비유동자산 변화율,자산총계 변화율,실업률 변화율,GDP 변화율,특정 증권 등 소유 수 변화율,특정 증권 등 소유 증감 수 변화율,특정 증권 등 소유 증감 비율 변화율,특정 증권 등 소유 비율 변화율,발행할 주식 총수 변화율,Label,Code
10,Samkwang_Glass,전기·가스,2022,Q1,-0.08568191434459306,0.012147702202544575,-0.03398776130859371,0.09183673469387776,-0.004832000385876389,-0.03864591146896812,-0.03864591146896812,-0.03864591146896834,-0.03864591146896812,0.3483543894357406,0.14074979926186285,005090
10,Korea_Electric_Power_Corporation_(KEPCO),전기·가스,2022,Q1,-0.04218985085252956,-0.020771047264357634,-0.029354918959550336,0.09183673469387776,-0.004832000385876389,-0.11399491410793039,-0.10265375324621795,0.0,0.0,0.022864487160421443,0.09286183581279435,015760
10,Korea_Gas_Corporation,전기·가스,2022,Q1,-0.18540478710025268,-0.10421501645795295,-0.14933225532318373,0.09183673469387776,-0.004832000385876389,-0.23862711621236832,-0.03566739988673895,0.0,-0.46339779160067995,0.28186700156119926,0.08835621447307734,036460
10,Hyundai_Livart,기타제조,2022,Q1,-0.1209200095826883,0.0020106086880653518,0.053059004636918816,0.09183673469387776,-0.004832000385876389,-0.038643037816624703,-0.038643037816624703,-0.038643037816624926,-0.038643037816624926,0.2417077993948744,0.13573040774932488,079430
