,name,sector,year,quarter,Relative Return,비유동자산 변화율,자산총계 변화율,실업률 변화율,GDP 변화율,특정 증권 등 소유 수 변화율,특정 증권 등 소유 증감 수 변화율,특정 증권 등 소유 증감 비율 변화율,특정 증권 등 소유 비율 변화율,발행할 주식 총수 변화율,Label,Code
4,Samkwang_Glass,전기·가스,2023,Q3,-0.18003044373404953,0.0010677863302566148,-0.04822313616247853,-0.03896103896103886,-0.007533279773421997,-3.003660874057429,-3.0496376864577046,-3.0508138255883672,-3.0061000653427286,-0.0015407770078810223,0.030188577317107765,005090
4,Korea_Electric_Power_Corporation_(KEPCO),전기·가스,2023,Q3,0.1038514859034771,-0.007404629751003755,-0.013007157630387844,-0.03896103896103886,-0.007533279773421997,-2.058103975535168,-1.0244648318042815,0.0,0.0,-0.007392971147673011,-0.08329186654602039,015760
4,Korea_Gas_Corporation,전기·가스,2023,Q3,-0.09736260213026038,-0.016921216760542368,0.014081406749163916,-0.03896103896103886,-0.007533279773421997,1.0,4.715705765407554,0.0,1.0,-0.001457405980508364,-0.03382092216759001,036460
4,Hyundai_Livart,기타제조,2023,Q3,0.05201365051551482,0.009517318030457078,-0.06654453918740777,-0.03896103896103886,-0.007533279773421997,-0.0015383270511775127,-0.0015383270511775127,-0.0015383270511775127,-0.0015383270511775127,-0.0015383270511777347,0.07912884706662607,079430
