,name,sector,year,quarter,비유동부채변화율,자산총계변화율,비유동자산변화율,Relative Return,발행금액변화율,전체 주주 수변화율,주식액면가액변화율,기초 소유 주식 수변화율,전체 주식 수변화율,특정 증권 등 소유 수변화율,Label,Code
4,Samsung_SDS,IT 서비스,2023,Q4,0.041565605186125176,-0.04057159140802291,-0.04672856078200427,0.144397652083816,0.0,-0.022950268973514154,-0.0474502596255979,0.08655913512067537,-0.15414097274867067,-1.0511733052617958,0.16374021949021367,018260
3,NAVER_Corp,IT 서비스,2023,Q4,0.0140283593764442,-0.004259920065930123,0.0025869888065161994,0.142120081682935,0.0,-0.12296103685608695,-0.06057850534614939,0.21218307780595536,-0.0012644731997661918,-1.6776406962988002,0.033189122646982,035420
3,NCSOFT,IT 서비스,2023,Q4,0.011943363080861191,-0.015045277845041172,-0.056278007158893306,-0.20594022317928362,-0.001637666523636394,-0.31434971226837316,-0.025293397368446158,0.5298585467071202,-0.25577926029736164,-0.03231445601575045,-0.008981521354325617,036570
3,Hyundai_Livart,기타제조,2023,Q4,-0.186451457846186,0.027386000655442833,0.010994830462442429,0.07912884706662607,0.04269472969252219,0.008041495277588129,0.03806263117466757,-0.106936955436016,-0.0809251101932531,-0.044788121088160215,-0.24648670764063918,079430
