,name,sector,year,quarter,Relative Return,비유동자산 변화율,자산총계 변화율,실업률 변화율,GDP 변화율,특정 증권 등 소유 수 변화율,특정 증권 등 소유 증감 수 변화율,특정 증권 등 소유 증감 비율 변화율,특정 증권 등 소유 비율 변화율,발행할 주식 총수 변화율,Label,Code
0,Samkwang_Glass,전기·가스,2024,Q3,0.10342671617404431,0.008648976816167941,-0.013159701516329836,0.09523809523809512,-0.0009958598205548341,-34.967809249430445,214.35616784679942,146.29963444144838,-35.73034612516603,0.005184134706684884,0.10342671617404431,005090
0,Korea_Electric_Power_Corporation_(KEPCO),전기·가스,2024,Q3,-0.12729508985956572,-0.004410713010378986,-0.014048948587667143,0.09523809523809512,-0.0009958598205548341,-0.012597874648337504,-0.00807858719101473,0.0,0.0,-0.004739980401701871,-0.12729508985956572,015760
0,Korea_Gas_Corporation,전기·가스,2024,Q3,0.9022771026538032,0.009452534665316925,0.03179665512284624,0.09523809523809512,-0.0009958598205548341,0.28089866636164873,0.8372969227846249,0.0,0.0,0.017961210377890446,0.9022771026538032,036460
0,Hyundai_Livart,기타제조,2024,Q3,0.19951829464511164,0.01859715671800677,0.021977555179949593,0.09523809523809512,-0.0009958598205548341,0.00518667352694735,0.00518667352694735,0.005186673526947239,0.005186673526947239,0.00518667352694735,0.19951829464511164,079430
