,name,sector,year,quarter,비유동부채변화율,자산총계변화율,비유동자산변화율,Relative Return,발행금액변화율,전체 주주 수변화율,주식액면가액변화율,기초 소유 주식 수변화율,전체 주식 수변화율,특정 증권 등 소유 수변화율,Label,Code
1,Samsung_SDS,IT 서비스,2024,Q3,0.010535360203904776,-0.0944884675914277,0.011649499565403731,-0.11847393823442137,0.0,-0.1079467296656289,-0.11090950176405268,-0.12864948016554334,-0.11322364901843707,-0.05866527092504037,0.14676301760193627,018260
0,NAVER_Corp,IT 서비스,2024,Q3,0.011555039451646376,-0.07316684432483367,-0.0017683990791450555,-0.12907458695821175,0.0,-0.024947853388397556,-0.6641389285625483,-0.06286311126801647,-0.034892065664524186,-0.13246721667985195,-0.12907458695821175,035420
0,NCSOFT,IT 서비스,2024,Q3,-0.048422311553787845,0.035668946517511846,-0.03386952294169987,-0.11958368654965867,0.03355837659692851,0.017761062945557793,0.02933857138633622,-0.016815916755384297,0.020522216498287893,-0.20752159248639113,-0.11958368654965867,036570
0,Hyundai_Livart,기타제조,2024,Q3,-0.04685339185181059,0.021977555179949593,0.01859715671800677,0.19951829464511164,0.04028181876198367,0.029482831085699823,0.03239052825269462,0.026045543272722904,0.02966552276001666,0.07364664502264251,0.19951829464511164,079430
