,name,sector,year,quarter,이익잉여금변화율,자본총계변화율,유동자산변화율,Relative Return,특정 증권 등 소유 수변화율,특정 증권 등 소유 증감 수변화율,전체 주주 수변화율,특정 증권 등 소유 비율변화율,1인평균급여변화율,보유 주식 수변화율,Label,Code
31,Samkwang_Glass,전기·가스,2016,Q4,0.02386779693286578,0.02041688100265293,0.04976014645511151,-0.17086100279827537,-0.27046752426923715,-0.2775260689712966,-0.0013956571903204207,-0.27055536660674795,-0.4038700145287717,-0.044775362897772064,-0.08285949266315398,005090
31,Korea_Electric_Power_Corporation_(KEPCO),전기·가스,2016,Q4,0.0032183677988339987,0.0024112613104536607,-0.050210575385608136,-0.15562882030084718,-0.008624570775731533,-0.005597932974271025,-0.015055753346345124,0.0,-0.1379239727956807,-0.009875025333776044,-0.18009834981771042,015760
31,Korea_Gas_Corporation,전기·가스,2016,Q4,0.20351273367802392,0.1591897305306177,0.055918769580537764,0.0650104078010675,0.0719592394364943,0.31887916514241366,-0.03593549581292543,0.42357552037487345,0.9980453510431861,-0.6659841239896362,0.09051974067682929,036460
