,name,sector,year,quarter,이익잉여금변화율,자산총계변화율,비유동자산변화율,자본총계변화율,유동자산변화율,Relative Return,특정 증권 등 소유 수변화율,특정 증권 등 소유 증감 수변화율,1인평균급여변화율,전체 주주 수변화율,Label,Code
32,Samkwang_Glass,전기·가스,2016,Q3,0.011660440947650952,0.0011164795695056684,0.003066232848500161,0.010573798053458927,-0.0021242039190763062,-0.09646654046343,-0.04921153005313128,-0.0505279469793265,-0.010969582325178528,-0.001700987345355065,-0.17086100279827537,005090
32,Korea_Electric_Power_Corporation_(KEPCO),전기·가스,2016,Q3,-0.05629705268722707,-0.007306092342898918,0.0031957093662793312,-0.037793077960783794,-0.12612907100969495,0.021030199611910473,0.030492465021537574,0.027139439877013616,-0.012009497994574625,0.0037119899408233348,-0.15562882030084718,015760
32,Korea_Gas_Corporation,전기·가스,2016,Q3,0.00714254969567496,0.0201139348996342,0.007316689425116318,-0.0055691294091890775,0.06659664236278051,0.04241001620608399,-0.040128718803911,0.011077217697790132,0.019074569403603525,-0.009238920132917938,0.0650104078010675,036460
