,name,sector,year,quarter,이익잉여금변화율,자본총계변화율,유동자산변화율,Relative Return,특정 증권 등 소유 수변화율,특정 증권 등 소유 증감 수변화율,전체 주주 수변화율,특정 증권 등 소유 비율변화율,1인평균급여변화율,보유 주식 수변화율,Label,Code
33,Samkwang_Glass,전기·가스,2016,Q2,-0.0002107680167604542,0.00334164565838746,0.01573796382036352,-0.04982524180050227,0.1307767155125792,0.13352921168055898,0.017399592034517575,0.13081283616198125,0.040058136861092164,0.034385855959773726,-0.09646654046343,005090
33,Korea_Electric_Power_Corporation_(KEPCO),전기·가스,2016,Q2,-0.03955355333175192,-0.026003776812514534,0.3069900967988016,0.17418351762834547,0.08852181245753443,0.08398763772589479,0.012668176490651106,0.0,0.0021082213856166154,0.004053090314584007,0.021030199611910473,015760
33,Korea_Gas_Corporation,전기·가스,2016,Q2,0.02049277575309061,0.015577470444377628,0.0867675350492284,0.020400918891393147,-0.23063877284072665,-1.7677710471923813,0.06973637737849259,10.97387815410581,0.1387803307104396,0.09846950974649082,0.04241001620608399,036460
