,name,sector,year,quarter,이익잉여금변화율,자본총계변화율,유동자산변화율,Relative Return,특정 증권 등 소유 수변화율,특정 증권 등 소유 증감 수변화율,전체 주주 수변화율,특정 증권 등 소유 비율변화율,1인평균급여변화율,보유 주식 수변화율,Label,Code
29,Samkwang_Glass,전기·가스,2017,Q2,0.01926059755835574,0.014204350330609294,-0.03925623495167474,-0.21641324137276635,-0.02863272416086393,-0.028875821290712533,-0.021900918075600684,-0.028639404625357745,-0.03252095225402907,-0.010772062491831935,-0.04474435384479222,005090
29,Korea_Electric_Power_Corporation_(KEPCO),전기·가스,2017,Q2,-0.006772553544130977,-0.004924964634689388,0.056845049337174824,-0.03089287938181612,0.006225283397484183,0.006083568647863524,-0.007847999550675722,0.0,-0.005403248141703898,-0.007208201284072402,-0.23566134645670006,015760
29,Korea_Gas_Corporation,전기·가스,2017,Q2,0.05994416645191092,0.042877799621382384,0.16664316957718717,-0.14728642224594723,-0.05029156978743465,-1.5034079065238695,0.11535353011578531,-2.2124027469274705,0.12988367123977884,0.07119773957999764,0.08270038130100084,036460
