,name,sector,year,quarter,이익잉여금변화율,자산총계변화율,비유동자산변화율,자본총계변화율,유동자산변화율,Relative Return,특정 증권 등 소유 수변화율,특정 증권 등 소유 증감 수변화율,1인평균급여변화율,전체 주주 수변화율,Label,Code
30,Samkwang_Glass,전기·가스,2017,Q1,-0.04153351987690157,0.028252779412959894,0.0824572962193657,-0.034127686127316315,-0.06753549828441452,-0.08285949266315398,-0.046341472190692956,-0.0478053493540469,0.2363747192431821,0.02784669516165761,-0.21641324137276635,005090
30,Korea_Electric_Power_Corporation_(KEPCO),전기·가스,2017,Q1,0.025325509841024774,-0.002637191631320146,-0.012974575438639002,0.01725499916093809,0.09641151666343484,-0.18009834981771042,-0.0496809916796388,-0.05086582011866958,0.11644992788315645,-0.006349110764469312,-0.03089287938181612,015760
30,Korea_Gas_Corporation,전기·가스,2017,Q1,-0.15381327131107358,0.005853547572033602,0.011022328218916355,-0.11038110175689297,-0.015052816077225861,0.09051974067682929,0.030096152522774422,0.42848994161424203,-569.0311730876213,-0.04396086501439678,-0.14728642224594723,036460
