,name,sector,year,quarter,이익잉여금변화율,자본총계변화율,유동자산변화율,Relative Return,특정 증권 등 소유 수변화율,특정 증권 등 소유 증감 수변화율,전체 주주 수변화율,특정 증권 등 소유 비율변화율,1인평균급여변화율,보유 주식 수변화율,Label,Code
27,Samkwang_Glass,전기·가스,2017,Q4,0.11486751946117268,0.09654406905530322,0.2563290244632762,-0.2511239675850891,0.1490979868569009,0.15068061750763484,0.06421340007203402,0.1491434285324661,-0.2245964922350423,0.041528685224770046,-0.08684789916336867,005090
27,Korea_Electric_Power_Corporation_(KEPCO),전기·가스,2017,Q4,0.011181089206153683,0.007688523701589567,-0.16010094131525898,-0.05383304176904171,-0.032804990856025285,-0.027559414169372243,-0.018840695476777247,0.0,-0.10565322128667565,-0.011835036994786163,-0.04246385091318891,015760
27,Korea_Gas_Corporation,전기·가스,2017,Q4,0.019064386590765925,0.011321531472616164,-0.3312887943949201,-0.22219533208255154,-0.2106816634643458,0.3940278055116887,-0.23671093321928405,0.008060805504444102,-1.2454438096126714,-0.8458712824289396,-0.001248045625089244,036460
