,name,sector,year,quarter,이익잉여금변화율,자산총계변화율,비유동자산변화율,자본총계변화율,유동자산변화율,Relative Return,특정 증권 등 소유 수변화율,특정 증권 등 소유 증감 수변화율,1인평균급여변화율,전체 주주 수변화율,Label,Code
28,Samkwang_Glass,전기·가스,2017,Q3,0.0024360803656249264,-0.010718889382444363,0.012006768954565317,0.00028348731282867856,-0.04363543267212866,-0.04474435384479222,0.005714482802053,0.0060835804105635605,-0.02513992161451495,-0.022749782395661278,-0.2511239675850891,005090
28,Korea_Electric_Power_Corporation_(KEPCO),전기·가스,2017,Q3,-0.0390359397667468,0.009773575824206016,0.006237594475345554,-0.02622353303021452,0.0504339524480214,-0.23566134645670006,0.06532467287289545,0.06688065602130766,-0.0013937905777836601,0.01547576427702213,-0.05383304176904171,015760
28,Korea_Gas_Corporation,전기·가스,2017,Q3,0.23708403609044137,0.06117926010417396,0.03442158548742391,0.15512468661434475,0.19079497073996132,0.08270038130100084,0.05288854674045185,-0.018278689671434423,0.06508385076735679,0.06786414007751507,-0.22219533208255154,036460
