,name,sector,year,quarter,이익잉여금변화율,자산총계변화율,비유동자산변화율,자본총계변화율,유동자산변화율,Relative Return,특정 증권 등 소유 수변화율,특정 증권 등 소유 증감 수변화율,1인평균급여변화율,전체 주주 수변화율,Label,Code
23,Samkwang_Glass,전기·가스,2018,Q4,0.062116317712351155,0.0069283053680878615,-0.004412178438075953,0.04939224267673448,0.027001123034638308,-0.2569725458243405,-0.11838273824845635,-0.12069023504658083,-0.4286535169889434,-0.01076055080092364,0.02873754751588839,005090
23,Korea_Electric_Power_Corporation_(KEPCO),전기·가스,2018,Q4,0.015788457752547225,-0.0031770958133878757,0.0011475008651425922,0.0109226739840389,-0.053605324752422856,-0.08745946442899166,-0.0058685109694813775,-0.000925693396334859,-0.10070313723018831,-0.008152536247795439,0.2628459511895095,015760
23,Korea_Gas_Corporation,전기·가스,2018,Q4,-0.028994287467819513,-0.08990955909257425,0.012723141756476375,-0.003158710284548949,-0.6184148892169763,-0.05323630612178163,-0.5814886792074514,0.3346567425395608,-1.1090447903829457,-0.46476306903482145,-0.06811352860717965,036460
