,name,sector,year,quarter,이익잉여금변화율,자산총계변화율,비유동자산변화율,자본총계변화율,유동자산변화율,Relative Return,특정 증권 등 소유 수변화율,특정 증권 등 소유 증감 수변화율,1인평균급여변화율,전체 주주 수변화율,Label,Code
25,Samkwang_Glass,전기·가스,2018,Q2,0.031242806711223814,0.010176218084872235,-0.0035067069391259142,0.02538631186800322,0.038632318900590046,0.34322961292537324,-0.01589503973630757,-0.01643059075009634,0.009440247871997598,0.004790977796649387,0.04231279651063926,005090
25,Korea_Electric_Power_Corporation_(KEPCO),전기·가스,2018,Q2,0.011958064497168075,-0.004321912586206178,-0.0070686600123184284,0.00860686951566314,0.02622814373187421,-0.09681367711791683,-0.03656649893286157,-0.04321755299445318,-0.0002456133278554429,-0.0053724701384290086,0.024511424014286437,015760
25,Korea_Gas_Corporation,전기·가스,2018,Q2,0.05530633419518738,0.026819958036277458,-0.00225539480013226,0.04712586168687527,0.14439615826573748,0.16088288988097577,-0.1869029713252477,-2.341136261107276,0.13403526998585558,0.057972896776458116,0.37957916085688925,036460
