,name,sector,year,quarter,이익잉여금변화율,자본총계변화율,유동자산변화율,Relative Return,특정 증권 등 소유 수변화율,특정 증권 등 소유 증감 수변화율,전체 주주 수변화율,특정 증권 등 소유 비율변화율,1인평균급여변화율,보유 주식 수변화율,Label,Code
26,Samkwang_Glass,전기·가스,2018,Q1,0.026272649195687947,0.017558999489178273,0.05080441415544812,-0.08684789916336867,0.0824083389766801,0.08349203185222964,0.025889117377726922,0.08242661620414393,0.3452808821304788,0.03645906531773957,0.34322961292537324,005090
26,Korea_Electric_Power_Corporation_(KEPCO),전기·가스,2018,Q1,0.028943881252645243,0.020192101602879542,0.053660657651592225,-0.04246385091318891,-0.044069159127744006,-0.038599860100266836,-0.012864752057633266,0.0,0.086888609783762,-0.00640774706025482,-0.09681367711791683,015760
26,Korea_Gas_Corporation,전기·가스,2018,Q1,-0.1894181746446295,-0.11113310047418223,-0.05969527447066181,-0.001248045625089244,0.15704179007621943,0.5868432798510178,-0.006863515493883643,0.7579611889256097,0.44654958823652546,0.38880345546989736,0.16088288988097577,036460
