,name,sector,year,quarter,이익잉여금변화율,자산총계변화율,비유동자산변화율,자본총계변화율,유동자산변화율,Relative Return,특정 증권 등 소유 수변화율,특정 증권 등 소유 증감 수변화율,1인평균급여변화율,전체 주주 수변화율,Label,Code
21,Samkwang_Glass,전기·가스,2019,Q2,-0.0014157547022186634,-0.03638266214948671,-0.12168178444476019,8.99829331003632e-05,0.10921269216034224,0.28347572938421617,0.0008700594862902644,0.001647966755026653,-0.01386164081066199,-0.07580117665767006,-0.05199459713901677,005090
21,Korea_Electric_Power_Corporation_(KEPCO),전기·가스,2019,Q2,-0.0027948717054413486,-0.005602687943200291,-0.008465610224145381,-0.0015707414081922444,0.028053719278337552,-0.14789681963539164,-0.013768728001926966,-0.015695902555761254,-0.005646793897464253,-0.005035145855283307,-0.13790790983251522,015760
21,Korea_Gas_Corporation,전기·가스,2019,Q2,-0.002637532083514582,0.050279988368153394,-0.007436905257416582,0.001535866598410096,0.25125250274436306,-0.11514257804238137,0.2303105704929529,-1.3674656990318939,0.1646053142190076,0.23979953218213013,-0.0661911966863968,036460
