,name,sector,year,quarter,이익잉여금변화율,자본총계변화율,유동자산변화율,Relative Return,특정 증권 등 소유 수변화율,특정 증권 등 소유 증감 수변화율,전체 주주 수변화율,특정 증권 등 소유 비율변화율,1인평균급여변화율,보유 주식 수변화율,Label,Code
22,Samkwang_Glass,전기·가스,2019,Q1,0.03284855284770416,0.03235893278471602,-0.058046628279491586,0.02873754751588839,-0.019632386953825742,-0.019804619543859925,0.0005147320309131231,-0.019634129676772583,0.27770262171651894,0.12667618208708575,0.28347572938421617,005090
22,Korea_Electric_Power_Corporation_(KEPCO),전기·가스,2019,Q1,0.04665705880421267,0.031271591726224734,0.05278278349678367,0.2628459511895095,-0.04322597689864627,-0.03642111570490081,-0.011121731616277053,0.0,0.0945853118557416,-0.0026041384350441454,-0.14789681963539164,015760
22,Korea_Gas_Corporation,전기·가스,2019,Q1,-0.08245079108349884,-0.0461285108923275,0.09480463116744042,-0.06811352860717965,0.21730518919348563,0.41025588337410457,0.10799513390677729,0.4469955439137885,0.41970577870028014,0.4285523488423024,-0.11514257804238137,036460
