,name,sector,year,quarter,이익잉여금변화율,자본총계변화율,유동자산변화율,Relative Return,특정 증권 등 소유 수변화율,특정 증권 등 소유 증감 수변화율,전체 주주 수변화율,특정 증권 등 소유 비율변화율,1인평균급여변화율,보유 주식 수변화율,Label,Code
19,Samkwang_Glass,전기·가스,2019,Q4,0.009756145967281693,0.007572136976193522,0.2487607773343984,-0.08454218977069589,0.1319077301817313,0.13234004659767318,0.12111635047075409,0.1319263006843573,-0.6347084958817455,-0.1857340998991055,-0.12423256283992556,005090
19,Korea_Electric_Power_Corporation_(KEPCO),전기·가스,2019,Q4,0.028147384787170382,0.018756270952355658,-0.0966054395014011,0.03332181162595216,-0.04904321706736248,-0.04036536393103396,-0.02805224621108171,0.0,-0.11812054682815276,-0.24043543223711916,-0.009254226462942716,015760
19,Korea_Gas_Corporation,전기·가스,2019,Q4,0.017988370517073915,-0.004778394120968921,-0.3538026948340436,-0.03889515901461724,-0.2373033683043917,0.3374185476583087,-0.23699918317533197,-0.15261991402103914,-1.0735028513311016,-0.6343604380814909,-0.1233833009541728,036460
