,name,sector,year,quarter,이익잉여금변화율,자산총계변화율,비유동자산변화율,자본총계변화율,유동자산변화율,Relative Return,특정 증권 등 소유 수변화율,특정 증권 등 소유 증감 수변화율,1인평균급여변화율,전체 주주 수변화율,Label,Code
15,Samkwang_Glass,전기·가스,2020,Q4,0.533081475558923,-2.802234101409233,-3.75630529318586,-2.1085400664929685,-0.3318355862265807,0.4242000511577487,-1.480113637466621,-1.4619895710810864,0.4115742121969266,-1.5738176105746584,-0.3651481511383822,005090
15,Korea_Electric_Power_Corporation_(KEPCO),전기·가스,2020,Q4,-0.024548680154163227,-0.012754149603492415,-0.005672432526026672,-0.016453468111738978,-0.09926352380811498,-0.05222500162198392,-0.02137501705289324,-0.03075854845486714,-0.11323786345716269,-0.18716640267242757,0.07613972764949656,015760
15,Korea_Gas_Corporation,전기·가스,2020,Q4,-0.040404518701038006,-0.015870276616551493,0.028599380160948873,-0.042510166676763994,-0.25324966026702445,-0.15399370910497712,-0.07874467526694806,0.29490699388816866,-1.4540135915253347,-3.0751414395022776,-0.018716651776021137,036460
