,name,sector,year,quarter,Relative Return,이익잉여금 변화율,비유동자산 변화율,실업률 변화율,GDP 변화율,특정 증권 등 소유 수 변화율,특정 증권 등 소유 증감 수 변화율,발행할 주식 총수 변화율,보유 주식 수 변화율,전체 주주 수 변화율,Label,Code
15,Samkwang_Glass,전기·가스,2020,Q4,0.4242000511577487,0.533081475558923,-3.75630529318586,-0.04166666666666674,-0.015741758304966824,-0.015492664946867407,-0.01549266494686763,-1.1391667141048627,-0.7244712081988056,0.053681636454503856,-0.3651481511383822,005090
15,Korea_Electric_Power_Corporation_(KEPCO),전기·가스,2020,Q4,-0.05222500162198392,-0.024548680154163227,-0.005672432526026672,-0.04166666666666674,-0.015741758304966824,-0.015386775812337383,-0.020131906321025017,-0.12504545195598094,-0.30974929820950514,-0.26811940142209045,0.07613972764949656,015760
15,Korea_Gas_Corporation,전기·가스,2020,Q4,-0.15399370910497712,-0.040404518701038006,0.028599380160948873,-0.04166666666666674,-0.015741758304966824,-0.07800463145382452,-0.019699218616623826,-0.8936563919277716,-0.6539619663371934,-2.409521426422128,-0.018716651776021137,036460
