,name,sector,year,quarter,이익잉여금변화율,자본총계변화율,유동자산변화율,Relative Return,특정 증권 등 소유 수변화율,특정 증권 등 소유 증감 수변화율,전체 주주 수변화율,특정 증권 등 소유 비율변화율,1인평균급여변화율,보유 주식 수변화율,Label,Code
16,Samkwang_Glass,전기·가스,2020,Q3,0.022417897730833358,0.017531355893333767,0.03520339978370257,-0.10727822131143648,0.015040717844948093,0.015014500997029834,0.009175183558749578,0.015040275534315528,0.011471215432171444,0.01835887759956767,0.4242000511577487,005090
16,Korea_Electric_Power_Corporation_(KEPCO),전기·가스,2020,Q3,-0.03202978686670499,-0.021111083194609748,-0.05903142652220872,-0.1694746728923662,-0.0012655813431017293,-0.004230143567446554,0.0019774155370773094,0.0,-0.00836109534431162,-0.003121629736551501,-0.05222500162198392,015760
16,Korea_Gas_Corporation,전기·가스,2020,Q3,0.03976158458325818,0.019947780812564875,0.23958312158446593,0.04298022321314582,0.0747073741720975,-0.081890333280624,0.08980229952503382,0.021822400406837028,0.07633399490224524,0.05257122326764885,-0.15399370910497712,036460
