,name,sector,year,quarter,이익잉여금변화율,자산총계변화율,비유동자산변화율,자본총계변화율,유동자산변화율,Relative Return,특정 증권 등 소유 수변화율,특정 증권 등 소유 증감 수변화율,1인평균급여변화율,전체 주주 수변화율,Label,Code
17,Samkwang_Glass,전기·가스,2020,Q2,-0.0005341644199530204,0.050826172441882034,0.05667386289425824,-0.00045520510129293257,0.03570177316283907,0.05285316478812882,0.10698720383186489,0.10782837148754021,0.08511491163907703,0.08327419419446214,-0.10727822131143648,005090
17,Korea_Electric_Power_Corporation_(KEPCO),전기·가스,2020,Q2,-0.006810070973109594,-0.008061104856345036,-0.013547073260785636,-0.00450810236400212,0.057812563651595705,-0.11993659168385498,-0.0227236028120672,-0.029483817363376685,-0.007365595108090428,-0.008733111469272137,-0.1694746728923662,015760
17,Korea_Gas_Corporation,전기·가스,2020,Q2,0.11853480713684372,0.0552127520503789,0.010187682048196312,0.08175823907753166,0.2025275185366483,-0.23695826837166087,0.10659049603588822,-1.1395792230356276,0.16314000829310882,0.1791408407122046,0.04298022321314582,036460
