,name,sector,year,quarter,이익잉여금변화율,자본총계변화율,유동자산변화율,Relative Return,특정 증권 등 소유 수변화율,특정 증권 등 소유 증감 수변화율,전체 주주 수변화율,특정 증권 등 소유 비율변화율,1인평균급여변화율,보유 주식 수변화율,Label,Code
18,Samkwang_Glass,전기·가스,2020,Q1,-0.005387789618224614,-0.004130665932838173,0.01825708106029489,-0.12423256283992556,0.0073151648282663295,0.007397894916647663,-0.04020395322629655,0.007308077618101372,0.46171299640782415,0.2537285820164791,0.05285316478812882,005090
18,Korea_Electric_Power_Corporation_(KEPCO),전기·가스,2020,Q1,0.008255156231463112,0.005942391641089784,0.031143928915857044,-0.009254226462942716,-0.0023073525326267053,0.004979253930105232,-0.006282302226215286,0.0,0.09113118101380535,0.17538301505937492,-0.11993659168385498,015760
18,Korea_Gas_Corporation,전기·가스,2020,Q1,-0.100931039653408,-0.04276609493843675,-0.037717011492681696,-0.1233833009541728,0.1125810558118846,0.31900910597578747,0.03268356251162563,0.29902398112442174,0.43488887583511693,0.339622735061588,-0.23695826837166087,036460
