,name,sector,year,quarter,이익잉여금변화율,자본총계변화율,유동자산변화율,Relative Return,특정 증권 등 소유 수변화율,특정 증권 등 소유 증감 수변화율,전체 주주 수변화율,특정 증권 등 소유 비율변화율,1인평균급여변화율,보유 주식 수변화율,Label,Code
12,Samkwang_Glass,전기·가스,2021,Q3,-0.10713755782696444,-0.005447202621667202,-0.3475249411514707,0.2607319750176894,-0.011478589652579085,-0.01130559855208757,-0.01638151581836378,-0.011495453853272553,-0.08259960939477318,5.668173999495707e-05,0.10323885600193705,005090
12,Korea_Electric_Power_Corporation_(KEPCO),전기·가스,2021,Q3,0.029943443221027044,0.019636558587214803,0.023142171764303443,0.01872135154154867,0.011131976664068288,0.027716652603927416,-0.004887289438872955,0.0,-0.0001873411504413891,-0.0005504350092733201,0.033583932239710505,015760
12,Korea_Gas_Corporation,전기·가스,2021,Q3,0.05262680995331237,0.04211594093397908,-0.3089311765419449,0.04255615150061958,-0.36332051124519427,-0.04352329892933926,-0.23451379117863214,-0.6370159304602019,-0.0858181644966245,-0.019372139261383037,0.40432599982135214,036460
