,name,sector,year,quarter,이익잉여금변화율,자산총계변화율,비유동자산변화율,자본총계변화율,유동자산변화율,Relative Return,특정 증권 등 소유 수변화율,특정 증권 등 소유 증감 수변화율,1인평균급여변화율,전체 주주 수변화율,Label,Code
11,Samkwang_Glass,전기·가스,2021,Q4,-0.3368475485618345,0.050543879088242316,0.09368038672833268,-0.03987246661430022,-0.2373618880417696,0.10323885600193705,-0.09875898866201105,-0.1034534809576324,-0.4524064007321702,-0.306786316296181,-0.08568191434459306,005090
11,Korea_Electric_Power_Corporation_(KEPCO),전기·가스,2021,Q4,0.10146544466528096,-0.013090865678319297,-0.00644184628286415,0.06608188766689715,-0.09546619403188261,0.033583932239710505,-0.08266255997481409,-0.07300497346336776,-0.11968708371379289,-0.4793185427790303,-0.04218985085252956,015760
11,Korea_Gas_Corporation,전기·가스,2021,Q4,-0.11880204726759236,-0.16020645651552612,-0.031951986832455814,-0.12567948093569958,-0.6843713698832679,0.40432599982135214,-0.7601009536460981,0.39193811158730774,-1.1210208222964093,-2.921949408780212,-0.18540478710025268,036460
