,name,sector,year,quarter,이익잉여금변화율,자산총계변화율,비유동자산변화율,자본총계변화율,유동자산변화율,Relative Return,특정 증권 등 소유 수변화율,특정 증권 등 소유 증감 수변화율,1인평균급여변화율,전체 주주 수변화율,Label,Code
10,Samkwang_Glass,전기·가스,2022,Q1,-0.04305679512865335,-0.03398776130859371,0.012147702202544575,-0.006552140737596135,-0.25952845638743915,-0.08568191434459306,-0.08390080349108264,-0.08495993330521423,0.11158711422702705,0.20290268918288457,0.14074979926186285,005090
10,Korea_Electric_Power_Corporation_(KEPCO),전기·가스,2022,Q1,0.21820158514326315,-0.029354918959550336,-0.020771047264357634,0.1363809789402377,-0.1270589500724595,-0.04218985085252956,-0.15732747725395013,-0.13734129920853588,0.10620677359600472,0.27066815490387275,0.09286183581279435,015760
10,Korea_Gas_Corporation,전기·가스,2022,Q1,-0.08506358875499043,-0.14933225532318373,-0.10421501645795295,-0.05342001344207903,-0.2623013351936172,-0.18540478710025268,-0.34813875659717164,0.6273425229542943,0.2247263666331667,0.44731002121715346,0.08835621447307734,036460
