,name,sector,year,quarter,이익잉여금변화율,자산총계변화율,비유동자산변화율,자본총계변화율,유동자산변화율,Relative Return,특정 증권 등 소유 수변화율,특정 증권 등 소유 증감 수변화율,1인평균급여변화율,전체 주주 수변화율,Label,Code
8,Samkwang_Glass,전기·가스,2022,Q3,-0.20063043992394491,-0.0288472721019275,0.007905256424652007,-0.029181130809066813,-0.18667448266897124,-0.1189260049124051,-0.060431070939961584,-0.06116192676017973,-0.08859055915500047,-0.03489497928050178,-0.06659578436593204,005090
8,Korea_Electric_Power_Corporation_(KEPCO),전기·가스,2022,Q3,0.34681980954124625,-0.0380240063808952,-0.03120050505320182,0.17859228989217124,-0.11129924196856877,0.14500948121326762,-0.15897969008401924,-0.14938929496090658,-0.013269296932029162,-0.05312977487939663,-0.027859520629668302,015760
8,Korea_Gas_Corporation,전기·가스,2022,Q3,0.11727406326416734,-0.24275196184961434,-0.03717264432885514,0.10072205010186519,-0.9789404690605159,0.1534523253981308,-0.8958851942636785,-0.31697385688556623,-0.31566514427321435,-0.678894923118492,-0.06425820965993627,036460
