,name,sector,year,quarter,이익잉여금변화율,자산총계변화율,비유동자산변화율,자본총계변화율,유동자산변화율,Relative Return,특정 증권 등 소유 수변화율,특정 증권 등 소유 증감 수변화율,1인평균급여변화율,전체 주주 수변화율,Label,Code
9,Samkwang_Glass,전기·가스,2022,Q2,0.0908753255242235,0.02555120773146291,0.003463332731058033,0.014330428484841562,0.11024040036960991,0.14074979926186285,0.006147988375183933,0.005466990886845213,0.05771506737325005,0.03698318612093898,-0.1189260049124051,005090
9,Korea_Electric_Power_Corporation_(KEPCO),전기·가스,2022,Q2,0.18411115228558828,-0.01868486533917868,-0.02230283692002999,0.1043222390760794,0.018612325892933934,0.09286183581279435,-0.0987460327087708,-0.09044267317736554,-0.0060345342736385366,-0.02923608103760955,0.14500948121326762,015760
9,Korea_Gas_Corporation,전기·가스,2022,Q2,0.03380139856510345,0.11209102951485506,-0.010974657982353309,0.03207465056283343,0.38164433856294333,0.08835621447307734,0.29909684573677275,-2.9487013839031917,0.21613432971036695,0.2925258223448385,0.1534523253981308,036460
