,name,sector,year,quarter,이익잉여금변화율,자산총계변화율,비유동자산변화율,자본총계변화율,유동자산변화율,Relative Return,특정 증권 등 소유 수변화율,특정 증권 등 소유 증감 수변화율,1인평균급여변화율,전체 주주 수변화율,Label,Code
7,Samkwang_Glass,전기·가스,2022,Q4,-0.5100148788752963,-0.04508632967492421,-0.0035979452637231457,-0.08653776466688301,-0.1940370904751676,-0.06659578436593204,-0.311734564040995,-0.3184951229115456,-0.194746100479269,-0.18220000131855274,-0.010439166400397708,005090
7,Korea_Electric_Power_Corporation_(KEPCO),전기·가스,2022,Q4,0.6392366775685115,-0.041502784879513976,-0.025637365940627932,0.26199761952942635,-0.19959612912188973,-0.027859520629668302,-0.14166733750711136,-0.12830959036401768,-0.08327224141969025,-0.1772256368981755,0.06763388298681258,015760
7,Korea_Gas_Corporation,전기·가스,2022,Q4,-0.22492939826979064,-0.13898789643788945,-0.052017823786621786,-0.1717270342938324,-0.30221706556750805,-0.06425820965993627,-0.26595783216060065,0.7389712675196793,-0.33688731740870104,-0.42195098902211936,0.039991075128294945,036460
