,name,sector,year,quarter,이익잉여금변화율,자본총계변화율,유동자산변화율,Relative Return,특정 증권 등 소유 수변화율,특정 증권 등 소유 증감 수변화율,전체 주주 수변화율,특정 증권 등 소유 비율변화율,1인평균급여변화율,보유 주식 수변화율,Label,Code
7,Samkwang_Glass,전기·가스,2022,Q4,-0.5100148788752963,-0.08653776466688301,-0.1940370904751676,-0.06659578436593204,-0.3117345640409952,-0.3184951229115456,-0.18220000131855318,-0.31188166689582286,-0.19474610047926877,-0.05981388132046406,-0.010439166400397708,005090
7,Korea_Electric_Power_Corporation_(KEPCO),전기·가스,2022,Q4,0.6392366775685115,0.26199761952942635,-0.19959612912188973,-0.027859520629668302,-0.14166733750711136,-0.12830959036401812,-0.17722563689817572,0.0,-0.08327224141969025,-0.06268330180966109,0.06763388298681258,015760
7,Korea_Gas_Corporation,전기·가스,2022,Q4,-0.22492939826979064,-0.1717270342938324,-0.30221706556750805,-0.06425820965993627,-0.26595783216060065,0.7389712675196789,-0.42195098902211936,-0.18798342800723855,-0.3368873174087006,-0.12796072983904527,0.039991075128294945,036460
