,name,sector,year,quarter,이익잉여금변화율,자본총계변화율,유동자산변화율,Relative Return,특정 증권 등 소유 수변화율,특정 증권 등 소유 증감 수변화율,전체 주주 수변화율,특정 증권 등 소유 비율변화율,1인평균급여변화율,보유 주식 수변화율,Label,Code
6,Samkwang_Glass,전기·가스,2023,Q1,0.08144915079026549,0.01920639199105134,0.19311129512764658,-0.010439166400397708,0.07901001240974748,0.07948210442950987,0.15402262123261756,0.07903200582999514,0.10499445586427059,0.03675971279932322,-0.11722433621558356,005090
6,Korea_Electric_Power_Corporation_(KEPCO),전기·가스,2023,Q1,1.1377792930582646,0.22794657768538207,0.20330330978341382,0.06763388298681258,-0.05689249682511277,-0.04978165389586042,0.08910565992498154,0.0,0.07181423497878525,0.0336751977744999,-0.24992543659050354,015760
6,Korea_Gas_Corporation,전기·가스,2023,Q1,-0.008050296572577054,-0.001598345159893988,0.09690338147265964,0.039991075128294945,0.030077799431297514,-0.47369023101754393,0.11075850621646488,0.02798294968862891,0.0617477402662957,-0.027958339765072227,-0.33065941223616124,036460
