,name,sector,year,quarter,이익잉여금변화율,자산총계변화율,비유동자산변화율,자본총계변화율,유동자산변화율,Relative Return,특정 증권 등 소유 수변화율,특정 증권 등 소유 증감 수변화율,1인평균급여변화율,전체 주주 수변화율,Label,Code
3,Samkwang_Glass,전기·가스,2023,Q4,0.0425549837239898,0.03600599581962072,0.0031480056101590437,-0.007651269536760097,0.1465257576267206,0.030188577317107765,0.9996031756529745,1.0003968253968254,-0.12759006989244437,-0.1299018077383538,-0.03697646814729248,005090
3,Korea_Electric_Power_Corporation_(KEPCO),전기·가스,2023,Q4,1.3904278726731885,-0.04143427705377989,-0.0005523646835645657,-0.24147794835418646,-0.48136255824035135,-0.08329186654602039,0.506,0.2537764350453172,-0.024930196139856475,-0.03602030483845886,-0.05380209842245136,015760
3,Korea_Gas_Corporation,전기·가스,2023,Q4,0.10570970607591379,-0.020319051458834947,0.02907807893639125,0.05082494064388021,-0.16087660227610967,-0.03382092216759001,0.0,0.9045218134237476,-0.4963858834180246,-0.8980535147243718,-0.07619521686288053,036460
