,name,sector,year,quarter,이익잉여금변화율,자본총계변화율,유동자산변화율,Relative Return,특정 증권 등 소유 수변화율,특정 증권 등 소유 증감 수변화율,전체 주주 수변화율,특정 증권 등 소유 비율변화율,1인평균급여변화율,보유 주식 수변화율,Label,Code
0,Samkwang_Glass,전기·가스,2024,Q3,-0.07709210896685681,-0.019878823315578664,-0.08665787560141225,0.10342671617404431,-35.46608109735403,217.18694124549532,-0.008472158249250183,-36.24047429351335,-0.037991256276785235,-0.010199253995400781,0.10342671617404431,005090
0,Korea_Electric_Power_Corporation_(KEPCO),전기·가스,2024,Q3,0.6142838510465987,0.05413546600032204,-0.12343736336599376,-0.12729508985956572,-0.019583639930873753,-0.013426069538550855,-0.014295908227716314,0.0,-0.011694453900206847,-0.010450064207994991,-0.12729508985956572,015760
0,Korea_Gas_Corporation,전기·가스,2024,Q3,-0.050734776341274435,-0.04103312136809767,0.09767709344630693,0.9022771026538032,0.16705212649146195,0.7997439643340041,0.06862439630117023,0.0,0.02526178256236078,0.0009235199965489382,0.9022771026538032,036460
