,name,sector,year,quarter,이익잉여금변화율,자산총계변화율,비유동자산변화율,자본총계변화율,유동자산변화율,Relative Return,특정 증권 등 소유 수변화율,특정 증권 등 소유 증감 수변화율,1인평균급여변화율,전체 주주 수변화율,Label,Code
1,Samkwang_Glass,전기·가스,2024,Q2,-0.14208972460818248,0.005726849091326924,-0.0057865503638270255,-0.03314393164048424,0.04265957393466957,-0.22785749970200184,0.9728475921876228,1.0045783977927476,0.019344188276578467,0.008572931061801903,0.10342671617404431,005090
1,Korea_Electric_Power_Corporation_(KEPCO),전기·가스,2024,Q2,0.24518543482421762,0.0031985493182504765,-0.008749524353621974,0.026717644860616785,0.12131767675568639,0.1129592444296594,0.47348675142208496,0.5137616990741256,0.008292458363506006,0.0047284157572459184,-0.12729508985956572,015760
1,Korea_Gas_Corporation,전기·가스,2024,Q2,-0.044384325070935704,0.04231877493703318,0.008960224974243092,-0.02337014461198539,0.1287828520323847,0.035982614821450855,0.5405745062836624,1.8680430879712748,0.13797041755507844,0.12459664351573374,0.9022771026538032,036460
