,name,sector,year,quarter,영업이익변화율,매출액변화율,비유동자산변화율,발행금액변화율,1인평균급여변화율,Relative Return,전체 주주 수변화율,전체 주식 수변화율,증자주식수변화율,주식액면가액변화율,Label,Code
34,S-1_Corporation,일반서비스,2016,Q1,0.6962148175031753,0.7590231802807179,0.008317637565446345,0.0,0.22154210869512636,0.0,-0.2598335872050632,-0.2528434962044752,0.0,0.0,-0.12629198396785052,012750
34,Daekyo,일반서비스,2016,Q1,0.7912323526369914,0.7443420320070495,-0.00833432207961926,0.0,-0.020369234878218734,0.0,-0.1782754655579819,-0.12571553108905542,0.4951086629955628,0.49510866299556267,0.18972956838397706,019680
34,Coway,일반서비스,2016,Q1,0.7258419283674131,0.7327439971268888,-0.03028220303296303,0.0,0.27798689278532085,0.0,-0.20863469897877085,-0.18756992331646227,0.0,0.0,0.12827533399561095,021240
34,Samsung_Engineering,일반서비스,2016,Q1,0.9737348015299072,0.77654926478933,-0.052648598147214676,0.13261811985601302,-0.08312693464412924,0.0,0.2689267656058507,0.1609800343418778,0.13261811985601335,0.13261811985601302,-0.28931805066364197,028050
35,Cheil_Worldwide,일반서비스,2016,Q1,0.8335603280296989,0.751569782640028,0.04742025935222427,0.0,0.07271007772384785,0.0,0.006645198645852779,-0.06986379548818511,0.9536919426173212,0.9536919426173208,-0.19611744523809768,030000
34,KEPCO_E&C,일반서비스,2016,Q1,0.014945703604717364,0.8205841226720927,0.0021316141882502526,0.08311856671941453,0.5871343743664755,0.0,0.2549900909043997,0.2417604582747933,0.08311856671941487,0.08311856671941453,-0.1163345715577139,052690
