,name,sector,year,quarter,매출액변화율,영업이익변화율,비유동자산변화율,이익잉여금변화율,비유동부채변화율,1인평균급여변화율,Relative Return,발행금액변화율,전체 주주 수변화율,전체 주식 수변화율,Label,Code
33,S-1_Corporation,일반서비스,2016,Q2,-0.04539087856372648,-0.023363933269600068,0.00041720268265321714,-0.040782131033317404,-0.05383058356058723,-0.0027674154092212078,-0.12629198396785052,0.0,0.02346665607616205,0.022634263646091335,0.21531064415254866,012750
33,Daekyo,일반서비스,2016,Q2,0.003651211841991464,-0.27259893642206956,0.0002664189133001482,-0.012569554295032814,-0.15856456732813817,-0.010524962224484513,0.18972956838397706,0.0,-0.013770008972214809,-0.015394832355192012,-0.1668658038599008,019680
33,Coway,일반서비스,2016,Q2,0.09460617700368701,0.8316320263667586,-0.007248165302195186,-0.005739494689754432,0.164763995502463,0.03825682034493305,0.12827533399561095,0.0,-0.011936110234413988,-0.009089230024696526,0.08880570359588749,021240
33,Samsung_Engineering,일반서비스,2016,Q2,-0.4625472366011316,3.8119216076219877,-0.010108932931665038,0.19878020857576584,0.4220106638592216,-0.14223134205882793,-0.28931805066364197,-0.057825592717237306,-0.15570309723581355,-0.1218633690606219,-0.04939538997876451,028050
34,Cheil_Worldwide,일반서비스,2016,Q2,-0.3848425924816208,-3.261049199451511,-0.020765483854511713,-0.03404434101615217,-0.21583511553798207,-0.012901124835252409,-0.19611744523809768,0.0,0.01606070066967058,0.015456129501678961,2.1796250565933595e-05,030000
33,KEPCO_E&C,일반서비스,2016,Q2,-0.08511735834238743,-0.814575634498617,-0.011497450652251384,-0.046448072561549925,-0.08316334380034718,-0.11251684676620521,-0.1163345715577139,-0.0058701494550059685,-0.007915307527286197,-0.04261942880234759,-0.15098967014264747,052690
