,name,sector,year,quarter,영업이익변화율,매출액변화율,비유동자산변화율,발행금액변화율,1인평균급여변화율,Relative Return,전체 주주 수변화율,전체 주식 수변화율,증자주식수변화율,주식액면가액변화율,Label,Code
33,S-1_Corporation,일반서비스,2016,Q2,-0.023363933269600068,-0.04539087856372648,0.00041720268265321714,0.0,-0.0027674154092209857,-0.12629198396785052,0.02346665607616205,0.022634263646091113,0.0,0.0,0.21531064415254866,012750
33,Daekyo,일반서비스,2016,Q2,-0.27259893642206956,0.003651211841991464,0.0002664189133001482,0.0,-0.010524962224484735,0.18972956838397706,-0.013770008972215253,-0.015394832355192012,-0.0001867510149136109,-0.0001867510149136109,-0.1668658038599008,019680
33,Coway,일반서비스,2016,Q2,0.8316320263667586,0.09460617700368701,-0.007248165302195186,0.0,0.03825682034493305,0.12827533399561095,-0.011936110234413988,-0.009089230024696526,0.0,0.0,0.08880570359588749,021240
33,Samsung_Engineering,일반서비스,2016,Q2,3.8119216076219877,-0.4625472366011316,-0.010108932931665038,-0.057825592717237306,-0.14223134205882748,-0.28931805066364197,-0.15570309723581355,-0.12186336906062212,-0.05782559271723686,-0.057825592717237084,-0.04939538997876451,028050
34,Cheil_Worldwide,일반서비스,2016,Q2,-3.261049199451511,-0.3848425924816208,-0.020765483854511713,0.0,-0.012901124835252409,-0.19611744523809768,0.01606070066967058,0.015456129501678961,-1.5254176860582387,-1.525417686058228,2.1796250565933595e-05,030000
33,KEPCO_E&C,일반서비스,2016,Q2,-0.814575634498617,-0.08511735834238743,-0.011497450652251384,-0.0058701494550059685,-0.11251684676620521,-0.1163345715577139,-0.007915307527286197,-0.04261942880234759,-0.0058701494550061906,-0.0058701494550059685,-0.15098967014264747,052690
