,name,sector,year,quarter,매출액변화율,영업이익변화율,비유동자산변화율,이익잉여금변화율,비유동부채변화율,1인평균급여변화율,Relative Return,발행금액변화율,전체 주주 수변화율,전체 주식 수변화율,Label,Code
32,S-1_Corporation,일반서비스,2016,Q3,0.010817145825181784,0.10957602269600786,0.004828626140528591,-0.03330549622205714,-0.10921881825586488,-0.0234888142096783,0.21531064415254866,0.0,-0.0663067501615715,-0.06483219442964394,-0.11133639354573385,012750
32,Daekyo,일반서비스,2016,Q3,0.016516739150607584,0.05758524083714123,-0.013524018959469197,0.0007303578537902755,0.1046135651354374,-0.0009603374727420455,-0.1668658038599008,0.0,-0.0047980224687738104,-0.0046992640296315,-0.06142518096328839,019680
32,Coway,일반서비스,2016,Q3,-0.0527507659001889,-4.454737374767583,-0.016346351314244778,-0.04459424627038544,-0.02101628520465737,-0.031429990346954595,0.08880570359588749,0.0,-0.02121657077261374,-0.01599382180320985,-0.13384351605285635,021240
32,Samsung_Engineering,일반서비스,2016,Q3,0.1995230461949452,0.5456598760431466,0.011963762549198842,0.1981112252044418,0.1201692958178211,-0.03385259895792214,-0.04939538997876451,-0.019240403398384176,-0.0046246726322924925,-0.01635230946918642,-0.002607519040160315,028050
33,Cheil_Worldwide,일반서비스,2016,Q3,0.16269055296871737,0.7211066050468025,0.005538247226896442,-0.020290752147207103,0.2716441877838547,-0.02936699027147327,2.1796250565933595e-05,0.0,-0.04763768501840726,-0.049183431526343746,-0.10997473777231337,030000
32,KEPCO_E&C,일반서비스,2016,Q3,0.20208171486348991,1.061726340376881,-0.002353461311948024,0.011995459769662209,0.17682117458457725,0.07396021786909435,-0.15098967014264747,0.011740467554748779,0.025857806147501106,0.02650243514991313,0.03249191431603127,052690
