,name,sector,year,quarter,매출액변화율,영업이익변화율,비유동자산변화율,이익잉여금변화율,비유동부채변화율,1인평균급여변화율,Relative Return,발행금액변화율,전체 주주 수변화율,전체 주식 수변화율,Label,Code
31,S-1_Corporation,일반서비스,2016,Q4,-0.10125370054142024,-0.08900198533004056,-0.004835643113479282,-0.038782144191718215,0.17573449130211183,-0.2344216413232798,-0.11133639354573385,0.0,-0.051469349744794446,-0.050595297514752335,-0.14631695192910465,012750
31,Daekyo,일반서비스,2016,Q4,-0.005110175887157009,-0.05737653781385221,-0.0029177035916458927,-0.025508204717902494,-0.2998110297976231,-0.0045102238942489326,-0.06142518096328839,0.0,0.009708137116703708,0.01598339425847095,-0.08224345010811361,019680
31,Coway,일반서비스,2016,Q4,-0.005121283292894185,0.10924783272703231,-0.04502332470598924,-0.08376109562976919,0.16681886777401167,-0.5129482153263745,-0.13384351605285635,0.0,-0.03995013314423934,-0.04234099981388395,-0.08117592596201496,021240
31,Samsung_Engineering,일반서비스,2016,Q4,-0.24627936118906546,-0.05983395304708039,-0.013342843655157255,-0.6231713678637645,-0.11587534543614941,0.16381807149325334,-0.002607519040160315,-0.046154986463512016,-0.011659400793740504,0.0068728397679753694,-0.05261795226629698,028050
32,Cheil_Worldwide,일반서비스,2016,Q4,-0.274688246507905,-3.820757737937172,0.06076714085593282,-0.012940930547204577,-0.1277908213287382,-0.047647361856017145,-0.10997473777231337,0.0,-0.2909821196879423,-0.2329285923874811,-0.014465892979643695,030000
31,KEPCO_E&C,일반서비스,2016,Q4,-0.5451574618551169,-15.323901817072649,0.009842301607977944,0.050625688192573515,0.2049722191704536,0.9999976489869826,0.03249191431603127,-0.09716991223619531,0.0407835607270719,0.014322680675766364,-0.1864094666473553,052690
