,name,sector,year,quarter,Relative Return,영업이익 변화율,매출액 변화율,실업률 변화율,소비자물가지수 변화율,발행금액 변화율,특정 증권 등 소유 증감 비율 변화율,전체 주식 수 변화율,1인평균급여 변화율,전체 주주 수 변화율,Label,Code
28,S-1_Corporation,일반서비스,2017,Q3,-0.027278044532195483,-0.060131298536799216,0.004947275383763938,-0.018181818181818077,-0.15372330132051748,0.0,0.0,-0.03423899611356007,-0.03423899611356007,-0.034238996113560294,-0.09057639669421481,012750
28,Daekyo,일반서비스,2017,Q3,-0.09379162197827995,0.05430550862852146,0.026038054554812784,-0.018181818181818077,-0.15372330132051748,0.0,0.0,-0.03424365317863742,-0.0342436531786372,-0.0342436531786372,0.006340907975460183,019680
28,Coway,일반서비스,2017,Q3,-0.027497755115538647,-0.013863870235262254,-0.024140201991102117,-0.018181818181818077,-0.15372330132051748,0.0,-0.03423138940105708,-0.0342313894010573,-0.0342313894010573,-0.03423138940105708,-0.11254246889952146,021240
28,Samsung_Engineering,일반서비스,2017,Q3,-0.18853729933265295,2.8984247601592705,0.013735198637847779,-0.018181818181818077,-0.15372330132051748,-0.03420174611735982,-0.03420174611735982,-0.03420174611736004,-0.03420174611736004,-0.03420174611735982,-0.08769425210084027,028050
29,Cheil_Worldwide,일반서비스,2017,Q3,-0.13903516561999293,0.4476295466558581,0.01532109333546261,-0.018181818181818077,-0.15372330132051748,0.0,-0.03424936658846933,-0.03424936658846911,-0.03424936658846911,-0.03424936658846911,-0.022933565217391247,030000
28,KEPCO_E&C,일반서비스,2017,Q3,-0.3929107637061173,0.7311837715114691,0.1600042547419247,-0.018181818181818077,-0.15372330132051748,-0.03424134286714753,-0.03424134286714775,-0.03424134286714775,-0.03424134286714775,-0.03424134286714753,-0.1025162613065326,052690
