,name,sector,year,quarter,매출액변화율,영업이익변화율,비유동자산변화율,이익잉여금변화율,비유동부채변화율,1인평균급여변화율,Relative Return,발행금액변화율,전체 주주 수변화율,전체 주식 수변화율,Label,Code
28,S-1_Corporation,일반서비스,2017,Q3,0.004947275383763938,-0.060131298536799216,0.00216785751451809,-0.039444920488494795,0.06339611559006308,-0.008001357995536473,-0.027278044532195483,0.0,-0.005614377686845362,-0.00573502313181784,-0.09057639669421481,012750
28,Daekyo,일반서비스,2017,Q3,0.026038054554812784,0.05430550862852146,-0.015615640904381722,-0.007435024258257039,-0.4139926034002459,-0.006051560769779751,-0.09379162197827995,0.0,-0.011403348562501359,-0.011276711003281648,0.006340907975460183,019680
28,Coway,일반서비스,2017,Q3,-0.024140201991102117,-0.013863870235262254,-0.01636432224653328,-0.04317982835194134,0.05589226638102307,-0.011381791717653522,-0.027497755115538647,0.0,-0.004756011583904485,-0.00875484442221941,-0.11254246889952146,021240
28,Samsung_Engineering,일반서비스,2017,Q3,0.013735198637847779,2.8984247601592705,0.004111419056675336,1.3726019858627585,0.00035641872223168836,-0.002052803545742554,-0.18853729933265295,-0.016292642710559413,-0.009001609693939816,-0.00559662055163046,-0.08769425210084027,028050
29,Cheil_Worldwide,일반서비스,2017,Q3,0.01532109333546261,0.4476295466558581,-0.10146721389446056,-0.03646499677654935,-0.17985609952771386,-0.09285330124606683,-0.13903516561999293,0.0,-0.1220143032054346,-0.11023154881809294,-0.022933565217391247,030000
28,KEPCO_E&C,일반서비스,2017,Q3,0.1600042547419247,0.7311837715114691,0.007904942282547678,-0.011951139889514018,-0.024485459059709447,0.00311466683109618,-0.3929107637061173,0.026158275429519873,0.04298415057073368,0.00809236063764085,-0.1025162613065326,052690
