,name,sector,year,quarter,매출액변화율,영업이익변화율,비유동자산변화율,이익잉여금변화율,비유동부채변화율,1인평균급여변화율,Relative Return,발행금액변화율,전체 주주 수변화율,전체 주식 수변화율,Label,Code
30,S-1_Corporation,일반서비스,2017,Q1,0.04785933056568015,-0.10652491398204855,0.00982571078475325,0.003099280049931208,-0.010435608525324547,0.15584973268217606,-0.14631695192910465,0.0,-0.044278148658759786,-0.04311562647318623,-0.06709197440444055,012750
30,Daekyo,일반서비스,2017,Q1,-0.036498134017357575,0.014727194829109114,-0.0241772440208059,-0.0012370385871203204,-0.17510747413407657,-0.034535526318404175,-0.08224345010811361,0.0,-0.04740112410178021,-0.05550614392302844,-0.09163795515836574,019680
30,Coway,일반서비스,2017,Q1,-0.033487265391140664,-0.1844732228459358,-0.004112300421494464,0.18519962396207068,-0.04767193754153087,0.285212933039133,-0.08117592596201496,0.0,0.04290284757778584,0.01886298996009317,0.00031687890066101065,021240
30,Samsung_Engineering,일반서비스,2017,Q1,0.13282069324617796,1.102946485252248,-0.0008870942287031447,1.0265786114867412,0.13550535680244302,-0.15528525431762996,-0.05261795226629698,0.08091901735789153,0.03644735057131443,0.02270852089319464,0.16577495877659887,028050
31,Cheil_Worldwide,일반서비스,2017,Q1,0.3260885088268225,0.6830715968718473,-0.006219445027110693,0.0315944992528826,-0.29628036573400585,0.08246241269456167,-0.014465892979643695,0.0,0.2561089960384427,0.2160037093140642,0.11694031358962144,030000
30,KEPCO_E&C,일반서비스,2017,Q1,0.3525281139830606,0.9363686623144778,-0.0019982630782395816,-0.025571515997392602,-0.3933073336679018,-407324.07122914126,-0.1864094666473553,0.1380754209754501,0.05352271446123025,0.021887478619279643,0.08944950053648719,052690
