,name,sector,year,quarter,영업이익변화율,매출액변화율,비유동자산변화율,발행금액변화율,1인평균급여변화율,Relative Return,전체 주주 수변화율,전체 주식 수변화율,증자주식수변화율,주식액면가액변화율,Label,Code
27,S-1_Corporation,일반서비스,2017,Q4,0.3276690565117727,-0.01993897370279263,0.0012901458110864406,0.0,-0.2504720542542358,-0.09057639669421481,-0.10984538980122571,-0.10762948987524656,0.0,0.0,0.18881360691841065,012750
27,Daekyo,일반서비스,2017,Q4,0.028216687111926042,0.01906433905415761,0.0038528340343406686,0.0,-0.027525424711915436,0.006340907975460183,-0.02119930897297273,-0.025003400404587595,0.013694950555205088,0.013694950555205643,-0.02159441614682004,019680
27,Coway,일반서비스,2017,Q4,0.1867732687807946,0.007238452323833688,-0.09824356784001487,0.0,-0.31010744228910436,-0.11254246889952146,-0.044355469531457414,-0.04998476234936211,0.0,0.0,0.010160678999980945,021240
27,Samsung_Engineering,일반서비스,2017,Q4,-3.0582646858086333,0.11536720619407759,0.02090553787895355,-0.17561540040710066,-0.06593754103981109,-0.08769425210084027,-0.017198955104509084,-0.0023042683923968355,-0.17561540040710089,-0.17561540040710022,0.12168212873588509,028050
28,Cheil_Worldwide,일반서비스,2017,Q4,-0.22682460129969795,-0.11581637379242937,0.017580467437628755,0.0,-0.032523159405840385,-0.022933565217391247,-0.13225390193791497,-0.11094407693171493,-0.2199043427750167,-0.21990434277501603,0.16053275564372838,030000
27,KEPCO_E&C,일반서비스,2017,Q4,-12.346732695271303,-0.6977125365629877,0.006165866159152378,-0.1756374223238475,0.9999976695146345,-0.1025162613065326,-0.15101346475837207,-0.11441145384374418,-0.17563742232384771,-0.1756374223238475,0.2827402982812494,052690
