,name,sector,year,quarter,매출액변화율,영업이익변화율,비유동자산변화율,이익잉여금변화율,비유동부채변화율,1인평균급여변화율,Relative Return,발행금액변화율,전체 주주 수변화율,전체 주식 수변화율,Label,Code
29,S-1_Corporation,일반서비스,2017,Q2,-0.03965735006519755,0.08617043027877713,0.00509412226533168,-0.03568496288293366,-0.02525169561610774,-0.009761132581767473,-0.06709197440444055,0.0,-0.006625907528289066,-0.006646290413543587,-0.027278044532195483,012750
29,Daekyo,일반서비스,2017,Q2,0.02212322397535016,-0.020740628106446835,-0.029654042712424777,-0.022942821946501546,0.31180878126140255,-0.013420782667546982,-0.09163795515836574,0.0,-0.01822000847594829,-0.01704055092424106,-0.09379162197827995,019680
29,Coway,일반서비스,2017,Q2,-0.005454216210486251,-0.018176961819829973,-0.027335394118899403,0.03680916031012693,-0.3578813210449505,-0.0514380607588687,0.00031687890066101065,0.0,-0.03346839914483679,-0.0362989744186899,-0.027497755115538647,021240
29,Samsung_Engineering,일반서비스,2017,Q2,0.22326195394420723,4.374018740693419,0.016658546503388494,-2.2902369668510487,-0.5726237094703648,0.11369592825660724,0.16577495877659887,0.08932760548505203,0.13004222831321854,0.10668067666444114,-0.18853729933265295,028050
30,Cheil_Worldwide,일반서비스,2017,Q2,-0.3749717652915874,-1.212199265310217,-0.02016083781438005,-0.045443534504876704,-0.0016044264337238268,-0.0396843763157948,0.11694031358962144,0.0,-0.017666541878269104,-0.015519322039417638,-0.13903516561999293,030000
29,KEPCO_E&C,일반서비스,2017,Q2,-0.16236956298973726,5.346505713826979,0.017003077976747383,-0.010054016844260438,-0.032285541295199005,-0.07845166184573316,0.08944950053648719,-0.013372126629614067,-0.04470982689617431,-0.023342027023049328,-0.3929107637061173,052690
