,name,sector,year,quarter,매출액변화율,영업이익변화율,비유동자산변화율,이익잉여금변화율,비유동부채변화율,1인평균급여변화율,Relative Return,발행금액변화율,전체 주주 수변화율,전체 주식 수변화율,Label,Code
23,S-1_Corporation,일반서비스,2018,Q4,-0.020529778141932242,0.07230968737668042,-0.0033791895314396747,0.02292845179970915,-0.04083443970821499,-0.1758377783479188,-0.060432088395933815,0.0,0.024132560044344498,0.023763644022929076,0.23561762396118224,012750
23,Daekyo,일반서비스,2018,Q4,0.02651636020385084,1.4519726925517042,-0.01249326540943918,0.012186308073550367,-0.15109323846564648,-0.08494938966386734,-0.06041868946141709,0.0,-0.042987955443914094,-0.05232873070209787,0.056636384206461804,019680
23,Coway,일반서비스,2018,Q4,-0.06259362815639635,0.05744341548110765,0.00013663584562573217,0.0024628282722176653,0.22410360475651891,-0.26697214631811295,0.0034831168718213457,0.0,-0.009552218440497917,-0.011739867975011142,-0.013119781820103454,021240
23,Samsung_Engineering,일반서비스,2018,Q4,-0.09823411545396588,2.8489922972759563,0.010561917019631828,-11.563670104752468,0.4079554835185416,-0.12049491090815678,0.23651059184110482,-0.24849028796050865,-0.10319116306557996,-0.0872951094848664,0.04313911801117369,028050
24,Cheil_Worldwide,일반서비스,2018,Q4,-0.094962274908718,-0.089077228131621,0.0005557753452948289,-0.01619339899477268,-0.058827332191587756,-0.19300616972571816,0.04377918569207371,0.0,-0.13350604147625678,-0.11109436859302813,0.1728886862322445,030000
23,KEPCO_E&C,일반서비스,2018,Q4,-0.5879260032595361,-2.3287873508297237,0.011950116496409535,-0.021504027201144638,0.10889471147078622,-0.7878286140105206,-0.22106487487675283,-0.14670696976094644,-0.08124648091175923,-0.060547423966031744,0.12646011480367306,052690
