,name,sector,year,quarter,매출액변화율,영업이익변화율,비유동자산변화율,이익잉여금변화율,비유동부채변화율,1인평균급여변화율,Relative Return,발행금액변화율,전체 주주 수변화율,전체 주식 수변화율,Label,Code
19,S-1_Corporation,일반서비스,2019,Q4,-0.08216057697493762,0.029538179345563242,-0.0029332711718950133,-0.03067076987410977,0.4424266907423333,-0.13540365792176723,0.020584731687051955,0.0,-0.0397143221955778,-0.039178845483451186,-0.11138729833057176,012750
19,Daekyo,일반서비스,2019,Q4,-0.012694989848547777,-0.05732159984727958,-0.059073440643715,-0.0013596146364023287,0.024476565389759064,-0.05503482459618403,-0.030040130862310756,0.0,-0.06010757656843224,-0.06669720668026935,-0.06445455124536387,019680
19,Coway,일반서비스,2019,Q4,0.019645544819264726,0.8392423965735575,-0.031483974503289325,0.06390733288791495,-0.6662715975880142,-0.19334033297929176,0.10482969414835933,0.0,-0.02602281332963119,-0.03276661178893714,0.02478522763920732,021240
19,Samsung_Engineering,일반서비스,2019,Q4,-0.011551583395322362,0.22214399951629793,0.008453540823855299,-0.018109718003560538,0.20972076258822314,-0.24379957458213863,-0.004483894895786971,-0.32488892573442163,-0.034482045351896806,-0.03199407265958265,0.07188033063661697,028050
20,Cheil_Worldwide,일반서비스,2019,Q4,-0.1893288738765202,-0.8054966944387512,0.02723915249269826,-0.036459502227314644,0.0649327504356404,-0.20651299988826088,-0.13485952340806145,0.0,-0.057456037797481985,-0.04932532886910379,-0.10658148503352328,030000
19,KEPCO_E&C,일반서비스,2019,Q4,-1.2178593594964684,7.991620965373804,0.03779508458618619,-0.0714101381753749,0.7657795177618208,-0.6323709524538768,0.11027301236486842,-0.1761531371493501,-0.20497726033769137,-0.14782706084696873,-0.16714850707527606,052690
