,name,sector,year,quarter,Relative Return,영업이익 변화율,매출액 변화율,실업률 변화율,소비자물가지수 변화율,발행금액 변화율,특정 증권 등 소유 증감 비율 변화율,전체 주식 수 변화율,1인평균급여 변화율,전체 주주 수 변화율,Label,Code
22,S-1_Corporation,일반서비스,2019,Q1,0.23561762396118224,-0.03454908318823713,0.06796856773069593,-0.01754385964912264,0.6874179652905958,0.0,0.0,0.09879008927692123,0.42647755916047725,0.09879008927692134,-0.049857603949117126,012750
22,Daekyo,일반서비스,2019,Q1,0.056636384206461804,2.9881065754212144,-0.07432391585214204,-0.01754385964912264,0.6874179652905958,0.0,0.0,0.09881249841611228,0.22347458386040941,0.09881249841611228,-0.11481228672857333,019680
22,Coway,일반서비스,2019,Q1,-0.013119781820103454,-0.07675287060764635,0.04128345549926604,-0.01754385964912264,0.6874179652905958,0.0,0.09874478962330435,0.09874478962330435,0.35796679379139384,0.09874478962330435,0.21859877188980906,021240
22,Samsung_Engineering,일반서비스,2019,Q1,0.04313911801117369,2.310541058162383,0.045763495060177184,-0.01754385964912264,0.6874179652905958,0.19845636487093332,0.09864192167372798,0.0986419216737281,0.09179328056362668,0.0986419216737281,-0.1376763008329698,028050
23,Cheil_Worldwide,일반서비스,2019,Q1,0.1728886862322445,0.656398503907373,0.1857472201902226,-0.01754385964912264,0.6874179652905958,0.0,0.0988161453333074,0.09881614533330729,0.15941892937026103,0.09881614533330729,0.02569795160643843,030000
22,KEPCO_E&C,일반서비스,2019,Q1,0.12646011480367306,0.42770896360287014,0.4757402770623791,-0.01754385964912264,0.6874179652905958,0.21031148788861231,0.09881904734614466,0.09881904734614477,0.3001450710689425,0.09881904734614466,0.08683304353289728,052690
