,name,sector,year,quarter,영업이익변화율,매출액변화율,비유동자산변화율,발행금액변화율,1인평균급여변화율,Relative Return,전체 주주 수변화율,전체 주식 수변화율,증자주식수변화율,주식액면가액변화율,Label,Code
22,S-1_Corporation,일반서비스,2019,Q1,-0.03454908318823713,0.06796856773069593,-0.029959053105437228,0.0,0.14245301244312103,0.23561762396118224,-0.04013762240989038,-0.039708548061023974,0.0,0.0,-0.049857603949117126,012750
22,Daekyo,일반서비스,2019,Q1,2.9881065754212144,-0.07432391585214204,-0.1294334252599545,0.0,-0.04780490283957284,0.056636384206461804,-0.14253173122484686,-0.15588424901257114,0.0315204350145335,0.03152043501453328,-0.11481228672857333,019680
22,Coway,일반서비스,2019,Q1,-0.07675287060764635,0.04128345549926604,-0.016986303411993475,0.0,0.13239456756542556,-0.013119781820103454,-0.018023198445235256,-0.027420769209526963,0.0,0.0,0.21859877188980906,021240
22,Samsung_Engineering,일반서비스,2019,Q1,2.310541058162383,0.045763495060177184,0.009772214959097414,0.11553358095145039,0.00048539035708439204,0.04313911801117369,-0.012255639515935446,-0.0201914643244685,0.11553358095145039,0.1155335809514505,-0.1376763008329698,028050
23,Cheil_Worldwide,일반서비스,2019,Q1,0.656398503907373,0.1857472201902226,-0.035906136793417254,0.0,0.11443890210224172,0.1728886862322445,0.01731131013326337,0.022556411489820793,0.3475410332336166,0.34754103323361574,0.02569795160643843,030000
22,KEPCO_E&C,일반서비스,2019,Q1,0.42770896360287014,0.4757402770623791,0.013310707186177884,0.14209818119700857,0.42347716432187554,0.12646011480367306,0.08324497302714862,0.05354454643239781,0.1420981811970088,0.14209818119700857,0.08683304353289728,052690
