,name,sector,year,quarter,영업이익변화율,매출액변화율,비유동자산변화율,발행금액변화율,1인평균급여변화율,Relative Return,전체 주주 수변화율,전체 주식 수변화율,증자주식수변화율,주식액면가액변화율,Label,Code
21,S-1_Corporation,일반서비스,2019,Q2,-0.19423083715003675,-0.10207790810663875,-0.002325420994955252,0.0,0.0017523133589781859,-0.049857603949117126,0.04401065502218626,0.04298120431557251,0.0,0.0,-0.016811760529420492,012750
21,Daekyo,일반서비스,2019,Q2,0.5374862218219342,0.025139105466016498,0.006154015910827426,0.0,-0.009740333663531331,-0.11481228672857333,-0.016193292566810236,-0.019235058440142394,0.020022416690661626,0.02002241669066185,0.016192631838111024,019680
21,Coway,일반서비스,2019,Q2,0.09499297602704693,-0.04722364653930611,-0.027198423252552173,0.0,-0.00046234292760938267,0.21859877188980906,-0.02116358291746434,-0.020198303605948098,0.0,0.0,-0.17768382019666087,021240
21,Samsung_Engineering,일반서비스,2019,Q2,0.13223257524543075,-0.19093217164507714,0.013013515244025275,0.11834625175194935,0.10318820083418345,-0.1376763008329698,0.09041490801023744,0.0941592110159255,0.11834625175194946,0.11834625175194946,0.0684859520600679,028050
22,Cheil_Worldwide,일반서비스,2019,Q2,-4.94347044149858,-0.23905154283726993,-0.05400286279822342,0.0,0.08411637391478144,0.02569795160643843,0.1480327471159364,0.12308808446148345,-0.7777026760013706,-0.7777026760013672,0.20326856075572008,030000
21,KEPCO_E&C,일반서비스,2019,Q2,0.2340779612682531,-0.1897904674338362,-0.016017560622261673,0.005182976181073551,-0.020969745463071066,0.08683304353289728,0.01840985665941186,-0.008969842825643726,0.005182976181073329,0.005182976181073551,-0.14230105949744448,052690
