,name,sector,year,quarter,Relative Return,영업이익 변화율,매출액 변화율,실업률 변화율,소비자물가지수 변화율,발행금액 변화율,특정 증권 등 소유 증감 비율 변화율,전체 주식 수 변화율,1인평균급여 변화율,전체 주주 수 변화율,Label,Code
20,S-1_Corporation,일반서비스,2019,Q3,-0.016811760529420492,0.13880907370589568,0.015384556456776721,0.05084745762711873,0.9303677156060576,0.0,0.0,0.01387465727520898,0.013874657275209201,0.01387465727520898,0.020584731687051955,012750
20,Daekyo,일반서비스,2019,Q3,0.016192631838111024,-1.358673062069573,0.013837496918514214,0.05084745762711873,0.9303677156060576,0.0,0.0,0.013884973339442941,0.013884973339442941,0.013884973339442941,-0.030040130862310756,019680
20,Coway,일반서비스,2019,Q3,-0.17768382019666087,-0.25648850812006896,-0.02478234188582129,0.05084745762711873,0.9303677156060576,0.0,0.013843703042485167,0.013843703042485056,0.013843703042485167,0.013843703042485056,0.10482969414835933,021240
20,Samsung_Engineering,일반서비스,2019,Q3,0.0684859520600679,-0.019843263040230985,-0.007910382597994703,0.05084745762711873,0.9303677156060576,0.013898993660023229,0.013898993660023118,0.013898993660023229,0.013898993660023118,0.013898993660023118,-0.004483894895786971,028050
21,Cheil_Worldwide,일반서비스,2019,Q3,0.20326856075572008,0.5150833881039572,0.13991169573652307,0.05084745762711873,0.9303677156060576,0.0,0.013880003882559167,0.013880003882559167,0.013880003882559167,0.013880003882559167,-0.13485952340806145,030000
20,KEPCO_E&C,일반서비스,2019,Q3,-0.14230105949744448,1.7025910347047553,0.18043048181301535,0.05084745762711873,0.9303677156060576,0.01388558446069188,0.013885584460691991,0.013885584460691991,0.013885584460691991,0.013885584460691991,0.11027301236486842,052690
