,name,sector,year,quarter,영업이익변화율,매출액변화율,비유동자산변화율,발행금액변화율,1인평균급여변화율,Relative Return,전체 주주 수변화율,전체 주식 수변화율,증자주식수변화율,주식액면가액변화율,Label,Code
16,S-1_Corporation,일반서비스,2020,Q3,0.1906911308137864,0.014627554333101256,-0.006422050113904065,0.0,-0.016616989879684185,-0.10557445220086617,-0.03228853689732891,-0.03191548988379722,0.0,0.0,-0.07084506647035317,012750
16,Daekyo,일반서비스,2020,Q3,-0.7864949236759993,-0.037050884773663695,0.010781932141835093,0.0,0.004923873183943939,-0.45273490681049483,0.0027405524812272875,0.00015763389039258335,0.016944097406640157,0.01694409740664038,-0.17647258549689698,019680
16,Coway,일반서비스,2020,Q3,0.08111401205514068,0.02123704763347123,-0.04221134196412435,0.0,0.0008501070421430557,0.0934952519196639,-0.028547682782850137,-0.025179064905475723,0.0,0.0,0.0037774823591604084,021240
16,Samsung_Engineering,일반서비스,2020,Q3,-0.48006020101588853,0.10620951761707631,-0.007503264927110509,-0.029640336977553305,-0.040383254804498225,0.029209537633949595,-0.018328699288476802,-0.030236438864629234,-0.029640336977553083,-0.029640336977553527,-0.2318168383566778,028050
17,Cheil_Worldwide,일반서비스,2020,Q3,0.3073844132950123,0.008522793723607314,-0.022168900859796503,0.0,-0.05591149403554918,-0.15120447510490392,-0.07559051394590033,-0.06637698526662428,0.23055448679802382,0.23055448679802137,0.16900686461848816,030000
16,KEPCO_E&C,일반서비스,2020,Q3,3.4681386399466945,-0.08099810936800877,0.028709528803274487,0.011649985604539559,-0.06382446161346911,-0.1822769488525369,-0.007349379666247158,-0.016685187897613307,0.011649985604539448,0.011649985604539559,-0.013571129477099472,052690
