,name,sector,year,quarter,매출액변화율,영업이익변화율,비유동자산변화율,이익잉여금변화율,비유동부채변화율,1인평균급여변화율,Relative Return,발행금액변화율,전체 주주 수변화율,전체 주식 수변화율,Label,Code
17,S-1_Corporation,일반서비스,2020,Q2,-0.041184423453220376,-0.09322523298471319,-0.007542465777943486,-0.031269892721634385,-0.13470464311190988,-0.007558675664754322,0.04788849235199019,0.0,0.010732411687987886,0.010257747652680393,-0.10557445220086617,012750
17,Daekyo,일반서비스,2020,Q2,0.08683446327586253,7.963469457637478,0.027057041775862545,0.010701307303707774,0.03971190687219017,0.01935871054121352,0.1638624865496203,0.0,0.022513296121650317,0.02418089802176837,-0.45273490681049483,019680
17,Coway,일반서비스,2020,Q2,-0.04274177031384152,-0.1752479585591804,0.004805696392721992,-0.0878353291456131,-0.03518970479582095,0.005199274836554357,-0.18012510760190828,0.0,-0.013536140618084946,-0.005212679854482927,0.0934952519196639,021240
17,Samsung_Engineering,일반서비스,2020,Q2,-0.045615281630815074,-0.14149566337169572,0.003518518673418014,-1.3114813799815517,-0.036347319283416724,-0.0017820588974917229,-0.27908323671547786,0.01290443200342306,0.002015887425328211,-0.0010995676121370312,0.029209537633949595,028050
18,Cheil_Worldwide,일반서비스,2020,Q2,-0.007545498586065236,-3.3668808186800074,-0.035362922255029794,-0.04282272612230442,-0.31131999934405075,0.07847373220495057,-0.1404197418588067,0.0,0.1310446959148598,0.10159450125159963,-0.15120447510490392,030000
17,KEPCO_E&C,일반서비스,2020,Q2,0.016104329073286072,1.7415329581320838,-0.00044846302898959856,0.009746638578360445,-0.18644851015404962,0.02657149682194737,-0.05436653107026443,-0.0010775037439367807,0.0035898904595765835,0.010412571548572669,-0.1822769488525369,052690
