,name,sector,year,quarter,Relative Return,영업이익 변화율,매출액 변화율,실업률 변화율,소비자물가지수 변화율,발행금액 변화율,특정 증권 등 소유 증감 비율 변화율,전체 주식 수 변화율,1인평균급여 변화율,전체 주주 수 변화율,Label,Code
18,S-1_Corporation,일반서비스,2020,Q1,-0.11138729833057176,-0.06873209762623178,0.07886546342857492,-0.00943396226415083,-2.326416414584117,0.0,0.0,-0.0179699843780996,0.4027820078714154,-0.0179699843780996,0.04788849235199019,012750
18,Daekyo,일반서비스,2020,Q1,-0.06445455124536387,0.9539609865058181,0.11654966262400923,-0.00943396226415083,-2.326416414584117,0.0,0.0,-0.017973020791118177,0.2814008754108134,-0.017973020791118177,0.1638624865496203,019680
18,Coway,일반서비스,2020,Q1,0.02478522763920732,-4.171450268347039,0.01516355732215191,-0.00943396226415083,-2.326416414584117,0.0,-0.017991451135468184,-0.017991451135468184,0.3806446743412901,-0.017991451135468184,-0.18012510760190828,021240
18,Samsung_Engineering,일반서비스,2020,Q1,0.07188033063661697,-0.10494505370250518,-0.002587965180650187,-0.00943396226415083,-2.326416414584117,0.16907132580704032,-0.017908635134738615,-0.017908635134738615,0.1391980919098731,-0.017908635134738837,-0.27908323671547786,028050
19,Cheil_Worldwide,일반서비스,2020,Q1,-0.10658148503352328,0.720841749030648,0.32599964913221413,-0.00943396226415083,-2.326416414584117,0.0,-0.01796525644343072,-0.01796525644343072,0.16205985741873297,-0.01796525644343072,-0.1404197418588067,030000
18,KEPCO_E&C,일반서비스,2020,Q1,-0.16714850707527606,0.7762263897220418,0.5074731230502844,-0.00943396226415083,-2.326416414584117,0.18114465443698324,-0.01797261234435399,-0.01797261234435399,0.19632802928535653,-0.01797261234435399,-0.05436653107026443,052690
