,name,sector,year,quarter,영업이익변화율,매출액변화율,비유동자산변화율,발행금액변화율,1인평균급여변화율,Relative Return,전체 주주 수변화율,전체 주식 수변화율,증자주식수변화율,주식액면가액변화율,Label,Code
15,S-1_Corporation,일반서비스,2020,Q4,-0.1708053659293154,-0.06805699666797582,-0.005157043786133686,0.0,-0.11712917418603652,-0.07084506647035317,-0.3577908819031759,-0.4790915013958972,0.0,0.0,-0.292380892857503,012750
15,Daekyo,일반서비스,2020,Q4,-0.1140312665417702,-0.001032684997607447,0.040087079120567526,0.0,-0.09156178918065438,-0.17647258549689698,-0.41735905330719714,-0.3141951563590455,-0.007625337239702823,-0.007625337239702601,-0.31834010249912337,019680
15,Coway,일반서비스,2020,Q4,0.36838650637457604,-0.040103806034350375,-0.019061376482165437,0.0,0.051472218066939246,0.0037774823591604084,-0.5168891099035942,-0.49480836958713903,0.0,0.0,-0.3618734086395018,021240
15,Samsung_Engineering,일반서비스,2020,Q4,0.2926991870476823,-0.049522740189647196,-0.05709908364942318,-0.3042030774577362,-0.19391890260736377,-0.2318168383566778,-0.22419452478429602,-0.4450731262969896,-0.3042030774577362,-0.304203077457736,-0.0012694350677230348,028050
16,Cheil_Worldwide,일반서비스,2020,Q4,-0.38855740543086137,-0.046614108852829794,-0.04905118185682733,0.0,-0.26179993774853716,0.16900686461848816,-0.5232347230921015,-0.6560763099775664,-0.013519083403120247,-0.013519083403120913,-0.2854954924762896,030000
15,KEPCO_E&C,일반서비스,2020,Q4,0.009537541713684372,-0.6600171723818069,-0.011827940379599333,-0.18924361223612474,-0.37629442359887166,-0.013571129477099472,0.36515619469489957,-0.38409051429162444,-0.18924361223612496,-0.18924361223612474,-0.17537542386565494,052690
