,name,sector,year,quarter,매출액변화율,영업이익변화율,비유동자산변화율,이익잉여금변화율,비유동부채변화율,1인평균급여변화율,Relative Return,발행금액변화율,전체 주주 수변화율,전체 주식 수변화율,Label,Code
18,S-1_Corporation,일반서비스,2020,Q1,0.07886546342857492,-0.06873209762623178,-0.023794703783566185,0.03946556448933214,-0.3725461024843393,0.10027378136919873,-0.11138729833057176,0.0,0.0023534790328575417,0.002261702608790661,0.04788849235199019,012750
18,Daekyo,일반서비스,2020,Q1,0.11654966262400923,0.9539609865058181,-0.006102848033906039,0.02243094444458682,-0.017741138561487624,0.017507482486722625,-0.06445455124536387,0.0,-0.02190464691891103,-0.02792197226584392,0.1638624865496203,019680
18,Coway,일반서비스,2020,Q1,0.01516355732215191,-4.171450268347039,-0.0028691044398074794,-0.10229015606527381,-0.07325136396405707,0.12440993519027443,0.02478522763920732,0.0,-0.031721534923301986,-0.023896886727714062,-0.18012510760190828,021240
18,Samsung_Engineering,일반서비스,2020,Q1,-0.002587965180650187,-0.10494505370250518,0.005311071399480172,0.5112330766004649,0.0344499807787334,0.18816515539677148,0.07188033063661697,0.2455854960167636,0.026123328931411227,0.024253359336947722,-0.27908323671547786,028050
19,Cheil_Worldwide,일반서비스,2020,Q1,0.32599964913221413,0.720841749030648,-0.005414290402709687,0.08582726173434307,0.07144147473566254,0.15798914623378846,-0.10658148503352328,0.0,0.0009640917268765037,0.007399619276552083,-0.1404197418588067,030000
18,KEPCO_E&C,일반서비스,2020,Q1,0.5074731230502844,0.7762263897220418,0.013120270504676235,0.019466497576520747,-0.31831747306162894,0.2577687796467172,-0.16714850707527606,0.15013352521539813,0.1076177839111887,0.07453991460504161,-0.05436653107026443,052690
