,name,sector,year,quarter,매출액변화율,영업이익변화율,비유동자산변화율,이익잉여금변화율,비유동부채변화율,1인평균급여변화율,Relative Return,발행금액변화율,전체 주주 수변화율,전체 주식 수변화율,Label,Code
15,S-1_Corporation,일반서비스,2020,Q4,-0.06805699666797582,-0.1708053659293154,-0.005157043786133686,-0.022742689421773488,0.1602038813361737,-0.11712917418603652,-0.07084506647035317,0.0,-0.35779088190317654,-0.4790915013958983,-0.292380892857503,012750
15,Daekyo,일반서비스,2020,Q4,-0.001032684997607447,-0.1140312665417702,0.040087079120567526,0.01973378315378549,0.141636803270331,-0.09156178918065416,-0.17647258549689698,0.0,-0.4173590533071969,-0.3141951563590457,-0.31834010249912337,019680
15,Coway,일반서비스,2020,Q4,-0.040103806034350375,0.36838650637457604,-0.019061376482165437,-0.021550501665737132,0.26169171409475445,0.051472218066939246,0.0037774823591604084,0.0,-0.5168891099035942,-0.49480836958713903,-0.3618734086395018,021240
15,Samsung_Engineering,일반서비스,2020,Q4,-0.049522740189647196,0.2926991870476823,-0.05709908364942318,-0.49723441938669866,0.0011264300787110493,-0.19391890260736422,-0.2318168383566778,-0.30420307745773667,-0.22419452478429602,-0.4450731262969896,-0.0012694350677230348,028050
16,Cheil_Worldwide,일반서비스,2020,Q4,-0.046614108852829794,-0.38855740543086137,-0.04905118185682733,-0.07299878269505466,0.3794402905943912,-0.26179993774853716,0.16900686461848816,0.0,-0.5232347230921015,-0.6560763099775664,-0.2854954924762896,030000
15,KEPCO_E&C,일반서비스,2020,Q4,-0.6600171723818069,0.009537541713684372,-0.011827940379599333,-0.02876245354090079,0.598841928145248,-0.37629442359887166,-0.013571129477099472,-0.18924361223612474,0.36515619469489957,-0.38409051429162444,-0.17537542386565494,052690
