,name,sector,year,quarter,Relative Return,영업이익 변화율,매출액 변화율,실업률 변화율,소비자물가지수 변화율,발행금액 변화율,특정 증권 등 소유 증감 비율 변화율,전체 주식 수 변화율,1인평균급여 변화율,전체 주주 수 변화율,Label,Code
15,S-1_Corporation,일반서비스,2020,Q4,-0.07084506647035317,-0.1708053659293154,-0.06805699666797582,-0.04166666666666674,0.3780443147289393,0.0,0.0,-1.8422841421792229,-0.7939284829264457,-1.5951281628332983,-0.292380892857503,012750
15,Daekyo,일반서비스,2020,Q4,-0.17647258549689698,-0.1140312665417702,-0.001032684997607447,-0.04166666666666674,0.3780443147289393,0.0,0.0,-0.8693849916376957,-0.5155212369853883,-1.0816115151452612,-0.31834010249912337,019680
15,Coway,일반서비스,2020,Q4,0.0037774823591604084,0.36838650637457604,-0.040103806034350375,-0.04166666666666674,0.3780443147289393,0.0,-0.015344818078669942,-1.4028460281907948,-0.38697403219759363,-1.3975529651476486,-0.3618734086395018,021240
15,Samsung_Engineering,일반서비스,2020,Q4,-0.2318168383566778,0.2926991870476823,-0.049522740189647196,-0.04166666666666674,0.3780443147289393,-0.25224954663570975,-0.015352050221263847,-0.5197791016625584,-0.22112613749305976,-0.30944820505144066,-0.0012694350677230348,028050
16,Cheil_Worldwide,일반서비스,2020,Q4,0.16900686461848816,-0.38855740543086137,-0.046614108852829794,-0.04166666666666674,0.3780443147289393,0.0,-0.015380397897182041,-0.5108027896499048,-0.283904818186441,-0.3381135977485319,-0.2854954924762896,030000
15,KEPCO_E&C,일반서비스,2020,Q4,-0.013571129477099472,0.009537541713684372,-0.6600171723818069,-0.04166666666666674,0.3780443147289393,-0.27085899457647367,-0.015373592786081192,-0.5652784020637347,-0.3697784611100874,0.34652994943546045,-0.17537542386565494,052690
