,name,sector,year,quarter,영업이익변화율,매출액변화율,비유동자산변화율,발행금액변화율,1인평균급여변화율,Relative Return,전체 주주 수변화율,전체 주식 수변화율,증자주식수변화율,주식액면가액변화율,Label,Code
11,S-1_Corporation,일반서비스,2021,Q4,0.7876356283365287,-0.03183205405491396,-0.014305617865133957,0.0,-0.17130626254980985,0.10665483629653005,-0.5946290249503918,-0.5506469623084078,0.0,0.0,-0.09627284951384148,012750
11,Daekyo,일반서비스,2021,Q4,41.28424797059991,-0.0038837145079229085,0.06534291703423922,0.0,-0.20853119641927886,-0.08139897084990468,-0.3934892612589902,-0.39588449698320494,0.12627850173773814,0.1262785017377379,-0.10039993807285569,019680
11,Coway,일반서비스,2021,Q4,-0.07814084791547904,-0.08198699216114602,-0.09283657156931158,0.0,-0.03480330727489234,0.019231148872842635,-0.1770001021294605,-0.3086280847428309,0.0,0.0,0.025610602662209665,021240
11,Samsung_Engineering,일반서비스,2021,Q4,0.48927068005835506,-0.4827240487450759,-0.004182537794336971,-0.13281511145698244,-0.3924623271968195,0.15270366105099153,-1.0024177548638282,-0.4611339875788263,-0.13281511145698222,-0.132815111456982,-0.08149595537602539,028050
12,Cheil_Worldwide,일반서비스,2021,Q4,0.39869773904664585,-0.172430466255999,0.059907613707981144,0.0,-0.48618182690481015,-0.02173427839395449,-1.0281354770571038,-0.7397611416891854,-0.48052212467838085,-0.48052212467837796,0.006843965572591212,030000
11,KEPCO_E&C,일반서비스,2021,Q4,3.012190599482866,-1.1451337680033467,0.02167554793903037,-0.17913403247660353,-0.6646121054381013,0.05025425118307366,-0.6371130854452869,-0.3588519366241185,-0.17913403247660398,-0.17913403247660353,0.7569554482927696,052690
