,name,sector,year,quarter,영업이익변화율,매출액변화율,비유동자산변화율,발행금액변화율,1인평균급여변화율,Relative Return,전체 주주 수변화율,전체 주식 수변화율,증자주식수변화율,주식액면가액변화율,Label,Code
13,S-1_Corporation,일반서비스,2021,Q2,-0.11465998688755574,-0.03680945827530957,0.0017004198223532496,0.0,-0.0072899601914537815,-0.0929521975670885,0.0039389358950082665,0.003688662155394651,0.0,0.0,-0.04995135769746707,012750
13,Daekyo,일반서비스,2021,Q2,1.5207035496903822,-0.02282461298865801,0.006868561955674868,0.0,0.006999929544322048,0.09838539438025955,0.011490643646044019,0.012676184412862446,-0.026342148496007356,-0.026342148496007134,0.16790054654612252,019680
13,Coway,일반서비스,2021,Q2,-0.09369926351001157,-0.053487456687530965,-0.05746941971928532,0.0,0.017710922722634304,-0.1683109712135334,-0.03329721349913983,-0.0299383421667323,0.0,0.0,0.14729578383759578,021240
13,Samsung_Engineering,일반서비스,2021,Q2,-0.042712731214217925,-0.019519863643765678,0.017278570117573944,0.03872767797784382,0.01716507076926077,-0.016882106609357093,0.025447125955847083,0.019701777134096266,0.03872767797784371,0.0387276779778436,0.636646598282136,028050
14,Cheil_Worldwide,일반서비스,2021,Q2,-2.013867402893098,-0.2915962481673817,-0.005300448741417663,0.0,-0.02492575639357697,-0.026451440785158126,0.009831111435574358,-0.001412643349053333,-2.598725551565858,-2.5987255515658094,0.13113007365108215,030000
13,KEPCO_E&C,일반서비스,2021,Q2,2.658592177371536,0.0691621660483297,0.010596843489283803,0.010490547799459682,-0.009145558452040792,0.18165097703608613,0.009458534627873494,0.00014548716340356815,0.01049054779945946,0.010490547799459682,1.1103415612439778,052690
