,name,sector,year,quarter,매출액변화율,영업이익변화율,비유동자산변화율,이익잉여금변화율,비유동부채변화율,1인평균급여변화율,Relative Return,발행금액변화율,전체 주주 수변화율,전체 주식 수변화율,Label,Code
12,S-1_Corporation,일반서비스,2021,Q3,0.012077856768252015,0.16010723477435151,0.0061766765824791126,-0.02644979403956138,-0.06839447000210797,-0.011649981588412572,-0.04995135769746707,0.0,-0.027157301044964166,-0.026774228685016777,0.10665483629653005,012750
12,Daekyo,일반서비스,2021,Q3,0.008193482865844093,0.6230177302462687,-0.0072943851566793505,0.007899880507022061,-0.06488339063168636,-0.009908076348060346,0.16790054654612252,0.0,-0.014243293140775659,-0.01611975337075333,-0.08139897084990468,019680
12,Coway,일반서비스,2021,Q3,0.034436821761663516,0.14708488576766832,-0.043810971102370866,-0.07101824497143139,-0.008513583555067816,-0.019712104612160664,0.14729578383759578,0.0,-0.04576105968262545,-0.042144304175466996,0.019231148872842635,021240
12,Samsung_Engineering,일반서비스,2021,Q3,0.00665280293585091,0.0014473740520152267,0.011741689882189266,-0.12544780952420154,0.006127554634822507,0.003490432633645013,0.636646598282136,0.015420930230406027,0.010226493183660867,0.005347832513048045,0.15270366105099153,028050
13,Cheil_Worldwide,일반서비스,2021,Q3,-0.01764023978494622,0.045546423509974066,0.0033254684378952737,-0.025481375185991917,-0.2941167944549572,0.05340074569257125,0.13113007365108215,0.0,0.08663292095282948,0.06725258029162451,-0.02173427839395449,030000
12,KEPCO_E&C,일반서비스,2021,Q3,-0.17726285674076903,-9.760663906447716,-0.024330035428524077,0.0016264079805367038,-0.12013342030943397,0.002035698502142358,1.1103415612439778,-0.004117739149489763,0.008242496222246931,-0.0036899476780214435,0.05025425118307366,052690
