,name,sector,year,quarter,Relative Return,영업이익 변화율,매출액 변화율,실업률 변화율,소비자물가지수 변화율,발행금액 변화율,특정 증권 등 소유 증감 비율 변화율,전체 주식 수 변화율,1인평균급여 변화율,전체 주주 수 변화율,Label,Code
8,S-1_Corporation,일반서비스,2022,Q3,0.06920341198614577,-0.06855622149413532,0.007008322437493386,0.023255813953488302,-0.09093510066157107,0.0,0.0,-0.027789986728678606,-0.027789986728678606,-0.027789986728678828,-0.020606773376921045,012750
8,Daekyo,일반서비스,2022,Q3,-0.10030037533033712,-0.33257849011973595,-0.0034086284373253672,0.023255813953488302,-0.09093510066157107,0.0,0.0,-0.02778972174073857,-0.02778972174073857,-0.02778972174073857,-0.06973899346999522,019680
8,Coway,일반서비스,2022,Q3,0.09845226960016407,-0.0980541083165547,-0.030230981166367243,0.023255813953488302,-0.09093510066157107,0.0,-0.02777557631188432,-0.027775576311884542,-0.027775576311884542,-0.027775576311884542,-0.08086752956988062,021240
8,Samsung_Engineering,일반서비스,2022,Q3,-0.00875428867657324,0.24889630480135494,0.05801998991615531,0.023255813953488302,-0.09093510066157107,-0.027740142604793183,-0.027740142604793183,-0.027740142604793183,-0.027740142604793183,-0.027740142604793183,0.12037002759987993,028050
9,Cheil_Worldwide,일반서비스,2022,Q3,0.17310501447898008,-0.09199399702363609,-0.06328292242083311,0.023255813953488302,-0.09093510066157107,0.0,-0.027796394228555732,-0.027796394228555732,-0.02779639422855551,-0.02779639422855551,0.03053270954679424,030000
8,KEPCO_E&C,일반서비스,2022,Q3,-0.014586354169582011,1.2212696763873117,0.01795341363957803,0.023255813953488302,-0.09093510066157107,-0.02779155808864564,-0.02779155808864564,-0.02779155808864564,-0.02779155808864564,-0.02779155808864564,-0.12220221497236265,052690
