,name,sector,year,quarter,Relative Return,영업이익 변화율,매출액 변화율,실업률 변화율,소비자물가지수 변화율,발행금액 변화율,특정 증권 등 소유 증감 비율 변화율,전체 주식 수 변화율,1인평균급여 변화율,전체 주주 수 변화율,Label,Code
10,S-1_Corporation,일반서비스,2022,Q1,-0.09627284951384148,-4.486026808571306,0.004500889193295166,0.09183673469387776,-0.09364288108448604,0.0,0.0,0.5636868857341399,0.28731965031152606,0.5738640718918799,0.05481521401127212,012750
10,Daekyo,일반서비스,2022,Q1,-0.10039993807285569,0.4160677275070076,-0.013403784936177665,0.09183673469387776,-0.09364288108448604,0.0,0.0,0.254379395442191,0.1309752387027424,0.2787077532750939,0.06519031235763562,019680
10,Coway,일반서비스,2022,Q1,0.025610602662209665,-0.2703987576955975,0.043851278049518494,0.09183673469387776,-0.09364288108448604,0.0,-0.038648052837463975,0.4199595534471985,0.043189285930523846,0.34987407517654967,0.010145538759978479,021240
10,Samsung_Engineering,일반서비스,2022,Q1,-0.08149595537602539,-1.7391609357329068,0.09083965678819139,0.09183673469387776,-0.09364288108448604,-0.038482912331827546,-0.03848291233182777,0.08322263816558484,0.022850121726092798,0.3265949253832784,0.22354382051429783,028050
11,Cheil_Worldwide,일반서비스,2022,Q1,0.006843965572591212,0.09522728146889159,0.056999417177961864,0.09183673469387776,-0.09364288108448604,0.0,-0.038634504764295974,0.07742178087928042,0.059421674445158,0.15640019374650216,0.11460385218568321,030000
10,KEPCO_E&C,일반서비스,2022,Q1,0.7569554482927696,1.2788533635749786,0.5091623910325646,0.09183673469387776,-0.09364288108448604,-0.09678957220262085,-0.03864601119098654,0.10537867256352207,0.1756280055667211,0.1844678447240009,-0.016259907710334753,052690
