,name,sector,year,quarter,영업이익변화율,매출액변화율,비유동자산변화율,발행금액변화율,1인평균급여변화율,Relative Return,전체 주주 수변화율,전체 주식 수변화율,증자주식수변화율,주식액면가액변화율,Label,Code
6,S-1_Corporation,일반서비스,2023,Q1,-0.7716214477757373,-0.008005611209548569,0.006122797410925251,0.0,0.13863071770805335,0.0072363885934942015,0.3200349940812397,0.29239010198372606,0.0,0.0,-0.1854041517004365,012750
6,Daekyo,일반서비스,2023,Q1,0.7178469922933368,-0.0005710096825004563,0.008458564132524549,0.0,0.26143473486200053,0.08876501380208085,0.31473342420471284,0.3439835000297442,-0.27096093134676535,-0.2709609313467649,-0.10136578436639733,019680
6,Coway,일반서비스,2023,Q1,-0.024630563067506772,0.04157146100431608,-0.018429855320089672,0.0,-0.07525944871456014,0.01632848759776889,0.1807720500585277,0.13819401593716885,0.0,0.0,-0.161953738477296,021240
6,Samsung_Engineering,일반서비스,2023,Q1,0.14001033147404618,0.1186475690746629,0.028440615993327922,0.06926963677906006,0.05266579204304567,-0.04532751091703065,0.05956932686392413,0.04529342552088156,0.06926963677905995,0.06926963677906017,0.2970220324478141,028050
7,Cheil_Worldwide,일반서비스,2023,Q1,0.7911847592282029,0.121192904736103,-0.006126323116726562,0.0,0.35043004722028004,0.000716812709062261,0.2833552164239449,0.4200952856409952,0.03388217324028764,0.03388217324028808,-0.2863533017960733,030000
6,KEPCO_E&C,일반서비스,2023,Q1,0.264664238609994,0.4419343066499697,0.038912775887184226,0.0783377717831929,0.31169890372919806,-0.04713861332381898,0.4152062612274141,0.19052043458738166,0.07833777178319301,0.0783377717831929,0.26170778602361144,052690
