,name,sector,year,quarter,영업이익변화율,매출액변화율,비유동자산변화율,발행금액변화율,1인평균급여변화율,Relative Return,전체 주주 수변화율,전체 주식 수변화율,증자주식수변화율,주식액면가액변화율,Label,Code
2,S-1_Corporation,일반서비스,2024,Q1,-0.19227093697947484,0.03920992312159599,0.007277451198607343,0.0,0.13124568104955403,-0.051466962009102654,0.2263140929370535,0.227883461338652,0.0,0.0,-0.05272304915961092,012750
2,Daekyo,일반서비스,2024,Q1,1.5375216555541593,-0.030179965740816606,0.02275205554222759,0.0,0.3677783238769796,-0.041626783096758796,0.36389333515636446,0.41772113928380594,-0.48689437328123786,-0.4868943732812365,-0.07344997929299715,019680
2,Coway,일반서비스,2024,Q1,-0.569293126255648,-0.022526196449726532,-0.033965926674354385,0.0,-0.04436231649233058,0.30968681849951657,0.08476345791166984,0.05214264392246748,0.0,0.0,-0.052844450785800516,021240
2,Samsung_Engineering,일반서비스,2024,Q1,5.001597074459847,-0.07597742609652025,-0.000546547793262242,0.004251144620420533,0.1251884265632025,-0.15884834807901332,-0.12447802153239862,0.07150624403506833,0.004251144620420311,0.0042511446204202,-0.18300636403594905,028050
3,Cheil_Worldwide,일반서비스,2024,Q1,0.7094246593806505,0.1496869789609433,0.01795677429789866,0.0,0.27081021655546067,-0.16054083816527306,0.41409240227787836,0.32724097328683843,0.11168284935652706,0.11168284935652706,-0.06419907145698017,030000
2,KEPCO_E&C,일반서비스,2024,Q1,-4.239997322517398,0.35291013043755415,0.012194619262230977,0.04866171635581873,0.2902986179192172,-0.1363137882352392,0.10395867335264664,0.17826879571467025,0.04866171635581862,0.04866171635581873,0.003954261638268848,052690
