,name,sector,year,quarter,매출액변화율,영업이익변화율,비유동자산변화율,이익잉여금변화율,비유동부채변화율,1인평균급여변화율,Relative Return,발행금액변화율,전체 주주 수변화율,전체 주식 수변화율,Label,Code
0,S-1_Corporation,일반서비스,2024,Q3,0.01220847046398632,-0.19255248648316003,0.0048821705005434035,-0.035159142458960346,-0.06237320534474322,-0.024150433161401308,-0.06132159877075339,0.0,-0.04579199652265986,-0.045274754448176635,-0.06132159877075339,012750
0,Daekyo,일반서비스,2024,Q3,-0.0635916111063124,6.255538118028178,-0.03099083785935397,-0.025272698260213167,0.004127558526457742,0.004366572972695271,-0.11408825082703863,0.0,0.007172421046783284,0.009310375191753595,-0.11408825082703863,019680
0,Coway,일반서비스,2024,Q3,-0.054587155790297714,-0.1950141479032519,-0.044738040100388954,-0.04762747710881343,-0.022455157864200714,-0.04627261171318686,0.10750271303806203,0.0,-0.04423362993577018,-0.044184532242514285,0.10750271303806203,021240
0,Samsung_Engineering,일반서비스,2024,Q3,0.2536415588996743,0.6484497787371499,-0.009767643252022173,-0.06036514164624096,-0.022912979449073667,-0.0021133367246817247,-0.06978172087560851,-0.00257280547081562,0.02756010213246718,0.0059934705404507405,-0.06978172087560851,028050
1,Cheil_Worldwide,일반서비스,2024,Q3,0.03084957707970004,-0.3232092108282014,0.023913105525204537,-0.0442610613555523,0.11785662488479332,0.006890034691605318,-0.04329557086004673,0.0,0.02223311245840265,0.010639718726736525,0.09899194243025294,030000
0,KEPCO_E&C,일반서비스,2024,Q3,0.167998412207904,0.5865641731725137,0.03386282648354455,-0.007498340105459356,0.14050488776276993,-0.004709647791976357,0.028891162912052896,0.03486721350070121,0.03374268757159571,0.00982830454075767,0.028891162912052896,052690
