,name,sector,year,quarter,영업이익변화율,매출액변화율,비유동자산변화율,발행금액변화율,1인평균급여변화율,Relative Return,전체 주주 수변화율,전체 주식 수변화율,증자주식수변화율,주식액면가액변화율,Label,Code
1,S-1_Corporation,일반서비스,2024,Q2,0.028724920886906147,-0.04666929807792508,0.0020951795654243766,0.0,-0.0026478274014929415,-0.05272304915961092,0.013762018561192857,0.013423853987715506,0.0,0.0,-0.06132159877075339,012750
1,Daekyo,일반서비스,2024,Q2,1.842040086438027,0.03443287383300031,0.010731564984147623,0.0,-0.030904510227346416,-0.07344997929299715,-0.04085333563345883,-0.0464900514317752,0.08232904232984106,0.08232904232984084,-0.11408825082703863,019680
1,Coway,일반서비스,2024,Q2,0.03181579194848205,-0.052568574198713414,-0.05969099483598628,0.0,0.007426551798449532,-0.052844450785800516,-0.03324377416909896,-0.033007861850503195,0.0,0.0,0.10750271303806203,021240
1,Samsung_Engineering,일반서비스,2024,Q2,-2.8857294644455087,-0.22817923868676182,-0.04666673322979986,-0.06176295240302632,-0.14306388273435822,-0.18300636403594905,-0.11354594433977283,-0.1292476964589091,-0.061762952403026095,-0.061762952403026095,-0.06978172087560851,028050
2,Cheil_Worldwide,일반서비스,2024,Q2,-3.355280056921444,-0.20776368592727157,-0.01432360956832901,0.0,0.11084894847337978,-0.06419907145698017,0.17007500135939024,0.1503831277821509,-0.464099594162253,-0.4640995941622519,-0.04329557086004673,030000
1,KEPCO_E&C,일반서비스,2024,Q2,-0.4642855214000752,0.0029071730587711953,0.03572650977274283,-0.027571338658420208,-0.07700470505475066,0.003954261638268848,-0.0724385748534846,-0.0367482725682442,-0.027571338658419986,-0.027571338658420208,0.028891162912052896,052690
