,Feature,Importance
0,F_부채총계 변화율,0.19391147667444336
1,F_매출액 변화율,0.1936884762917471
2,F_이익잉여금 변화율,0.19049239704434115
3,F_법인세차감전 순이익 변화율,0.15776943913819846
4,M_실업률 변화율,0.13226739946990163
5,M_금리 변화율,0.13187081138136847
