,name,sector,year,quarter,자산총계변화율,비유동자산변화율,비유동부채변화율,Relative Return,발행금액변화율,전체 주식 수변화율,특정 증권 등 소유 증감 비율변화율,전체 주주 수변화율,기초 소유 주식 수변화율,보유 주식 수변화율,Label,Code
33,Hyundai_Livart,기타제조,2016,Q2,-0.008827556197974484,-0.0495671825736792,-0.0896999607289588,-0.027413288758880074,-0.0010875855641390153,-0.009899009201220998,0.04383095156688055,-0.008461347229221428,-0.021180343169008742,-0.009864504354405224,-0.24154854367579764,079430
