,name,sector,year,quarter,자산총계변화율,비유동자산변화율,비유동부채변화율,Relative Return,발행금액변화율,전체 주식 수변화율,특정 증권 등 소유 증감 비율변화율,전체 주주 수변화율,기초 소유 주식 수변화율,보유 주식 수변화율,Label,Code
32,Hyundai_Livart,기타제조,2016,Q3,-0.02597342702327432,-0.012951068177065483,0.0025248204267671603,-0.24154854367579764,-0.05819472319861885,-0.023382909019623588,-0.035607722011136156,-0.0237234669899844,-0.013585227799985722,-0.03261152164300962,-0.11832971123962736,079430
