,name,sector,year,quarter,자산총계변화율,비유동자산변화율,비유동부채변화율,매출액변화율,유동자산변화율,Relative Return,전체 주식 수변화율,발행금액변화율,특정 증권 등 소유 증감 수변화율,특정 증권 등 소유 비율변화율,Label,Code
33,Hyundai_Livart,기타제조,2016,Q2,-0.008827556197974484,-0.0495671825736792,-0.0896999607289588,-0.004130507467258626,0.019416844722846105,-0.027413288758880074,-0.009899009201219888,-0.0010875855641363508,0.0438309515668831,0.04383095156688277,-0.24154854367579764,079430
