,name,sector,year,quarter,자산총계변화율,비유동자산변화율,비유동부채변화율,Relative Return,발행금액변화율,전체 주식 수변화율,특정 증권 등 소유 증감 비율변화율,전체 주주 수변화율,기초 소유 주식 수변화율,보유 주식 수변화율,Label,Code
27,Hyundai_Livart,기타제조,2017,Q4,-0.44711542727249265,-0.2718577490751499,-0.24247522022837864,-0.06237846540880498,-0.6240069656837994,-0.39714649535030255,-0.8464560962391956,-0.3973390439026516,0.22720741272759182,-0.4541100656766337,0.41465179242282,079430
