,name,sector,year,quarter,자산총계변화율,비유동자산변화율,비유동부채변화율,매출액변화율,유동자산변화율,Relative Return,전체 주식 수변화율,발행금액변화율,특정 증권 등 소유 증감 수변화율,특정 증권 등 소유 비율변화율,Label,Code
28,Hyundai_Livart,기타제조,2017,Q3,-0.08443282329627655,-0.02157679501801346,-0.01838575840972778,-0.14782602756343977,-0.1254410978627334,-0.22269785393930422,-0.1287780239124967,-0.13995467470436118,-0.11798933528641187,-0.11798933528641165,-0.06237846540880498,079430
