,name,sector,year,quarter,자산총계변화율,비유동자산변화율,비유동부채변화율,매출액변화율,유동자산변화율,Relative Return,전체 주식 수변화율,발행금액변화율,특정 증권 등 소유 증감 수변화율,특정 증권 등 소유 비율변화율,Label,Code
29,Hyundai_Livart,기타제조,2017,Q2,-0.01674705147279343,-0.008206394068743794,0.09426005999558207,0.005280943903980817,-0.0223975427893508,0.055622862058685926,-0.01086948216083039,-0.020713786475512475,0.013247108077371506,0.013247108077371617,-0.22269785393930422,079430
