,name,sector,year,quarter,자산총계변화율,비유동자산변화율,비유동부채변화율,Relative Return,발행금액변화율,전체 주식 수변화율,특정 증권 등 소유 증감 비율변화율,전체 주주 수변화율,기초 소유 주식 수변화율,보유 주식 수변화율,Label,Code
25,Hyundai_Livart,기타제조,2018,Q2,0.024689587824627823,-0.013620400576671354,0.12389083800610967,-0.16523335268044953,-0.013838043939105482,0.03188962852426258,0.1560088807665725,0.032140553859077325,0.034384663296797235,0.012818180409811974,-0.05724547966042545,079430
