,name,sector,year,quarter,자산총계변화율,비유동자산변화율,비유동부채변화율,Relative Return,발행금액변화율,전체 주식 수변화율,특정 증권 등 소유 증감 비율변화율,전체 주주 수변화율,기초 소유 주식 수변화율,보유 주식 수변화율,Label,Code
24,Hyundai_Livart,기타제조,2018,Q3,0.00032448802889550876,-0.012966749237479869,-0.036313964735415816,-0.05724547966042545,-0.0004603491907848589,0.002331910162324591,0.06580334164120627,0.002410607931426112,-0.0010612454238030367,-0.000729345311961227,0.06552847416749956,079430
