,name,sector,year,quarter,자산총계변화율,비유동자산변화율,비유동부채변화율,매출액변화율,유동자산변화율,Relative Return,전체 주식 수변화율,발행금액변화율,특정 증권 등 소유 증감 수변화율,특정 증권 등 소유 비율변화율,Label,Code
26,Hyundai_Livart,기타제조,2018,Q1,0.01598557549998514,-0.0026297675283617483,-0.01244934213967408,-0.22047917584923438,0.02502617970251375,0.41465179242282,0.011982757586194048,0.11143057807325496,0.024531143185260063,0.02453114318525995,-0.16523335268044953,079430
