,name,sector,year,quarter,자산총계변화율,비유동자산변화율,비유동부채변화율,매출액변화율,유동자산변화율,Relative Return,전체 주식 수변화율,발행금액변화율,특정 증권 등 소유 증감 수변화율,특정 증권 등 소유 비율변화율,Label,Code
23,Hyundai_Livart,기타제조,2018,Q4,-0.030530496605643664,-0.042692392739305474,0.06370491356442831,0.030770447359892428,-0.023959726756766164,0.06552847416749956,-0.038671915575044125,-0.10953286554569241,-0.07969128356876798,-0.07969128356876731,-0.04197385672308196,079430
