,name,sector,year,quarter,자산총계변화율,비유동자산변화율,비유동부채변화율,Relative Return,발행금액변화율,전체 주식 수변화율,특정 증권 등 소유 증감 비율변화율,전체 주주 수변화율,기초 소유 주식 수변화율,보유 주식 수변화율,Label,Code
21,Hyundai_Livart,기타제조,2019,Q2,0.01735900573503857,-0.06660868298921829,0.14386815764750438,-0.019782415979192315,0.03658750430514579,0.006716779919973437,0.1170612966561233,0.008826097579716863,-0.015965952727259758,0.011875491543742123,-0.15244920080145755,079430
