,name,sector,year,quarter,자산총계변화율,비유동자산변화율,비유동부채변화율,Relative Return,발행금액변화율,전체 주식 수변화율,특정 증권 등 소유 증감 비율변화율,전체 주주 수변화율,기초 소유 주식 수변화율,보유 주식 수변화율,Label,Code
20,Hyundai_Livart,기타제조,2019,Q3,-0.049519482622467415,-0.20215935322079126,-0.4189841062663633,-0.15244920080145755,0.06459489232795723,-0.08372607049916203,-0.027026602521427634,-0.07850123566573863,-0.14241233357244654,-0.043216562183000296,-0.2043856389390196,079430
