,name,sector,year,quarter,자산총계변화율,비유동자산변화율,비유동부채변화율,매출액변화율,유동자산변화율,Relative Return,전체 주식 수변화율,발행금액변화율,특정 증권 등 소유 증감 수변화율,특정 증권 등 소유 비율변화율,Label,Code
18,Hyundai_Livart,기타제조,2020,Q1,-0.03872361513170941,-0.05526495812636889,-0.10420299365907004,-0.1397170993277459,-0.023864319408373857,-0.08549943719091206,-0.047980683310844485,0.1684277201483344,-0.10327476551173231,-0.10327476551173231,-0.27315476647426373,079430
