,name,sector,year,quarter,자산총계변화율,비유동자산변화율,비유동부채변화율,Relative Return,발행금액변화율,전체 주식 수변화율,특정 증권 등 소유 증감 비율변화율,전체 주주 수변화율,기초 소유 주식 수변화율,보유 주식 수변화율,Label,Code
18,Hyundai_Livart,기타제조,2020,Q1,-0.03872361513170941,-0.05526495812636889,-0.10420299365907004,-0.08549943719091206,0.1684277201483343,-0.047980683310844485,-0.10327476551173231,-0.047169784587240304,0.23057325613747792,0.020547548656351666,-0.27315476647426373,079430
