,name,sector,year,quarter,자산총계변화율,비유동자산변화율,비유동부채변화율,매출액변화율,유동자산변화율,Relative Return,전체 주식 수변화율,발행금액변화율,특정 증권 등 소유 증감 수변화율,특정 증권 등 소유 비율변화율,Label,Code
15,Hyundai_Livart,기타제조,2020,Q4,0.009451268752488029,-0.011703721411910895,0.07749503119985646,-0.05758164921659481,0.03405994235194454,-0.16049000850450232,-0.21315670834701983,0.3670856134103546,0.020518748558612576,0.020518748558612687,-0.25404895159578644,079430
