,name,sector,year,quarter,자산총계변화율,비유동자산변화율,비유동부채변화율,매출액변화율,유동자산변화율,Relative Return,전체 주식 수변화율,발행금액변화율,특정 증권 등 소유 증감 수변화율,특정 증권 등 소유 비율변화율,Label,Code
11,Hyundai_Livart,기타제조,2021,Q4,-0.04863494412601854,0.007649735870546737,0.10265569715691159,-0.05586655009416264,-0.11294989034645475,-0.0497805764202897,-0.2173071989590114,-0.04849004198329121,-0.22116675359636728,-0.22116675359636728,-0.1209200095826883,079430
