,name,sector,year,quarter,자산총계변화율,비유동자산변화율,비유동부채변화율,매출액변화율,유동자산변화율,Relative Return,전체 주식 수변화율,발행금액변화율,특정 증권 등 소유 증감 수변화율,특정 증권 등 소유 비율변화율,Label,Code
8,Hyundai_Livart,기타제조,2022,Q3,-0.03329015577165162,0.013236947893862983,0.028860601780539175,-0.007102826054405709,-0.08354768183443473,-0.15534636122301174,-0.028586689667905896,-0.029776728865432478,-0.12336224974334864,-0.12336224974334864,-0.07028011373519293,079430
