,name,sector,year,quarter,자산총계변화율,비유동자산변화율,비유동부채변화율,Relative Return,발행금액변화율,전체 주식 수변화율,특정 증권 등 소유 증감 비율변화율,전체 주주 수변화율,기초 소유 주식 수변화율,보유 주식 수변화율,Label,Code
10,Hyundai_Livart,기타제조,2022,Q1,0.053059004636918816,0.0020106086880653518,-0.029096446139159626,-0.1209200095826883,0.02575464356967938,0.1837318075187231,0.17866506999728515,0.3046678798400395,0.1682928131011071,0.12637794801195934,0.13573040774932488,079430
