,name,sector,year,quarter,자산총계변화율,비유동자산변화율,비유동부채변화율,Relative Return,발행금액변화율,전체 주식 수변화율,특정 증권 등 소유 증감 비율변화율,전체 주주 수변화율,기초 소유 주식 수변화율,보유 주식 수변화율,Label,Code
7,Hyundai_Livart,기타제조,2022,Q4,0.01001456218495922,0.05625731355593655,0.2525081248919907,-0.07028011373519293,0.041792480614032956,-0.16199790380738177,-0.27243131336103943,-0.24431224165850463,-0.15469356749369134,-0.08774195068975055,-0.08324757926713508,079430
