,name,sector,year,quarter,자산총계변화율,비유동자산변화율,비유동부채변화율,매출액변화율,유동자산변화율,Relative Return,전체 주식 수변화율,발행금액변화율,특정 증권 등 소유 증감 수변화율,특정 증권 등 소유 비율변화율,Label,Code
10,Hyundai_Livart,기타제조,2022,Q1,0.053059004636918816,0.0020106086880653518,-0.029096446139159626,0.013098833490477357,0.10506976325033823,-0.1209200095826883,0.18373180751872353,0.025754643569679714,0.1786650699972857,0.17866506999728593,0.13573040774932488,079430
