,name,sector,year,quarter,자산총계변화율,비유동자산변화율,비유동부채변화율,Relative Return,발행금액변화율,전체 주식 수변화율,특정 증권 등 소유 증감 비율변화율,전체 주주 수변화율,기초 소유 주식 수변화율,보유 주식 수변화율,Label,Code
4,Hyundai_Livart,기타제조,2023,Q3,-0.06654453918740777,0.009517318030457078,-0.006693392467940429,0.05201365051551482,-0.03577967393443715,-0.061139824655716435,-0.16580311511245194,-0.06328861491856141,-0.04849754643061277,-0.0503628426381455,0.07912884706662607,079430
