,name,sector,year,quarter,자산총계변화율,비유동자산변화율,비유동부채변화율,Relative Return,발행금액변화율,전체 주식 수변화율,특정 증권 등 소유 증감 비율변화율,전체 주주 수변화율,기초 소유 주식 수변화율,보유 주식 수변화율,Label,Code
0,Hyundai_Livart,기타제조,2024,Q3,0.021977555179949593,0.01859715671800677,-0.04685339185181059,0.19951829464511164,0.04028181876198367,0.02966552276001666,0.07364664502264284,0.029482831085699823,0.026045543272722904,0.02933196900732571,0.19951829464511164,079430
