,name,sector,year,quarter,자산총계변화율,비유동자산변화율,비유동부채변화율,매출액변화율,유동자산변화율,Relative Return,전체 주식 수변화율,발행금액변화율,특정 증권 등 소유 증감 수변화율,특정 증권 등 소유 비율변화율,Label,Code
2,Hyundai_Livart,기타제조,2024,Q1,-0.04254194655523036,0.032115935126389994,0.2346991035009497,-0.19145262972301724,-0.10000507606551601,-0.24648670764063918,0.05354955115801707,-0.1752105063268452,-0.7064481509215796,-0.7064481509215805,-0.0664662841614661,079430
