,name,sector,year,quarter,자산총계변화율,비유동자산변화율,비유동부채변화율,매출액변화율,유동자산변화율,Relative Return,전체 주식 수변화율,발행금액변화율,특정 증권 등 소유 증감 수변화율,특정 증권 등 소유 비율변화율,Label,Code
1,Hyundai_Livart,기타제조,2024,Q2,0.030267142751347786,0.019472201371496856,-0.6028261252421527,0.02232011587506888,0.03757790313997278,-0.0664662841614661,0.03819022981010045,0.004327644895279037,0.39850901325096055,0.39850901325096055,0.19951829464511164,079430
