,name,sector,year,quarter,자산총계변화율,비유동자산변화율,비유동부채변화율,Relative Return,발행금액변화율,전체 주식 수변화율,특정 증권 등 소유 증감 비율변화율,전체 주주 수변화율,기초 소유 주식 수변화율,보유 주식 수변화율,Label,Code
2,Hyundai_Livart,기타제조,2024,Q1,-0.04254194655523036,0.032115935126389994,0.2346991035009497,-0.24648670764063918,-0.17521050632684498,0.05354955115801652,-0.7064481509215812,-0.032090332186504034,0.10015606971537327,-0.021446439043210308,-0.0664662841614661,079430
