,name,sector,year,quarter,자산총계변화율,비유동자산변화율,비유동부채변화율,매출액변화율,유동자산변화율,Relative Return,전체 주식 수변화율,발행금액변화율,특정 증권 등 소유 증감 수변화율,특정 증권 등 소유 비율변화율,Label,Code
0,Hyundai_Livart,기타제조,2024,Q3,0.021977555179949593,0.01859715671800677,-0.04685339185181059,0.08890091138567169,0.02430996296440524,0.19951829464511164,0.029665522760016105,0.04028181876198278,0.07364664502264251,0.07364664502264262,0.19951829464511164,079430
