,name,sector,year,quarter,매출액변화율,비유동부채변화율,이익잉여금변화율,Code
31,CJ_Logistics,Trading_&_Logistics,2016,Q4,-0.06719499112871485,0.019641139509537275,-0.004262525735458267,000120
31,Daewoo_International,Trading_&_Logistics,2016,Q4,-0.28732929055797274,0.03400385405531803,0.01902064234981149,047050
