,name,sector,year,quarter,매출액변화율,비유동부채변화율,이익잉여금변화율,Code
16,CJ_Logistics,Trading_&_Logistics,2020,Q3,-0.015411429113952657,0.02091729223725236,-0.038958214182631457,000120
16,Daewoo_International,Trading_&_Logistics,2020,Q3,0.037673793221622676,0.051483393582663295,-0.03387815916192349,047050
