,name,sector,year,quarter,매출액변화율,비유동부채변화율,이익잉여금변화율,Code
9,CJ_Logistics,Trading_&_Logistics,2022,Q2,-0.09859737334604102,0.014233401686173264,-0.06405986704101863,000120
9,Daewoo_International,Trading_&_Logistics,2022,Q2,-0.15879546554917012,0.10245838511478444,-0.05946971352185759,047050
