,name,sector,year,quarter,매출액변화율,비유동부채변화율,이익잉여금변화율,Code
8,CJ_Logistics,Trading_&_Logistics,2022,Q3,0.005216584991264983,0.04243272193061387,-0.04519514703306715,000120
8,Daewoo_International,Trading_&_Logistics,2022,Q3,0.24199429902827418,-0.07911699121034266,-0.027089129151369296,047050
