,Feature,Importance
0,F_부채총계 변화율,0.18337920204615601
1,F_이익잉여금 변화율,0.18136111062383567
2,F_영업이익 변화율,0.16828566081539098
3,F_비유동부채 변화율,0.16400559098231363
4,M_금리 변화율,0.1548947970619231
5,F_법인세차감전 순이익 변화율,0.1480736384703805
