,Feature,Importance
0,F_당기순이익 변화율,0.7439803888293098
1,M_금리 변화율,0.09478355107232653
2,M_국제유가 변화율,0.09325159158114547
3,M_실업률 변화율,0.06798446851721823
