,Feature,Average_Importance
0,F_비유동자산 변화율,0.09653342238740933
1,F_영업이익 변화율,0.08920969429533351
2,F_부채총계 변화율,0.07390044082006483
3,F_매출액 변화율,0.07378376246186169
4,F_비유동부채 변화율,0.07017863797963167
5,F_유동부채 변화율,0.06632211754202774
