,Feature,Importance
0,F_매출액 변화율,0.26732342332866155
1,F_부채총계 변화율,0.26284483636948575
2,F_이익잉여금 변화율,0.26219330226299303
3,M_국제유가 변화율,0.20763843803885976
