Variable,VIF
const,1.0904224805554417
F_당기순이익 변화율,1.0024834156696798
M_소비자물가지수 변화율,1.3033328316174504
M_금리 변화율,3.163334945474031
M_수출액 변화율,6.667610224011943
M_실업률 변화율,3.0478168500550913
M_국제유가 변화율,3.631580233843735
