Variable,VIF
const,1.119814909852004
F_당기순이익(손실) 변화율,1.0049041325277082
M_소비자물가지수 변화율,1.3877948571461125
M_환율 변화율,34.57381329742366
M_금리 변화율,3.2794295720539983
M_수출액 변화율,18.559269102283164
M_실업률 변화율,6.869448111209862
M_국제유가 변화율,4.537460971312037
M_주택가격 변화율,35.71186637609061
