Variable,VIF
const,1.0871356271722346
F_당기순이익 변화율,1.004675298252683
M_소비자물가지수 변화율,1.3871412539114552
M_환율 변화율,18.233454800413032
M_금리 변화율,3.1485079508052394
M_수출액 변화율,17.410718488551908
M_실업률 변화율,4.642802856468875
M_국제유가 변화율,3.9536632328895447
