Variable,VIF
const,1.0446398973141158
F_유동자산 변화율,1.8047155484688697
F_비유동자산 변화율,2.2551470648792296
F_자산총계 변화율,3.153414924905654
F_유동부채 변화율,2.1586323090684774
F_비유동부채 변화율,1.8447463290720991
F_부채총계 변화율,3.6658946473004246
F_이익잉여금 변화율,1.0036037199210663
F_자본총계 변화율,1.5895697588890185
F_매출액 변화율,1.0552487928698124
F_영업이익 변화율,1.0514375190441771
F_법인세차감전 순이익 변화율,1.0844113178956205
F_당기순이익 변화율,inf
F_당기순이익(손실) 변화율,inf
Relative Return,1.0145072744215577
