,Feature,Importance
0,F_부채총계 변화율,0.27653380731719
2,F_영업이익 변화율,0.2649196124494416
3,M_환율 변화율,0.15439273105966955
1,M_금리 변화율,0.1253189036355984
5,P_기초 소유주식 지분율 변화율,0.12181472649570571
4,P_기초 소유 주식 수 변화율,0.057020219042394876
