,Feature,Importance
5,F_매출액 변화율,0.2201069345443531
1,M_소비자물가지수 변화율,0.20620172461978606
2,F_이익잉여금 변화율,0.19256820066310085
0,F_자본총계 변화율,0.18419557263501773
3,M_국제유가 변화율,0.12770035813072425
4,M_수출액 변화율,0.06922720940701801
