,Feature,Average_Importance
0,M_GDP 변화율,0.1295030880844423
1,F_이익잉여금 변화율,0.0846326336965713
2,F_영업이익 변화율,0.07945633497222251
3,F_비유동부채 변화율,0.059335921292931394
4,M_주택가격 변화율,0.05902843539170732
5,F_자본총계 변화율,0.055302387938656626
