,Feature,Importance
0,M_소비자물가지수 변화율,0.2602001942367791
1,F_비유동자산 변화율,0.1513094917392618
2,F_자산총계 변화율,0.15073606850824864
3,F_이익잉여금 변화율,0.15018811880521396
4,F_영업이익 변화율,0.14800922574635111
5,F_비유동부채 변화율,0.1395569009641454
