,Feature,Importance
0,M_소비자물가지수 변화율,0.31263301262022597
1,F_자산총계 변화율,0.23422175579428064
2,F_비유동자산 변화율,0.23151770998059373
3,F_비유동부채 변화율,0.22162752160489965
