,Feature,Importance
0,M_소비자물가지수 변화율,0.30657266871018163
1,F_자산총계 변화율,0.24525060847510974
2,F_비유동자산 변화율,0.2257486047451079
3,F_이익잉여금 변화율,0.22242811806960083
