,Feature,Importance
0,M_소비자물가지수 변화율,0.1327979784682509
1,F_영업이익 변화율,0.0779801986911422
2,F_비유동자산 변화율,0.07669262027013124
3,M_국제유가 변화율,0.07225317581801753
4,F_이익잉여금 변화율,0.07153934468524874
5,F_비유동부채 변화율,0.0689066051415833
