,name,sector,year,quarter,비유동자산변화율,자본총계변화율,유동자산변화율,Relative Return,전체 주주 수변화율,특정 증권 등 소유 증감 수변화율,자기주식수변화율,기말 소유주식 지분율변화율,전체 주식 수변화율,기초 소유 주식 수변화율,Label,Code
34,SK_Telecom,통신,2016,Q1,0.022408740273466843,0.016301509638258715,-0.15879727100760666,0.0,-0.07593740431287399,0.07670117284786937,0.3857956730356752,0.25061037297014754,-0.02038916043124006,0.2148698110846261,-0.05537945914986605,017670
34,KT_Corp,통신,2016,Q1,0.036770276083290865,-0.015366109024344876,-0.10342813764309078,0.0,-0.04844316318111952,-0.10189712721012767,0.23517396467660256,-0.18465366041869213,-0.05458526676710718,-0.040180796863585666,0.03497530304147643,030200
34,LG_Uplus,통신,2016,Q1,0.02830987433118526,-0.0008949076471835848,-0.12374471780392549,0.0,-0.07967962494724223,-0.13784641971237033,-561120.2169166901,0.19578445400245215,-0.06986884077961264,0.20050102586515628,0.04540224522170244,032640
