,name,sector,year,quarter,비유동자산변화율,자본총계변화율,유동자산변화율,Relative Return,전체 주주 수변화율,특정 증권 등 소유 증감 수변화율,자기주식수변화율,기말 소유주식 지분율변화율,전체 주식 수변화율,기초 소유 주식 수변화율,Label,Code
31,SK_Telecom,통신,2016,Q4,-0.037885425998522626,-0.011272637202128566,-0.12460758233859415,1.4716966314796964e-05,-0.12759203771177385,-0.13909977180908695,-0.5770316187353253,-0.28409389355019,-0.16773087373021434,-0.21751852069560162,-0.00635741384840701,017670
31,KT_Corp,통신,2016,Q4,-0.051838611084483066,-0.015916998591585463,0.10437258822875628,0.022922865713525406,-0.004090775509659528,0.01703771051629266,-0.2777265228273105,-0.18049317827176115,-0.00252067749090501,0.17309870568917396,-0.0802966139827785,030200
31,LG_Uplus,통신,2016,Q4,-0.05367795978738443,-0.02498088025713807,0.0937158180975528,0.0368117546024143,-0.02391919828860556,-0.013856945174890445,0.9999981549281972,-0.013296809800484644,-0.024819269323241633,-0.019976260210405883,-0.023294229394187006,032640
