,name,sector,year,quarter,유동자산변화율,자본총계변화율,부채총계변화율,비유동자산변화율,영업이익변화율,Relative Return,전체 주주 수변화율,특정 증권 등 소유 증감 수변화율,자기주식수변화율,전체 주식 수변화율,Label,Code
23,SK_Telecom,통신,2018,Q4,0.15189157848700907,-0.01051178399762187,-0.15523577006004552,-0.12163372674857986,0.16521375225341228,0.21087716867783357,-0.1951694288003114,-0.13656201043745142,-0.21340534082060136,-0.2502020154530722,0.08691002696461184,017670
23,KT_Corp,통신,2018,Q4,0.016415816315560217,0.0016992366118461222,-0.1013602225382042,-0.07384456331508327,0.791856138900372,0.09571799907465797,-0.05146194104766488,-0.0402586852355904,-0.27136223243672,-0.05164762615027629,0.12125524215693996,030200
23,LG_Uplus,통신,2018,Q4,0.05585533883405791,-0.0116761013740172,-0.13007317961036824,-0.13176151320089668,0.5377196349740887,0.3118997981609364,-0.09665496842158272,-0.05186989112605089,0.9999983640829557,-0.09920119847745767,0.1010022393457976,032640
