,name,sector,year,quarter,유동자산변화율,자본총계변화율,부채총계변화율,비유동자산변화율,영업이익변화율,Relative Return,전체 주주 수변화율,특정 증권 등 소유 증감 수변화율,자기주식수변화율,전체 주식 수변화율,Label,Code
19,SK_Telecom,통신,2019,Q4,-0.0540035140720625,-0.015988059419659306,-0.04933378335003735,-0.025784161987132848,0.5395333932054391,-0.04233188019010571,-0.056284423147671125,-0.04707549051155868,-0.014762399931718573,-0.06701820618814991,-0.08269589949556602,017670
19,KT_Corp,통신,2019,Q4,-0.03947920522731163,0.004449934836545655,-0.050638006220205645,-0.019022367988865696,0.7273439910180095,-0.011847642599399952,-0.02332374261408754,-0.02350769653299678,-0.15035694250043896,-0.023380585918239216,-0.09257014426161914,030200
19,LG_Uplus,통신,2019,Q4,0.08808336997985289,-0.009715530083234114,-0.09245193805668572,-0.11942403341952823,-0.2261801483298218,-0.04025260847714063,-0.0968816494243061,-0.03358306158229407,0.9999987615720901,-0.1007908552649357,-0.030270679020977416,032640
