,name,sector,year,quarter,유동자산변화율,자본총계변화율,부채총계변화율,비유동자산변화율,영업이익변화율,Relative Return,전체 주주 수변화율,특정 증권 등 소유 증감 수변화율,자기주식수변화율,전체 주식 수변화율,Label,Code
18,SK_Telecom,통신,2020,Q1,-0.004444698977104533,0.01611875830913856,0.004422501499669718,0.014017962828254182,-1.2156579716121936,-0.08269589949556602,-0.0044773083447349205,-0.004458537347352465,0.02823963167241561,-0.011569375321434094,-0.0628334194521191,017670
18,KT_Corp,통신,2020,Q1,0.04861718103624946,-0.003027906128862057,0.04743693079123734,0.015268725559620777,-4.557297076717614,-0.09257014426161914,0.021705728464298635,0.022196563023173965,0.13387325529596938,0.021660410300918587,-0.06844080734617944,030200
18,LG_Uplus,통신,2020,Q1,-0.05685731626953672,0.0043489952306859925,-0.01120609318239052,0.014204735294229387,-0.122628762328308,-0.030270679020977416,0.0005519441069136155,-0.004040286344027866,-939691.3119669282,0.0008275932904138195,-0.04442659218508299,032640
