,name,sector,year,quarter,유동자산변화율,자본총계변화율,부채총계변화율,비유동자산변화율,영업이익변화율,Relative Return,전체 주주 수변화율,특정 증권 등 소유 증감 수변화율,자기주식수변화율,전체 주식 수변화율,Label,Code
12,SK_Telecom,통신,2021,Q3,-0.005833121883440651,0.02180949390770548,0.010236454245768245,0.02049939131781786,0.026824217322450994,0.09868999786052407,0.0034287811894726516,-0.008344928250805905,0.022546536188900346,-0.0037414971334726044,0.09841343742645212,017670
12,KT_Corp,통신,2021,Q3,-0.038390033900276954,-0.019922041412469893,-0.00931471971183595,-0.0059934846267695185,0.26214299951593156,0.06731897174553117,-0.012361228448799944,-0.017011611362523382,-0.014286120859535734,-0.012255248006849184,0.11105504824391182,030200
12,LG_Uplus,통신,2021,Q3,-0.010740290232704952,-0.005972405803559955,0.0003227413092965481,0.0008135301342122592,-0.043372553263860913,0.195568141561173,0.007107517323316936,-0.011942485921013324,0.030757128578749127,0.008388090974321472,0.06950437291655848,032640
