,name,sector,year,quarter,유동자산변화율,자본총계변화율,부채총계변화율,비유동자산변화율,영업이익변화율,Relative Return,전체 주주 수변화율,특정 증권 등 소유 증감 수변화율,자기주식수변화율,전체 주식 수변화율,Label,Code
11,SK_Telecom,통신,2021,Q4,0.037495877766419605,0.3832225450904193,-0.06671627570294048,0.2049543440388749,0.5020872972161026,0.09841343742645212,-0.7319350449968336,-0.4401558375505761,0.8329034010073285,-1.3225163393247938,0.0507212542864713,017670
11,KT_Corp,통신,2021,Q4,0.04858174961575801,-0.020132334947359665,-0.03204928591863632,-0.05318519961022039,0.6450402889691581,0.11105504824391182,-0.46064111549684195,-0.024258417176279634,-0.7429793202295858,-0.2294493603788097,-0.04073012219032794,030200
11,LG_Uplus,통신,2021,Q4,0.053160538042230865,-0.002553566720076672,-0.06320619935896277,-0.07198851032044984,0.471687418729833,0.06950437291655848,-0.537123102921029,-0.030219458363566876,-1.3189714060692186,-0.27700586153635665,-0.08297981024714013,032640
