,name,sector,year,quarter,비유동자산변화율,자본총계변화율,유동자산변화율,Relative Return,전체 주주 수변화율,특정 증권 등 소유 증감 수변화율,자기주식수변화율,기말 소유주식 지분율변화율,전체 주식 수변화율,기초 소유 주식 수변화율,Label,Code
14,SK_Telecom,통신,2021,Q1,0.006277029248233923,0.004032021472452407,0.005918034362204949,-0.2613647183038775,0.2915461990248427,0.011525484573212674,0.21384172446242855,0.11672512907521015,-0.20943133001322645,0.011738927861439374,0.08748229195935951,017670
14,KT_Corp,통신,2021,Q1,0.022315816182603143,0.01447617486712105,-0.018387212269209474,-0.20915867118602016,0.1818686509154852,0.010152221779762605,0.2694852756388245,0.14939727955167437,0.2330781272544581,0.19916620878466895,0.10906492945003853,030200
14,LG_Uplus,통신,2021,Q1,0.022214919787101217,-0.0006922236258417591,-0.05248568306772161,-0.21737059683427923,-0.016836317930104094,-0.002557514648320991,-963747.1697105394,0.20119899365941996,0.22838885772860262,0.17132123395405163,-0.027435651965797135,032640
