,name,sector,year,quarter,비유동자산변화율,자본총계변화율,유동자산변화율,Relative Return,전체 주주 수변화율,특정 증권 등 소유 증감 수변화율,자기주식수변화율,기말 소유주식 지분율변화율,전체 주식 수변화율,기초 소유 주식 수변화율,Label,Code
10,SK_Telecom,통신,2022,Q1,0.017693964115378713,0.007505024461338716,-0.01832940901545732,0.0507212542864713,0.2829447355830006,0.010449764732756828,-2.480612675408479,-0.23588889214267916,0.3807347462912506,-0.9905614190407492,0.06728623924307027,017670
10,KT_Corp,통신,2022,Q1,0.015022534928756603,0.004961379437880997,-0.038598323688961544,-0.04073012219032794,0.29761354014511343,0.0008067750081454106,0.412475900574405,0.1692321550466882,0.16547257534495452,0.08555127918061811,0.2461056836875147,030200
10,LG_Uplus,통신,2022,Q1,0.011298050683656746,-0.0024962594536235283,-0.0015569976472036284,-0.08297981024714013,0.32329315470444986,0.005493624110989859,0.5469973699022841,-0.12127589059522359,0.18495350682033374,-0.11342457967377939,0.11264934912416907,032640
