,name,sector,year,quarter,비유동자산변화율,자본총계변화율,유동자산변화율,Relative Return,전체 주주 수변화율,특정 증권 등 소유 증감 수변화율,자기주식수변화율,기말 소유주식 지분율변화율,전체 주식 수변화율,기초 소유 주식 수변화율,Label,Code
0,SK_Telecom,통신,2024,Q3,0.021843209062394342,0.00026174687475433167,-0.09603882961991217,-0.03588816345263932,0.0027414788239039645,0.5681906587125036,0.007359835868330222,0.008729788912868686,-0.0005439075538533622,0.002185947715213632,-0.03588816345263932,017670
0,KT_Corp,통신,2024,Q3,0.02188623382095134,-0.009541442581192827,0.0005362521050511493,-0.03649978424774636,0.01812775390090504,0.36146206847090323,0.014395268113476245,0.017353689581954157,0.01829341164638476,0.01755759485345254,-0.03649978424774636,030200
0,LG_Uplus,통신,2024,Q3,0.016589146096494978,-0.005685063783798405,-0.008125368009900491,-0.03777773283971619,0.014167263548431897,-0.21437037037037032,0.02477980303112126,0.007056520884820783,0.014143695342222595,0.0068656977438320554,-0.03777773283971619,032640
