,name,sector,year,quarter,유동자산변화율,자본총계변화율,부채총계변화율,비유동자산변화율,영업이익변화율,Relative Return,전체 주주 수변화율,특정 증권 등 소유 증감 수변화율,자기주식수변화율,전체 주식 수변화율,Label,Code
0,SK_Telecom,통신,2024,Q3,-0.09603882961991217,0.00026174687475433167,-0.0033105841276102055,0.021843209062394342,-0.014597648834963284,-0.03588816345263932,0.0027414788239039645,0.5681906587125036,0.007359835868330222,-0.0005439075538533622,-0.03588816345263932,017670
0,KT_Corp,통신,2024,Q3,0.0005362521050511493,-0.009541442581192827,0.04309649509329938,0.02188623382095134,0.05573235095776041,-0.03649978424774636,0.01812775390090504,0.36146206847090323,0.014395268113476245,0.01829341164638476,-0.03649978424774636,030200
0,LG_Uplus,통신,2024,Q3,-0.008125368009900491,-0.005685063783798405,0.021538519081542584,0.016589146096494978,-0.00341918945796138,-0.03777773283971619,0.014167263548431897,-0.21437037037037032,0.02477980303112126,0.014143695342222595,-0.03777773283971619,032640
