,Feature,Average_Importance
1,F_부채총계 변화율,0.26731456445246626
5,F_자본총계 변화율,0.26081544557838116
4,F_이익잉여금 변화율,0.22518908163889623
3,F_유동자산 변화율,0.21850398400557247
8,M_금리 변화율,0.21452551294937208
