,Feature,Importance
0,F_법인세차감전 순이익 변화율,0.25364605477952046
1,F_유동자산 변화율,0.17012118761740086
2,F_비유동부채 변화율,0.15742256055780388
3,F_유동부채 변화율,0.14571896827341171
4,F_영업이익 변화율,0.13979059761222754
5,F_이익잉여금 변화율,0.13330063115963567
