,Feature,Importance
0,F_법인세차감전 순이익 변화율,0.3235559034611937
1,F_이익잉여금 변화율,0.2529983844774775
2,M_소비자물가지수 변화율,0.22633682314398568
3,F_유동부채 변화율,0.19710888891734327
