,Feature,Average_Importance
0,F_법인세차감전 순이익 변화율,0.1483752736935491
1,F_이익잉여금 변화율,0.07530946503368917
2,F_유동부채 변화율,0.0679039952181653
3,F_당기순이익(손실) 변화율,0.06191986862847863
4,F_비유동부채 변화율,0.06017524250555053
5,M_국제유가 변화율,0.05961569927583964
