,Feature,Importance
3,F_당기순이익(손실) 변화율,0.2763309762635049
4,M_수출액 변화율,0.22776408760019481
1,F_이익잉여금 변화율,0.15181029997608006
0,F_부채총계 변화율,0.12585907422287557
5,F_자산총계 변화율,0.11484601405737355
2,M_실업률 변화율,0.10338954787997096
