,Feature,Average_Importance
0,F_법인세차감전 순이익 변화율,0.1433374749093808
1,F_이익잉여금 변화율,0.07403790143277672
2,F_유동부채 변화율,0.06642502881798099
3,F_비유동부채 변화율,0.06603161419153851
4,F_당기순이익(손실) 변화율,0.06161984863043973
5,M_국제유가 변화율,0.06024330843991167
