,Feature,Importance
0,F_법인세차감전 순이익 변화율,0.23609238969615198
1,F_이익잉여금 변화율,0.1693907570879006
2,F_유동자산 변화율,0.16540059940500654
3,F_자산총계 변화율,0.16148851827732308
4,F_유동부채 변화율,0.13721235894466186
5,F_비유동부채 변화율,0.13041537658895588
