,Feature,Importance
0,F_유동부채 변화율,0.21016143758691178
1,F_이익잉여금 변화율,0.1781167848632483
2,P_보유 주식 수 변화율,0.17459296325177737
3,F_법인세차감전 순이익 변화율,0.17229930375542657
4,M_국제유가 변화율,0.14162514329809336
5,M_소비자물가지수 변화율,0.12320436724454256
