,Feature,Importance
0,F_당기순이익(손실) 변화율,0.3485600057663557
1,M_수출액 변화율,0.2744535646928485
2,F_비유동자산 변화율,0.20563000161611406
3,F_자본총계 변화율,0.17135642792468186
