,Feature,Importance
2,F_당기순이익 변화율,0.2554193371301225
1,M_국제유가 변화율,0.202989090779055
5,F_비유동부채 변화율,0.18596385668315893
0,F_부채총계 변화율,0.16193028863006986
3,F_자본총계 변화율,0.11184745113891968
4,P_증자주식수 변화율,0.08184997563867397
