,Feature,Importance
0,F_법인세차감전 순이익 변화율,0.28439155000329785
1,F_이익잉여금 변화율,0.2615585852621783
2,F_유동부채 변화율,0.23286828074867316
3,M_국제유가 변화율,0.2211815839858507
