,Feature,Importance
0,F_법인세차감전 순이익 변화율,0.3294944737751847
1,F_이익잉여금 변화율,0.25118053741382385
2,F_유동부채 변화율,0.21519202755020855
3,M_국제유가 변화율,0.2041329612607829
