,Feature,Importance
0,F_법인세차감전 순이익 변화율,0.1641841552274563
1,F_유동부채 변화율,0.07728002892994736
2,F_이익잉여금 변화율,0.0765695834466959
3,F_비유동부채 변화율,0.06811534685440251
4,F_당기순이익(손실) 변화율,0.06245395984320634
5,M_소비자물가지수 변화율,0.05723910188542102
