,Feature,Importance
0,M_소비자물가지수 변화율,0.26521986108786494
1,F_비유동자산 변화율,0.15811207876531938
2,F_이익잉여금 변화율,0.1560275893371938
3,F_영업이익 변화율,0.1520528890227422
4,F_자산총계 변화율,0.14069708877731227
5,F_부채총계 변화율,0.12789049300956748
