{"MDD":0.14732401743272097,"_timestamp":1.7518068584403117e+09,"_wandb":{"runtime":5937},"_runtime":5937.978534342,"_step":0,"CAGR":0.22313846475791288,"SHARPE RATIO":0.5451058574464881}