{"_wandb":{"runtime":6335},"CAGR":0.03623116476519837,"SHARPE RATIO":0.2435858397343498,"MDD":0.17696449036888864,"_timestamp":1.751840445113671e+09,"_runtime":6335.288442928,"_step":0}