,name,sector,year,quarter,자본총계변화율,매출액변화율,비유동자산변화율,영업이익변화율,이익잉여금변화율,특정 증권 등 소유 증감 비율변화율,주식 수 감소변화율,발행할 주식 총수변화율,1인평균급여변화율,전체 주주 수변화율,Label,Code
31,SBS_Media,오락·문화,2016,Q4,-0.033574019969413005,-1.421461170218623,-0.014039438633693058,3.2155849075277048,-0.062412366613367576,-0.3287942627819693,-0.40827347412171444,-0.4082734741217142,-0.1875387822954524,-0.022771734163569368,0.06082632841058132,034120
31,Kangwon_Land,오락·문화,2016,Q4,-0.017446947521881695,0.0634600560184031,-0.037736984502783955,0.26085038047684705,-0.017793424618899767,0.0,0.0,-0.38372997952889687,-0.19101184924854864,-0.035386227481195354,-0.09571631512425753,035250
31,GKL,오락·문화,2016,Q4,-0.07000507408893664,-0.1087981705926151,-0.06983994708704988,-0.24930763460674177,-16.919164161368492,-0.37943754053611545,0.0,-0.2909686472942459,0.9978024673342303,-0.30723334867038843,-0.1756640817640394,114090
