,name,sector,year,quarter,자본총계변화율,매출액변화율,비유동자산변화율,특정 증권 등 소유 증감 비율변화율,Relative Return,1인평균급여변화율,현재까지 감소한 주식의 총수변화율,주식 수 감소변화율,발행할 주식 총수변화율,전체 주주 수변화율,Label,Code
28,SBS_Media,오락·문화,2017,Q3,0.005327944979452104,0.1508315368359,-0.19213479037690462,-0.5418600539825293,-0.016730411799958975,-0.005008815971774938,0.022328667523850765,0.022328667523850765,0.022328667523850876,-0.05751967865917762,-0.1258254678899082,034120
28,Kangwon_Land,오락·문화,2017,Q3,-0.03661044857242879,-0.02090725409762406,-0.0180040325631865,0.0,-0.19990413491823855,-0.03726127991511108,0.0,0.0,-0.06402930177062949,-0.018050626595837782,-0.012063999999999941,035250
28,GKL,오락·문화,2017,Q3,-0.0500400079717922,-0.2641289329210692,-0.009532474806390079,-0.11615113054762083,-0.07993328247175537,-0.12477991561202506,0.0,0.0,-0.09975063006878648,-0.06089605042794233,0.045971714285714345,114090
