,name,sector,year,quarter,자본총계변화율,매출액변화율,비유동자산변화율,특정 증권 등 소유 증감 비율변화율,Relative Return,1인평균급여변화율,현재까지 감소한 주식의 총수변화율,주식 수 감소변화율,발행할 주식 총수변화율,전체 주주 수변화율,Label,Code
30,SBS_Media,오락·문화,2017,Q1,0.011099525293826185,0.6435530208706763,0.024107720199077365,0.19419313957198903,0.06082632841058132,0.2048659601005478,0.33407088577004895,0.33407088577004895,0.33407088577004884,-0.016912041723847082,-0.13883207728970112,034120
30,Kangwon_Land,오락·문화,2017,Q1,0.01910763185016462,-0.03211852885641364,-0.10686028703955941,0.0,-0.09571631512425753,0.17653332437946412,0.0,0.0,0.25809850915651467,-0.023771630468217397,-0.017731004389693703,035250
30,GKL,오락·문화,2017,Q1,0.069699311985153,0.1570597586087994,-0.009847219315022748,0.0015094009957818955,-0.1756640817640394,-645.6740440443047,0.0,0.0,0.08166422778396665,-0.000880970266942338,-0.008268444992675844,114090
