,name,sector,year,quarter,Relative Return,자본총계 변화율,매출액 변화율,실업률 변화율,금리 변화율,발행할 주식 총수 변화율,특정 증권 등 소유 증감 비율 변화율,주식 수 감소 변화율,현재까지 감소한 주식의 총수 변화율,특정 증권 등 소유 비율 변화율,Label,Code
30,SBS_Media,오락·문화,2017,Q1,0.06082632841058132,0.011099525293826185,0.6435530208706763,-0.0277777777777779,-0.13548951048950886,0.5237314549473484,-0.057474160415411646,0.5237314549473487,0.5237314549473487,-0.057474160415411646,-0.13883207728970112,034120
30,Kangwon_Land,오락·문화,2017,Q1,-0.09571631512425753,0.01910763185016462,-0.03211852885641364,-0.0277777777777779,-0.13548951048950886,0.43881296068542897,0.0,0.0,0.0,0.0,-0.017731004389693703,035250
30,GKL,오락·문화,2017,Q1,-0.1756640817640394,0.069699311985153,0.1570597586087994,-0.0277777777777779,-0.13548951048950886,0.37365856569524913,-0.05748543586622201,0.0,0.0,-0.05748543586622179,-0.008268444992675844,114090
