,name,sector,year,quarter,자본총계변화율,매출액변화율,비유동자산변화율,특정 증권 등 소유 증감 비율변화율,Relative Return,1인평균급여변화율,현재까지 감소한 주식의 총수변화율,주식 수 감소변화율,발행할 주식 총수변화율,전체 주주 수변화율,Label,Code
26,SBS_Media,오락·문화,2018,Q1,0.010498946716310131,0.07264550626904775,0.001240849849982184,-1.3879285341054004,0.06187614529550162,0.15295630389838,0.21151832113547653,0.21151832113547653,0.21151832113547653,0.06979928218839604,0.03223756315005349,034120
26,Kangwon_Land,오락·문화,2018,Q1,0.029985550636878022,0.052239448655564624,-0.18732021759815942,0.0,-0.010737962588315816,0.12438653401891997,0.0,0.0,0.20231701459942653,-0.06261789358695125,-0.08323218818431521,035250
26,GKL,오락·문화,2018,Q1,0.03713747185354066,0.04474058242697776,-0.0014902736111146453,0.00043227712388771433,0.22604850675629307,0.30989005204755704,0.0,0.0,0.03460245195637168,0.02547804982011781,-0.11204069815889137,114090
