,name,sector,year,quarter,자본총계변화율,매출액변화율,비유동자산변화율,영업이익변화율,이익잉여금변화율,특정 증권 등 소유 증감 비율변화율,주식 수 감소변화율,발행할 주식 총수변화율,1인평균급여변화율,전체 주주 수변화율,Label,Code
23,SBS_Media,오락·문화,2018,Q4,-0.015692999572251898,-0.10928478826745325,0.025192519496375132,2.5825520290295834,-0.02132900500027568,0.1330993080777524,-0.3721091109564869,-0.37210911095648713,-0.05653919241810601,-0.0065558986288341,0.10683177566313881,034120
23,Kangwon_Land,오락·문화,2018,Q4,0.00010015583941958006,0.04646867833775692,-0.06620181483108367,0.47001852915964437,0.00010192482252413537,0.0,0.0,-0.25921947033057524,0.33915176862399155,-0.05136986522650577,0.23467029542764678,035250
23,GKL,오락·문화,2018,Q4,-0.007585129662120993,0.14252063957588657,-0.486707075678114,0.7430596287415552,-0.008368040559296519,-0.07371361628094397,0.0,-0.0009634756638443598,-0.09355127898493576,-0.15720527173490506,0.12722201956557783,114090
