,name,sector,year,quarter,자본총계변화율,매출액변화율,비유동자산변화율,특정 증권 등 소유 증감 비율변화율,Relative Return,1인평균급여변화율,현재까지 감소한 주식의 총수변화율,주식 수 감소변화율,발행할 주식 총수변화율,전체 주주 수변화율,Label,Code
23,SBS_Media,오락·문화,2018,Q4,-0.015692999572251898,-0.10928478826745325,0.025192519496375132,0.1330993080777525,-0.019174809465311277,-0.05653919241810579,-0.3721091109564869,-0.3721091109564869,-0.37210911095648713,-0.0065558986288341,0.10683177566313881,034120
23,Kangwon_Land,오락·문화,2018,Q4,0.00010015583941958006,0.04646867833775692,-0.06620181483108367,0.0,0.09496989380855622,0.33915176862399177,0.0,0.0,-0.25921947033057524,-0.05136986522650577,0.23467029542764678,035250
23,GKL,오락·문화,2018,Q4,-0.007585129662120993,0.14252063957588657,-0.486707075678114,-0.0737136162809433,-0.03382984380642357,-0.09355127898493554,0.0,0.0,-0.0009634756638436937,-0.15720527173490506,0.12722201956557783,114090
