,name,sector,year,quarter,자본총계변화율,매출액변화율,비유동자산변화율,영업이익변화율,이익잉여금변화율,특정 증권 등 소유 증감 비율변화율,주식 수 감소변화율,발행할 주식 총수변화율,1인평균급여변화율,전체 주주 수변화율,Label,Code
25,SBS_Media,오락·문화,2018,Q2,-0.015044278999811755,-0.24758694719477736,-0.021982037982442693,-0.9087661668729277,-0.020086339814562093,-0.40113598718023136,0.010851984310645602,0.01085198431064538,0.024089505008737633,0.017610543443710935,-0.15834203847838482,034120
25,Kangwon_Land,오락·문화,2018,Q2,-0.02873987795163857,0.10545131164597954,0.1269159314472984,0.08720325690455988,-0.029276573928039173,0.0,0.0,0.008827442302452804,-0.04695481039045957,0.03004763917535558,-0.03367643301242576,035250
25,GKL,오락·문화,2018,Q2,-0.05304271181869802,0.047459822826817155,0.0507634020543537,-0.10513368439831283,-0.05905900619611204,0.009984989709935999,0.0,0.028145693094828506,-0.023036305208307795,-0.014388533381279656,0.011641226819163797,114090
