,name,sector,year,quarter,자본총계변화율,매출액변화율,비유동자산변화율,영업이익변화율,이익잉여금변화율,특정 증권 등 소유 증감 비율변화율,주식 수 감소변화율,발행할 주식 총수변화율,1인평균급여변화율,전체 주주 수변화율,Label,Code
21,SBS_Media,오락·문화,2019,Q2,-0.009235855970870954,-0.3372468374648405,0.02289077266280637,1.2783463199768006,-0.012255736629874114,0.11740769328362666,-0.0666609005091503,-0.0666609005091503,-0.05115872128781396,-0.006567655067959199,-0.23247288411120007,034120
21,Kangwon_Land,오락·문화,2019,Q2,-0.01666080398385361,0.035495808930528616,0.10348825851841048,-0.37950351918057357,-0.016961861085496244,0.0,0.0,-0.0013303516702953821,-0.029600987036771498,0.03230116550452178,-0.051418939244279926,035250
21,GKL,오락·문화,2019,Q2,-0.03722304464655202,-0.0749097467732518,0.04786218771474249,-0.5783384769770534,-0.0412853057142446,0.007867082405529469,0.0,0.007685544373349895,0.0053624982400962695,0.013477460246296924,-0.09563253814537882,114090
