,name,sector,year,quarter,자본총계변화율,매출액변화율,비유동자산변화율,영업이익변화율,이익잉여금변화율,특정 증권 등 소유 증감 비율변화율,주식 수 감소변화율,발행할 주식 총수변화율,1인평균급여변화율,전체 주주 수변화율,Label,Code
22,SBS_Media,오락·문화,2019,Q1,0.035809074618368575,0.2757414762620868,-0.22753642525165518,2.2268134303578786,0.04695951527013964,-0.19512219707271572,0.2861210319523597,0.28612103195235983,0.01985109894618009,-0.13373730113854654,0.27507942375869143,034120
22,Kangwon_Land,오락·문화,2019,Q1,0.022060819417641375,-0.07297512023535568,0.02058064199942844,-0.8870847556903536,0.022450504083968426,0.0,0.0,0.1925168142730681,-0.46849599490188876,0.055180827226684714,-0.03398458807610125,035250
22,GKL,오락·문화,2019,Q1,0.05629884557457121,0.023760936995241955,-0.33690299144891744,-1.0855797569198926,0.062061595129257685,-0.10306111283299368,0.0,-0.1175337226566493,-0.23673783888928313,-0.11624670720532326,-0.13099350658603395,114090
