,name,sector,year,quarter,자본총계변화율,매출액변화율,비유동자산변화율,특정 증권 등 소유 증감 비율변화율,Relative Return,1인평균급여변화율,현재까지 감소한 주식의 총수변화율,주식 수 감소변화율,발행할 주식 총수변화율,전체 주주 수변화율,Label,Code
21,SBS_Media,오락·문화,2019,Q2,-0.009235855970870954,-0.3372468374648405,0.02289077266280637,0.11740769328362688,0.27507942375869143,-0.051158721287813735,-0.0666609005091503,-0.0666609005091503,-0.06666090050915008,-0.006567655067959199,-0.23247288411120007,034120
21,Kangwon_Land,오락·문화,2019,Q2,-0.01666080398385361,0.035495808930528616,0.10348825851841048,0.0,-0.03398458807610125,-0.029600987036771498,0.0,0.0,-0.0013303516702953821,0.03230116550452178,-0.051418939244279926,035250
21,GKL,오락·문화,2019,Q2,-0.03722304464655202,-0.0749097467732518,0.04786218771474249,0.007867082405529469,-0.13099350658603395,0.0053624982400962695,0.0,0.0,0.007685544373349673,0.013477460246296924,-0.09563253814537882,114090
