,name,sector,year,quarter,자본총계변화율,매출액변화율,비유동자산변화율,영업이익변화율,이익잉여금변화율,특정 증권 등 소유 증감 비율변화율,주식 수 감소변화율,발행할 주식 총수변화율,1인평균급여변화율,전체 주주 수변화율,Label,Code
16,SBS_Media,오락·문화,2020,Q3,0.13049283779044984,0.049376923704136266,0.08509320969583178,11.570503638914229,0.17451529791182852,0.3142605916275336,-0.005679524062249586,-0.005679524062249364,-0.010245624678610232,0.12070132783590803,-0.23463424850657846,034120
16,Kangwon_Land,오락·문화,2020,Q3,0.012352557209276638,-1.21427684391203,0.08022865760174536,0.3727759197635596,0.012588044577617086,0.0,0.0,0.012749936418701924,0.004401771619294226,0.04911688893093147,-0.09767095778222579,035250
16,GKL,오락·문화,2020,Q3,0.04240189987931675,-0.49412051285205005,0.19589760750577967,0.028462828820107533,0.04690642551714663,0.07662778540701987,0.0,0.04690268096044148,0.128918457809309,0.10471878650499122,-0.13551237062363863,114090
