,name,sector,year,quarter,자본총계변화율,매출액변화율,비유동자산변화율,영업이익변화율,이익잉여금변화율,특정 증권 등 소유 증감 비율변화율,주식 수 감소변화율,발행할 주식 총수변화율,1인평균급여변화율,전체 주주 수변화율,Label,Code
15,SBS_Media,오락·문화,2020,Q4,-0.009856764638188853,-0.28951891694315246,0.005688484954140982,-0.19033081511054983,-0.0137494070456039,-0.21030179335957366,-0.17078151173197864,-0.17078151173197909,-0.14527534229452121,-0.012236031920818347,0.36694432535064603,034120
15,Kangwon_Land,오락·문화,2020,Q4,0.012730938619825882,-0.720815755778595,0.08081403785211638,-0.16798392553090458,0.012976733473355373,0.0,0.0,-0.04078253099763596,-1.2162452435673963,-0.3474257622321313,-0.1616225101127412,035250
15,GKL,오락·문화,2020,Q4,0.06773950167271903,0.5702903250800286,0.005776503993468185,-0.7110098495808328,0.0752899058907921,0.061037166265725085,0.0,-0.007451452019317184,-0.13661697970307296,0.07864111366670878,0.08958058786455037,114090
