,name,sector,year,quarter,자본총계변화율,매출액변화율,비유동자산변화율,특정 증권 등 소유 증감 비율변화율,Relative Return,1인평균급여변화율,현재까지 감소한 주식의 총수변화율,주식 수 감소변화율,발행할 주식 총수변화율,전체 주주 수변화율,Label,Code
14,SBS_Media,오락·문화,2021,Q1,-0.05143391912729878,0.20466218681415493,-0.0355633201405301,0.16933997260071065,0.36694432535064603,0.12384765140589604,0.12857617707074875,0.12857617707074875,0.12857617707074875,-0.006722748993126304,-0.10978177150192558,034120
14,Kangwon_Land,오락·문화,2021,Q1,0.012102358981467498,0.2571751359515403,-0.008356017187401532,0.0,-0.1616225101127412,0.5586612210766505,0.0,0.0,0.05436664391653512,0.29609324259098746,0.011024499494714943,035250
14,GKL,오락·문화,2021,Q1,0.07943889354685663,0.6471657574120369,-0.012451920783687953,0.054528488672406894,0.08958058786455037,0.18778514702466442,0.0,0.0,0.14634028824008172,-0.009397101370135497,-0.05952894911362857,114090
