,name,sector,year,quarter,자본총계변화율,매출액변화율,비유동자산변화율,특정 증권 등 소유 증감 비율변화율,Relative Return,1인평균급여변화율,현재까지 감소한 주식의 총수변화율,주식 수 감소변화율,발행할 주식 총수변화율,전체 주주 수변화율,Label,Code
13,SBS_Media,오락·문화,2021,Q2,-0.0769053285635426,-0.17565776727213844,-0.005240592485705742,-0.06257190905470744,-0.10978177150192558,-0.04265765919566977,-0.05773100094675265,-0.05773100094675265,-0.057731000946752875,-0.03827441624744532,0.8226006618863763,034120
13,Kangwon_Land,오락·문화,2021,Q2,-0.00631334608835088,-1.0887290652727373,0.07770389195377203,0.0,0.011024499494714943,-0.012827200601849498,0.0,0.0,-0.0775648457592708,0.06729645844583021,0.010841768605743839,035250
13,GKL,오락·문화,2021,Q2,0.04014006706272166,-5.2579767270824584,-0.017792116268753988,0.03230317773791058,-0.05952894911362857,-0.005398758149542049,0.0,0.0,0.032846962469067376,0.04611271375976833,-0.052399338113623746,114090
