,name,sector,year,quarter,자본총계변화율,매출액변화율,비유동자산변화율,영업이익변화율,이익잉여금변화율,특정 증권 등 소유 증감 비율변화율,주식 수 감소변화율,발행할 주식 총수변화율,1인평균급여변화율,전체 주주 수변화율,Label,Code
9,SBS_Media,오락·문화,2022,Q2,-0.07841714153849466,0.05858945159802542,0.05325007552121164,0.20442450097612042,-0.10045414653481588,0.10696299722889846,-0.027728076553339642,-0.02772807655333942,-0.011196199591856137,-0.01738702568122452,0.17010866911234393,034120
9,Kangwon_Land,오락·문화,2022,Q2,-0.011052824792471938,-0.3726317431113466,0.08316018343782594,-5.418058222300749,-0.011269139629380032,0.0,0.0,-0.05490523365956834,-0.018909109550965475,0.0592057994609656,0.06964345824217082,035250
9,GKL,오락·문화,2022,Q2,0.021874009435103092,-0.025688166744779473,0.055357773121808784,0.20743334770762456,0.02546185110814958,0.030095925137528456,0.0,0.0220402532289522,0.04071544636825031,0.039389424310645516,0.03692677444635034,114090
