,name,sector,year,quarter,자본총계변화율,매출액변화율,비유동자산변화율,영업이익변화율,이익잉여금변화율,특정 증권 등 소유 증감 비율변화율,주식 수 감소변화율,발행할 주식 총수변화율,1인평균급여변화율,전체 주주 수변화율,Label,Code
7,SBS_Media,오락·문화,2022,Q4,-0.04682871326220184,-0.7419402311862315,-0.03729661082975788,-0.5652213798415151,-0.05843213354089127,-0.2676323839640682,-0.04768470704692773,-0.04768470704692729,-0.2282175395223094,0.015942448138177023,0.07641119893869872,034120
7,Kangwon_Land,오락·문화,2022,Q4,-0.017865405469566165,0.15710174692216916,-0.13655399632192555,0.8407533200766378,-0.01820348292997398,0.0,0.0,0.04220125153224652,-0.17071276037532668,-0.4067516216802596,-0.035970715584811325,035250
7,GKL,오락·문화,2022,Q4,-0.03586134076056502,-0.24630348289325776,-0.13699439395583846,-0.40548625403724103,-0.04181045564808983,-0.0648234428986143,0.0,-0.3498444382034436,-0.48214831453934104,-0.2830448215956469,0.2557840412862246,114090
