,name,sector,year,quarter,자본총계변화율,매출액변화율,비유동자산변화율,영업이익변화율,이익잉여금변화율,특정 증권 등 소유 증감 비율변화율,주식 수 감소변화율,발행할 주식 총수변화율,1인평균급여변화율,전체 주주 수변화율,Label,Code
10,SBS_Media,오락·문화,2022,Q1,-0.027564476476722444,0.020817441580714635,0.004566251382230435,9.845521416448653,-0.035586383847089786,-0.03041580165477309,0.014388099750270777,0.014388099750270666,0.13445713222266442,0.12591390609328568,-0.06037861215848325,034120
10,Kangwon_Land,오락·문화,2022,Q1,0.0019123645270400225,0.06267973595634091,-0.0016095765695323117,1.5366917572175318,0.0019497184418084679,0.0,0.0,-0.03026185104933532,0.1961601814839138,0.5081465781629085,0.23744317502500606,035250
10,GKL,오락·문화,2022,Q1,0.029162322547160113,-1.172050028586738,0.018644036723087787,0.6719520255645932,0.03378401669239228,0.02569915742351736,0.0,0.30813368380229944,0.34421871419867156,0.5012912697996266,0.21737005150360666,114090
