,name,sector,year,quarter,자본총계변화율,매출액변화율,비유동자산변화율,영업이익변화율,이익잉여금변화율,특정 증권 등 소유 증감 비율변화율,주식 수 감소변화율,발행할 주식 총수변화율,1인평균급여변화율,전체 주주 수변화율,Label,Code
3,SBS_Media,오락·문화,2023,Q4,-0.03567666277111403,-0.09934733768198534,-0.05857901905477636,-1.703648270800311,-0.0038366815965229506,2.2525252525252526,-0.07439282344770959,-0.07439282344770959,-0.14595542482208756,-0.7089044733921537,0.008878824914122133,034120
3,Kangwon_Land,오락·문화,2023,Q4,-0.012097029022630768,0.12915943735306779,0.07944098724574644,0.5664796877158499,-0.012308349308650213,0.0,0.0,0.04714057350231948,-0.021511868019672642,-0.5010737029977479,-0.04157723249320491,035250
3,GKL,오락·문화,2023,Q4,0.029111299894096776,0.06097000811527009,0.039141333808532686,1.0149937933530166,0.03322432119010876,0.41263157894736835,0.0,-0.19754869646088036,-0.5539509607072275,-0.19634639401255294,-0.28053464590161753,114090
