,name,sector,year,quarter,자본총계변화율,매출액변화율,비유동자산변화율,특정 증권 등 소유 증감 비율변화율,Relative Return,1인평균급여변화율,현재까지 감소한 주식의 총수변화율,주식 수 감소변화율,발행할 주식 총수변화율,전체 주주 수변화율,Label,Code
3,SBS_Media,오락·문화,2023,Q4,-0.03567666277111403,-0.09934733768198534,-0.05857901905477636,2.2525252525252526,-0.11890767004503555,-0.1459554248220878,-0.07439282344770959,-0.07439282344770959,-0.07439282344770959,-0.7089044733921541,0.008878824914122133,034120
3,Kangwon_Land,오락·문화,2023,Q4,-0.012097029022630768,0.12915943735306779,0.07944098724574644,0.0,-0.09186238768060426,-0.021511868019672198,0.0,0.0,0.04714057350231926,-0.5010737029977474,-0.04157723249320491,035250
3,GKL,오락·문화,2023,Q4,0.029111299894096776,0.06097000811527009,0.039141333808532686,0.41263157894736835,0.034926527852809836,-0.5539509607072275,0.0,0.0,-0.1975486964608799,-0.19634639401255316,-0.28053464590161753,114090
