,name,sector,year,quarter,자본총계변화율,매출액변화율,비유동자산변화율,특정 증권 등 소유 증감 비율변화율,Relative Return,1인평균급여변화율,현재까지 감소한 주식의 총수변화율,주식 수 감소변화율,발행할 주식 총수변화율,전체 주주 수변화율,Label,Code
6,SBS_Media,오락·문화,2023,Q1,0.022806322627090037,0.4691618462355285,0.009343220466213165,0.13756399563349464,0.07641119893869872,0.1731140192447468,0.03084239609063455,0.03084239609063455,0.03084239609063455,-0.02595851131501936,-0.040714483462969346,034120
6,Kangwon_Land,오락·문화,2023,Q1,-0.006739941188968812,-0.06972605212364025,-0.10073381560175743,0.0,-0.035970715584811325,0.14660343195381587,0.0,0.0,-0.006839768877173746,0.17882189795305814,-0.24720534447301334,035250
6,GKL,오락·문화,2023,Q1,-0.05575359175317951,-0.17694353214481606,0.029865158814820436,-0.013370357889728623,0.2557840412862246,0.25288546892995956,0.0,0.0,0.19854031776361736,0.1799430492792291,-0.024386714348609673,114090
