,name,sector,year,quarter,자본총계변화율,매출액변화율,비유동자산변화율,특정 증권 등 소유 증감 비율변화율,Relative Return,1인평균급여변화율,현재까지 감소한 주식의 총수변화율,주식 수 감소변화율,발행할 주식 총수변화율,전체 주주 수변화율,Label,Code
5,SBS_Media,오락·문화,2023,Q2,-0.020474689160560056,-0.2543474622385318,-0.017593311404506595,0.1300920405888466,-0.040714483462969346,0.02628545153545714,0.014361986775737634,0.014361986775737634,0.014361986775737412,0.009794446383786792,-0.21169940814892296,034120
5,Kangwon_Land,오락·문화,2023,Q2,-0.02980364615234321,0.07574280602481998,-0.013092545004912637,0.0,-0.24720534447301334,-0.033646157104529006,0.0,0.0,0.02951443355388106,-0.03722819931261734,-0.18102546860967145,035250
5,GKL,오락·문화,2023,Q2,-0.021622254090071902,0.08178217276383049,0.025005254198565474,0.45432160905420793,-0.024386714348609673,0.010642611520867762,0.0,0.0,-0.0085480958334061,-0.019492660958287722,-0.23276676214200975,114090
