,name,sector,year,quarter,자본총계변화율,매출액변화율,비유동자산변화율,영업이익변화율,이익잉여금변화율,특정 증권 등 소유 증감 비율변화율,주식 수 감소변화율,발행할 주식 총수변화율,1인평균급여변화율,전체 주주 수변화율,Label,Code
6,SBS_Media,오락·문화,2023,Q1,0.022806322627090037,0.4691618462355285,0.009343220466213165,1.2111766850839403,0.028145397921341186,0.13756399563349486,0.03084239609063466,0.03084239609063455,0.1731140192447469,-0.025958511315019805,-0.040714483462969346,034120
6,Kangwon_Land,오락·문화,2023,Q1,-0.006739941188968812,-0.06972605212364025,-0.10073381560175743,-2.6892656906236465,-0.006865204783164103,0.0,0.0,-0.006839768877173968,0.1466034319538161,0.17882189795305814,-0.24720534447301334,035250
6,GKL,오락·문화,2023,Q1,-0.05575359175317951,-0.17694353214481606,0.029865158814820436,-3.7155946957181545,-0.0646314860999968,-0.013370357889728623,0.0,0.1985403177636178,0.25288546892995967,0.17994304927922877,-0.024386714348609673,114090
