,name,sector,year,quarter,자본총계변화율,매출액변화율,비유동자산변화율,영업이익변화율,이익잉여금변화율,특정 증권 등 소유 증감 비율변화율,주식 수 감소변화율,발행할 주식 총수변화율,1인평균급여변화율,전체 주주 수변화율,Label,Code
2,SBS_Media,오락·문화,2024,Q1,0.025683991362456138,0.3048664992245753,0.03439087704714017,1.8557406144673045,0.032668532285046514,0.8467741935483871,0.04307831071378987,0.04307831071378976,0.08659590062201594,0.38839169751022795,-0.19860290319806198,034120
2,Kangwon_Land,오락·문화,2024,Q1,0.026501146194068514,-0.13194739694836088,-0.02846719175787138,-0.9040302734175676,0.026958459993396078,0.0,0.0,-0.13894114701654026,0.03399432642247713,0.3738089144093244,-0.02910457956641051,035250
2,GKL,오락·문화,2024,Q1,0.02936302214561748,-0.07979538862238766,0.03676713509470697,67.96157903541943,0.033654179066311185,1.529569892473118,0.0,0.19710291968942528,0.4015460223256767,0.2209480869690542,-0.09492809059522209,114090
