,name,sector,year,quarter,자본총계변화율,매출액변화율,비유동자산변화율,영업이익변화율,이익잉여금변화율,특정 증권 등 소유 증감 비율변화율,주식 수 감소변화율,발행할 주식 총수변화율,1인평균급여변화율,전체 주주 수변화율,Label,Code
1,SBS_Media,오락·문화,2024,Q2,-0.006773905514708467,-0.19069575397331917,0.0037791871492928175,1.366441565506674,-0.008678222187901818,1.263157894736842,0.050627170114973086,0.050627170114972975,0.06458599681205135,0.04046795205937692,-0.3149174674819433,034120
1,Kangwon_Land,오락·문화,2024,Q2,-0.04416765058609795,0.08268976529752547,-0.0010124841268528417,0.031206011620266372,-0.04495094055659865,0.0,0.0,0.03189659742591966,-0.05193093991829745,-0.038184576111177204,-0.16998270425858952,035250
1,GKL,오락·문화,2024,Q2,-0.02875926077683255,-0.009054021449707239,0.04283527329508263,0.009050031251100377,-0.03310855501572085,1.8875357394048025,0.0,0.023984449432568056,0.0075458700759892805,0.00784743980055913,-0.030018838978663684,114090
