,name,sector,year,quarter,자본총계변화율,매출액변화율,비유동자산변화율,특정 증권 등 소유 증감 비율변화율,Relative Return,1인평균급여변화율,현재까지 감소한 주식의 총수변화율,주식 수 감소변화율,발행할 주식 총수변화율,전체 주주 수변화율,Label,Code
1,SBS_Media,오락·문화,2024,Q2,-0.006773905514708467,-0.19069575397331917,0.0037791871492928175,1.263157894736842,-0.19860290319806198,0.06458599681205135,0.050627170114973086,0.050627170114973086,0.050627170114972975,0.040467952059377255,-0.3149174674819433,034120
1,Kangwon_Land,오락·문화,2024,Q2,-0.04416765058609795,0.08268976529752547,-0.0010124841268528417,0.0,-0.02910457956641051,-0.051930939918297,0.0,0.0,0.03189659742591988,-0.038184576111177426,-0.16998270425858952,035250
1,GKL,오락·문화,2024,Q2,-0.02875926077683255,-0.009054021449707239,0.04283527329508263,1.887535739404803,-0.09492809059522209,0.0075458700759892805,0.0,0.0,0.023984449432568167,0.007847439800558798,-0.030018838978663684,114090
