,Feature,Importance
0,F_유동자산 변화율,0.1919408554864917
1,M_금리 변화율,0.18572366659063744
2,F_자본총계 변화율,0.1776092551997263
3,F_이익잉여금 변화율,0.16662864492526272
4,F_비유동자산 변화율,0.1508022736029789
5,P_주식 수 감소 변화율,0.12729530419490293
