,name,sector,year,quarter,비유동자산변화율,자본총계변화율,영업이익변화율,Relative Return,전체 주식 수변화율,전체 주주 수변화율,보유 주식 수변화율,1인평균급여변화율,특정 증권 등 소유 증감 수변화율,특정 증권 등 소유 수변화율,Label,Code
34,Youngpoong,금속,2016,Q1,0.007131163706439958,-0.020430903628319008,0.6763647142875611,0.0,-0.09336957027971948,-0.02774693578803955,0.21039064660011098,0.07132535632513437,0.0,0.0,-0.015364888482547641,000670
34,SeAH_Besteel,금속,2016,Q1,0.0033674263064237264,0.0071026285756159435,0.8716125556403551,0.0,-0.2786448328603557,-0.1767350609514149,0.07854460623278336,0.03530519582584446,0.0,0.0,-0.04175020632160409,001430
34,KIS_Wire,금속,2016,Q1,-0.028084512193988553,-0.006043311546394925,0.86697529355681,0.0,-0.0049632864099595775,0.0008737486812508966,0.0918136831323586,0.03051701093034409,0.0,0.03311691779847836,0.15049424222300745,002240
34,Hyundai_Steel,금속,2016,Q1,0.0020864963321099994,-0.007780120540819668,0.8257112560884304,0.0,-0.04756712921362016,-0.0027178961968330473,0.21657405081658754,0.1553166956890164,-0.26508087832957594,-0.00930184159840075,0.08258671124111992,004020
34,POSCO_Holdings,금속,2016,Q1,-0.0017269653476190694,0.0028370711058310905,0.7399242079324546,0.0,-0.02874172603956615,-0.21277915729470864,0.14505915332425168,-0.10571741450141392,-0.8523883963134395,-0.7930324046588801,0.28695796872614987,005490
34,Korea_Zinc,금속,2016,Q1,0.08872394930556626,0.002510561634308184,0.7235239385546044,0.0,-0.014487246868317705,-0.02098342293850952,0.33406177598590236,0.1633577780597899,0.13021834212028438,0.059391634254365444,0.012543514696843467,010130
34,Poongsan,금속,2016,Q1,0.006761143882311527,-0.0043243482140506995,0.7318771301559167,0.0,0.2462076785410734,0.2614306528435433,0.20700536896820454,0.03872159459232172,-0.3881070081880287,0.2937963631422851,0.06870501068659127,103140
34,Korea_Steel,금속,2016,Q1,0.006857082337707987,-0.0049568280802247955,0.8349142131477607,0.0,0.1060157094797104,0.2579794641948604,-1.253698573018447,0.07145895660541157,0.0,0.0,0.0949600116119481,104700
