,name,sector,year,quarter,비유동자산변화율,자본총계변화율,영업이익변화율,Relative Return,전체 주식 수변화율,전체 주주 수변화율,보유 주식 수변화율,1인평균급여변화율,특정 증권 등 소유 증감 수변화율,특정 증권 등 소유 수변화율,Label,Code
28,Youngpoong,금속,2017,Q3,-0.007611319792339977,-0.0018877425717476193,-1.2630796865613276,0.11686367196986826,-0.0425446769076685,-0.04566946669729699,-0.007263249437673425,-0.015397074149453127,0.0,0.0,-0.08866292499750145,000670
28,SeAH_Besteel,금속,2017,Q3,0.01021915980286825,-0.016327839756462126,0.24443422458083752,-0.0105082828835288,-0.002289845615423003,0.0011783276137018461,-0.019639873402506502,0.037230619930766595,0.0,0.0,0.015713777777777833,001430
28,KIS_Wire,금속,2017,Q3,0.0022139956458697707,-0.0007347490461300232,0.1545347845792009,-0.132628710479944,-0.03938298128771933,-0.04940854527123473,5.3629445012193244e-05,0.0035775416580988706,0.0,-0.12158595171605424,-0.10080520406567625,002240
28,Hyundai_Steel,금속,2017,Q3,0.008485531013853742,-0.00648577544063067,0.11177584855669576,-0.044208355003708635,-0.014230371068845171,-0.016637001700435805,-0.003759787877904097,-0.0019542857464212027,-0.004987736355982042,-0.013528619701675071,-0.16182245410628013,004020
28,POSCO_Holdings,금속,2017,Q3,0.022995872758549418,-0.007884900615509949,-0.23378535947243506,-0.12120192271892583,-0.004376992851459205,0.019199890333385983,-0.005040775725870805,0.0025427173116747692,0.04703035252238763,0.04464573874317812,0.09246561672473874,005490
28,Korea_Zinc,금속,2017,Q3,0.045585318839780564,-0.02864998346927372,0.24464961885700498,-0.03451504178098365,-0.04669445595415311,-0.044980211817662985,-0.024970373163480497,-0.027384026805001405,0.05536338117001727,0.04506028720589528,0.07455880701754393,010130
28,Poongsan,금속,2017,Q3,-0.01205342053585512,-0.011505571871028186,0.27266628524666003,-0.00771197272727521,-0.017762495462217087,-0.032600734705543255,-0.005425525060422043,-0.019289204280306338,-0.041958730156748114,-0.060743501001573996,0.17957363066202098,103140
28,Korea_Steel,금속,2017,Q3,0.018582613931995895,-0.007080792290046656,0.7203091207064611,0.05604188060774372,-0.03334365426341024,-0.019054208161658037,-0.06015301989085953,-0.02824929295411205,0.0,0.0,-0.18308796514161213,104700
