,name,sector,year,quarter,비유동자산변화율,자본총계변화율,영업이익변화율,Relative Return,전체 주식 수변화율,전체 주주 수변화율,보유 주식 수변화율,1인평균급여변화율,특정 증권 등 소유 증감 수변화율,특정 증권 등 소유 수변화율,Label,Code
27,Youngpoong,금속,2017,Q4,-0.009849262092502364,-0.0024307954293498746,0.08617665029798671,-0.08866292499750145,0.02775171484787675,0.026155398096116,-0.2037063095668712,-0.14134665033654636,0.0,0.0,-0.03437380745503041,000670
27,SeAH_Besteel,금속,2017,Q4,0.005993208347597645,-0.008548447824750616,0.4313647976160734,0.015713777777777833,0.005991381664423812,0.008477877549667223,0.057897037019073117,-0.04584354801599444,0.0,0.0,-0.0885157403660936,001430
27,KIS_Wire,금속,2017,Q4,0.0030959751382901857,0.0033805765268788424,0.36062721789624497,-0.10080520406567625,-0.0021307840487785334,-0.0036948468020909786,-0.011673399811550578,-0.12868043590052025,0.0,-0.01404699812785215,0.038972920297677106,002240
27,Hyundai_Steel,금속,2017,Q4,-0.014950989570541307,-0.019279136994692303,0.0233020839973751,-0.16182245410628013,-0.023886142074108108,-0.02498349890115903,-0.019316178623915548,-0.14551670172042197,-0.057877140183889786,-0.05495905234462328,0.09492241477017475,004020
27,POSCO_Holdings,금속,2017,Q4,0.011854044177287304,-0.006276362458872198,-0.10876508389482864,0.09246561672473874,-0.005925850439797875,0.012471324919318794,-0.005409347104887718,0.06322302886879272,0.033685727897598716,0.03173081265785105,0.028324537411684184,005490
27,Korea_Zinc,금속,2017,Q4,-0.003636577317198686,-0.014770035250217806,-0.04003100579743624,0.07455880701754393,0.0005824468718624853,-0.004006668219420417,-0.35288131383443555,-0.22258170215129636,0.0026187715817976853,-0.00448210062440757,-0.036429662193058904,010130
27,Poongsan,금속,2017,Q4,-0.007015148590192366,0.015398523366189631,-0.019364564554747332,0.17957363066202098,-0.01688149393260807,-0.017292604054077287,-0.17424932638690604,-0.1501966687392664,0.044143385842616234,-0.011707184438898732,-0.10251616526518006,103140
27,Korea_Steel,금속,2017,Q4,0.28373852777610187,0.09534731804232177,-1.089990298295255,-0.18308796514161213,0.04038081916289449,0.10878321072837438,0.7228539499625537,0.0847293418840378,0.0,0.0,-0.018622325268999127,104700
