,name,sector,year,quarter,비유동자산변화율,자본총계변화율,영업이익변화율,Relative Return,전체 주식 수변화율,전체 주주 수변화율,보유 주식 수변화율,1인평균급여변화율,특정 증권 등 소유 증감 수변화율,특정 증권 등 소유 수변화율,Label,Code
20,Youngpoong,금속,2019,Q3,0.0020241654607037196,-0.001033846607429778,0.8076408214510364,-0.09447499276259504,0.018613980945165753,0.018793480534012308,0.002748006263089131,0.0063006930696111185,0.0,0.0,-0.1397749995019071,000670
20,SeAH_Besteel,금속,2019,Q3,0.008291026036593041,0.006789550468450978,2.5341369433514775,-0.03589593010589873,-0.0024140165214010523,0.0026795872526198528,0.0024055072121395016,0.021012959256551333,0.0,0.0,-0.08709259054796088,001430
20,KIS_Wire,금속,2019,Q3,0.0025180039290054745,-0.002067590525315577,0.588966702625529,0.07058943132202675,-0.017908032724092582,-0.021620042130581663,2.7374573255856127e-05,0.0008343966855769436,0.0,-0.045866100921637454,-0.09522872062162115,002240
20,Hyundai_Steel,금속,2019,Q3,-0.0016144660747736683,-0.0009447696250997062,0.8447280969451361,-0.06784255035539104,0.010017390526912529,0.013329616486015383,0.011625947628405187,0.009105723994574988,0.013062841054072072,0.02290734133835326,-0.06310282072698901,004020
20,POSCO_Holdings,금속,2019,Q3,-0.018178597318007306,0.0012302400398354063,0.08535515150158812,-0.03602417008907364,-0.010093028395444348,-0.003528842166340862,-0.011050599755357604,-0.008317290747365202,0.007628967907742146,0.006638145788574912,-0.05936859829307618,005490
20,Korea_Zinc,금속,2019,Q3,-0.009092219855980854,-0.02362079357225899,0.2050634947250658,0.02913062972123731,-0.026267590068714597,-0.026315712364775035,-0.01641388212680095,-0.020769003278285902,-0.005062290742296582,-0.010118639976194554,-0.04311510121329627,010130
20,Poongsan,금속,2019,Q3,-0.001563636762796028,-0.004758352963772472,0.6289360979305723,-0.11126135377419445,0.0011696035686780126,-0.0008665717398743666,0.0011979493092445503,-0.0036238719965782096,-0.011057133243635331,-0.004653135375492834,-0.1272519002061089,103140
20,Korea_Steel,금속,2019,Q3,0.0027607312325176325,-0.014403644298756513,2.6415499569234937,0.02993522742238674,-0.04789122823851799,-0.04267162403242852,-0.0876384257147198,-0.04510439199285865,0.0,0.0,-0.19759693837404785,104700
