,name,sector,year,quarter,영업이익변화율,비유동자산변화율,자본총계변화율,매출액변화율,유동부채변화율,Relative Return,전체 주식 수변화율,전체 주주 수변화율,1인평균급여변화율,특정 증권 등 소유 증감 수변화율,Label,Code
19,Youngpoong,금속,2019,Q4,-2.584817565060217,0.006375424716036471,0.00034823713959464264,-0.07791550939315761,-0.2019309853546687,-0.1397749995019071,-0.011393505092608613,-0.010944799259758664,-0.15294247505798864,0.0,-0.0011757796766964645,000670
19,SeAH_Besteel,금속,2019,Q4,0.5586650694311959,0.002988754812650596,-0.0005075159917735661,0.04951344776103406,0.247500604574873,-0.08709259054796088,0.011066653753113886,0.012070168336780207,0.025502883440482793,0.0,-0.13011588025936752,001430
19,KIS_Wire,금속,2019,Q4,-1.123514854063186,-0.027303929098181134,0.0027151938481418947,-0.21932391456189237,-0.08278723927170706,-0.09522872062162115,0.022165489869871546,0.027303010733700672,-0.24211259209665648,0.0,-0.20536853934318694,002240
19,Hyundai_Steel,금속,2019,Q4,5.209365412730605,-0.0059663059050301115,0.002587778733372348,0.0758989351652889,-0.03236357258437961,-0.06310282072698901,-0.0034524238638067306,-0.0019933162476546418,-0.06552081768403717,0.0034674155827849606,-0.26172682737179065,004020
19,POSCO_Holdings,금속,2019,Q4,0.4458393155896917,0.005749503626387931,0.01557747412083288,0.05049242677936017,-0.17920593022967135,-0.05936859829307618,0.005004206387125176,0.020896268111595506,-0.027625799487790426,0.041110129149947494,-0.030238215704525007,005490
19,Korea_Zinc,금속,2019,Q4,0.10644865127228798,0.007267743185507269,-0.01766958774776728,-0.031081369166776618,0.18620587975522274,-0.04311510121329627,0.0012063001094658743,-0.004204392209718133,-0.20673034115214928,0.015190151508901906,-0.11933214630452005,010130
19,Poongsan,금속,2019,Q4,70.13561259871088,0.006354757986743564,0.010116714217934697,-0.26955689268265726,0.16031210030112575,-0.1272519002061089,0.0014989093493595895,0.028946871783155692,-0.14427646193349464,-0.3515083593755506,-0.002316254007728877,103140
19,Korea_Steel,금속,2019,Q4,1.221140380087941,0.01658685260754178,0.007356166938088715,-0.059233903365912166,0.0647817344379471,-0.19759693837404785,0.008232055045389597,0.012345901429142714,-0.019182333169911248,0.0,-0.1120282040045212,104700
