,name,sector,year,quarter,Relative Return,비유동자산 변화율,자본총계 변화율,소비자물가지수 변화율,실업률 변화율,전체 주식 수 변화율,전체 주주 수 변화율,보유 주식 수 변화율,자기주식수 변화율,특정 증권 등 소유 비율 변화율,Label,Code
21,Youngpoong,금속,2019,Q2,0.03268860703646111,-0.000793579806197986,-0.012659455320537916,-0.17798441463015324,-0.017241379310344973,-0.058769879131362,-0.058769879131362,-0.05876987913136178,-0.058769879131362,0.0,-0.09447499276259504,000670
21,SeAH_Besteel,금속,2019,Q2,0.03512823174493387,0.007954186367957194,-0.0025738926773719584,-0.17798441463015324,-0.017241379310344973,-0.05875829335001659,-0.05875829335001659,-0.05875829335001659,-0.05875829335001659,0.0,-0.03589593010589873,001430
21,KIS_Wire,금속,2019,Q2,0.030875694129500884,0.0035363318861447723,-0.005938566269438672,-0.17798441463015324,-0.017241379310344973,-0.05878374312461809,-0.05878374312461809,-0.05878374312461809,-0.05878374312461809,-0.05878374312461809,0.07058943132202675,002240
21,Hyundai_Steel,금속,2019,Q2,-0.057592410578951383,-0.0018797053735577496,-0.008199300649894603,-0.17798441463015324,-0.017241379310344973,-0.0677185731003207,-0.07141864651711471,-0.04775718873874579,-0.03753680349978872,-0.12680347299247896,-0.06784255035539104,004020
21,POSCO_Holdings,금속,2019,Q2,-0.015092777773248002,0.015159947935890594,-0.00853373846354577,-0.17798441463015324,-0.017241379310344973,-0.054993006177837644,-0.1185563862955501,-0.025223805266615607,-0.026439735644024243,-0.510522439160952,-0.03602417008907364,005490
21,Korea_Zinc,금속,2019,Q2,0.037861694296496905,-0.00034454232176983624,-0.029114350644456666,-0.17798441463015324,-0.017241379310344973,-0.058727056314779036,-0.058727056314779036,-0.058727056314779036,-0.058727056314779036,-0.058727056314778814,0.02913062972123731,010130
21,Poongsan,금속,2019,Q2,0.008750454658941482,-0.011964778873187809,-0.007602204724661554,-0.17798441463015324,-0.017241379310344973,-0.058751324988989495,-0.058751324988989495,-0.058751324988989495,-0.058751324988989495,-0.05875132498898927,-0.11126135377419445,103140
21,Korea_Steel,금속,2019,Q2,0.0351333544595628,-0.006391258558142265,1.4380419759985053e-05,-0.17798441463015324,-0.017241379310344973,-0.05878860209259962,-0.05878860209259962,-0.05878860209259962,-0.05878860209259962,0.0,0.02993522742238674,104700
