,name,sector,year,quarter,영업이익변화율,비유동자산변화율,자본총계변화율,매출액변화율,유동부채변화율,Relative Return,전체 주식 수변화율,전체 주주 수변화율,1인평균급여변화율,특정 증권 등 소유 증감 수변화율,Label,Code
15,Youngpoong,금속,2020,Q4,1.3423962522155528,-0.015773551535533725,0.01461643903755283,-0.07584883770127449,-0.05276175368121638,-0.08660309399229167,-0.8974873904909775,-0.606012904178177,-0.28497950840312414,0.0,-0.11372769970983929,000670
15,SeAH_Besteel,금속,2020,Q4,0.8819976265323988,0.12740340979655063,0.14598104891869124,-0.39454744669324926,-0.24462071230351268,-0.13617858305455693,-0.30026118384776024,-0.18091838526551607,0.05202847637412167,0.0,-0.17001411850434958,001430
15,KIS_Wire,금속,2020,Q4,-1.0008663995042477,0.006951259333899618,0.0047606624320825075,-0.18038828618525748,0.027069215586963513,-0.22700924636165662,-0.6465954903345354,-0.40042912418065235,-0.22931957473855702,0.0,0.017615554621506768,002240
15,Hyundai_Steel,금속,2020,Q4,-0.9373333526181165,-0.03475705832153819,0.009746371761747197,-0.06143872368138181,-0.025411302795880886,0.08965097953971152,-0.6657033883088441,-0.40896033227072226,-0.02961918180581291,0.09466212265223528,0.3331678400992958,004020
15,POSCO_Holdings,금속,2020,Q4,-0.9998954210109308,0.006338245024486877,0.005616866782454433,-0.07593127678136691,0.09866366794402537,0.017440258249670118,-0.29644911624131054,0.29924620717058026,-0.05252971122168204,-0.056019642216457166,0.12703031289122685,005490
15,Korea_Zinc,금속,2020,Q4,0.04701077200520798,-0.012170571059359592,-0.023315741429139836,-0.16486641966910898,-0.33694423823479513,0.019218642305306344,-0.6407290774338139,-0.7881652665424588,-0.1937555821537278,-0.017663623821557506,-0.1950242935145246,010130
15,Poongsan,금속,2020,Q4,-0.14343191032338942,-0.01978467317656052,-0.02444384501106711,-0.3796009651757535,0.062032774383859124,-0.025776754161564774,-0.7708016626885597,-0.003004791555806019,-0.2528145303970908,-0.04965629563946794,-0.10223492799788633,103140
15,Korea_Steel,금속,2020,Q4,0.6674084593967542,0.0022377554819650314,0.06984520278777961,-0.08474051674899252,-0.7257923498179715,-0.030824133582460417,-0.36315429888821593,0.2681049975009674,-0.09643425483161505,0.0,0.14024229175206065,104700
