,name,sector,year,quarter,비유동자산변화율,자본총계변화율,영업이익변화율,Relative Return,전체 주식 수변화율,전체 주주 수변화율,보유 주식 수변화율,1인평균급여변화율,특정 증권 등 소유 증감 수변화율,특정 증권 등 소유 수변화율,Label,Code
17,Youngpoong,금속,2020,Q2,0.023751210709423987,0.0029352865542522366,0.5376625483664935,-0.06545464205196391,-0.004060539153057041,-0.007053192058074753,0.0055790793590589915,0.003917542753363756,0.0,0.0,-0.1947066441078469,000670
17,SeAH_Besteel,금속,2020,Q2,0.007188824325595644,-0.013594106115926152,2.8608874126100146,-0.3131866937782486,-0.016190178869769145,-0.01641716574468166,0.012517518929007654,-0.02895428147701118,0.0,0.0,0.15934972454983742,001430
17,KIS_Wire,금속,2020,Q2,-0.0013568038684610428,-0.0042155778556791645,0.5182465271927492,-0.13665685840283417,-0.03569234299883117,-0.04341141761945844,-0.0024812813668295686,0.00040602687448521024,0.0,-0.09343535374198653,-0.06580744707980804,002240
17,Hyundai_Steel,금속,2020,Q2,0.0036801440610029212,-0.004023425281419746,1.4305365827997414,-0.23695199778322887,0.008343911456159314,0.010423914646122134,0.011309251189007163,0.009615157094975069,0.00438551308185664,0.012206746756954878,-0.034317374547353535,004020
17,POSCO_Holdings,금속,2020,Q2,0.0015574923696880516,0.0032311549048931187,1.236787272958943,-0.12278658263626466,0.0062272948547983376,-0.020357480967688746,0.01096192925724071,-0.000493158353494616,-0.07870342235117267,-0.07287662060154365,-0.10145083972454097,005490
17,Korea_Zinc,금속,2020,Q2,-0.06605827650117857,-0.020956624502683097,0.13557352010563506,0.026785728467806302,-0.01211406769903478,-0.013045760420483443,-0.009254042288930453,-0.016082084018315346,-0.07264717802910492,-0.06859662329910776,-0.24408591691150494,010130
17,Poongsan,금속,2020,Q2,0.03140330542443315,-0.008266036291961543,-0.4232081946731938,-0.05710861653456975,-0.006615509904264405,0.004505464463005038,0.025554069661234302,0.029967724749479063,-0.03290218950741575,-0.001683315375547778,0.00806628694524436,103140
17,Korea_Steel,금속,2020,Q2,0.007235916796998754,-0.01926278837855322,-0.33837235150231293,-0.12177983519116595,-0.03648710702282387,-0.048265069468320876,-0.04463621500568071,-0.038682367279338825,0.0,0.0,0.17051556545466057,104700
