,name,sector,year,quarter,영업이익변화율,비유동자산변화율,자본총계변화율,매출액변화율,유동부채변화율,Relative Return,전체 주식 수변화율,전체 주주 수변화율,1인평균급여변화율,특정 증권 등 소유 증감 수변화율,Label,Code
11,Youngpoong,금속,2021,Q4,0.4277841458054782,-0.004590116820756274,0.024913218330755438,0.017830720113273912,-0.29405616523978284,0.11680977581288515,-0.5894097409821508,-0.33680102680368806,-0.23276435238951154,0.0,0.004289463338419118,000670
11,SeAH_Besteel,금속,2021,Q4,0.3362419755990026,-0.0030883187734054296,-0.012631173337006585,-0.03969014409219085,-0.016498159866974893,-0.09706748414503329,-0.5100604886166766,-0.6413639594008824,-0.2580256856123666,0.0,-0.20316972836784014,001430
11,KIS_Wire,금속,2021,Q4,0.24739026753696103,0.017231188688242804,-0.005564211782624451,-0.11564150724778322,0.026124653638050832,0.30511689433305617,-0.8239946663724336,-0.6993300548962393,-0.1693429984860706,0.0,-0.3393663970038052,002240
11,Hyundai_Steel,금속,2021,Q4,0.05336372844655546,-0.003169850571882238,-0.020485209106464453,-0.11137805997345085,-0.07594332281500726,-0.03562352026754079,-0.5293014445805837,-0.7654776797911629,-0.19089755191604296,-0.05876053536850456,-0.1124338688577416,004020
11,POSCO_Holdings,금속,2021,Q4,0.2712675558411548,0.004857476637078473,-0.014830628383656341,-0.018820938715360835,-0.25482488527104286,0.038278767920461684,-0.2086313111465936,-0.23178999196445682,-0.13807907440616773,0.04253305010997388,-0.1522877907377035,005490
11,Korea_Zinc,금속,2021,Q4,-0.13883859620767258,0.017905676557406824,-0.027584220343642496,-0.1450257776018795,-0.18316018273544166,0.24756063309147236,-0.4753944111529098,-0.5286476024893401,-0.11820562071640062,0.0206395450598712,0.03741380089541076,010130
11,Poongsan,금속,2021,Q4,0.1815110743539995,-0.04526405587444726,-0.03246092530092182,-0.21615573537812138,-0.06416962719664188,-0.043513949166373064,-0.46392712446996276,-0.8685808782341526,-0.19927002972428132,-0.03436241047912825,-0.04412294885219337,103140
11,Korea_Steel,금속,2021,Q4,0.1755649727631,0.0112270543177041,-0.027234763275095553,-0.08684799027569623,-0.19432498928760467,0.05955635212487516,-0.34229897215001115,-0.3928801804616937,-0.24114256448798588,0.0,-0.21108319309256518,104700
