,name,sector,year,quarter,영업이익변화율,비유동자산변화율,자본총계변화율,매출액변화율,유동부채변화율,Relative Return,전체 주식 수변화율,전체 주주 수변화율,1인평균급여변화율,특정 증권 등 소유 증감 수변화율,Label,Code
13,Youngpoong,금속,2021,Q2,-3.3542188140410714,-0.005959443926052632,-0.00721359424695156,-0.08741492933003858,-0.038709957527925054,0.028413936089019418,-0.04126866132072671,-0.051605641178920525,-0.022203781579249737,0.0,0.059284748425178925,000670
13,SeAH_Besteel,금속,2021,Q2,-1.49953153414594,0.0037235963618701406,-0.03152837834780531,-0.21970481129551356,-0.14271569468566137,0.668073614626948,-0.001456644268415408,-0.008321525661248108,0.0065249737106435335,0.0,0.647332565371631,001430
13,KIS_Wire,금속,2021,Q2,-0.13496768013518223,-0.004734097415275862,-0.008509185793398988,-0.1323529623701749,0.035344555690925206,0.3871646786838084,-0.013187519481415944,-0.014457818702566794,-0.008153480152104153,0.0,0.13439311471656493,002240
13,Hyundai_Steel,금속,2021,Q2,-0.6309620502332158,0.012828336634824855,-0.01740135535497278,-0.14443092196710272,-0.03825434852708964,0.13417906692372655,-0.0167700323585962,-0.02147413269115339,-0.007334317174552796,-0.07649023698511037,0.06518650996129821,004020
13,POSCO_Holdings,금속,2021,Q2,-0.4988320638355599,-0.001990649250672938,-0.024574511292733803,-0.18933617418940374,0.07053235381253886,0.10874068141936848,-0.014014575980419774,-0.0010166127681789927,-0.010809579736384523,0.03442783133829774,0.03340409402366174,005490
13,Korea_Zinc,금속,2021,Q2,0.037696147154033355,-0.0415633760745997,-0.027730264026878615,-0.0800402455896283,-0.10261451313660652,-0.054432631324749986,-0.03500325520948944,-0.03253441461994644,-0.03018356966743796,-0.046406710152352204,0.009101276892526315,010130
13,Poongsan,금속,2021,Q2,-1.3903959906265126,-0.008253566238259236,-0.0533373188961499,-0.4148505970065728,-0.0752785045136195,0.11608660313837886,-0.09141185355102133,-0.10733054314696289,-0.05318642172798249,-0.02012602680152975,0.07964813963118339,103140
13,Korea_Steel,금속,2021,Q2,-5.6842635587174755,0.002120029513504207,-0.01453585554524639,-0.756440214812591,0.11445611401008371,0.5755330492923915,-0.007965787180693962,-0.09493902075735106,-0.030856257464822123,0.0,-0.09891096602060048,104700
