,name,sector,year,quarter,영업이익변화율,비유동자산변화율,자본총계변화율,매출액변화율,유동부채변화율,Relative Return,전체 주식 수변화율,전체 주주 수변화율,1인평균급여변화율,특정 증권 등 소유 증감 수변화율,Label,Code
10,Youngpoong,금속,2022,Q1,1.2487915070174493,0.0016633488836811372,-0.04055785094513986,-0.23884841197898865,-0.24366647845688716,0.004289463338419118,0.3064946695816684,0.18342739268210606,0.15829596083223518,0.0,0.1377216530485017,000670
10,SeAH_Besteel,금속,2022,Q1,0.07239591786328159,-0.00048111310588550005,0.02647733126310914,-0.11332671018796736,-0.20978428380720104,-0.20316972836784014,0.34062671094896246,0.3927436567420354,0.2519321824480748,0.0,0.011599821040948546,001430
10,KIS_Wire,금속,2022,Q1,-0.8361698641563204,-0.0017966422674049465,-0.014388988911071987,0.00495070262645203,-0.13493639811355784,-0.3393663970038052,0.43855307363289664,0.39697336452451126,0.12585229298382705,0.0,0.19968876187286222,002240
10,Hyundai_Steel,금속,2022,Q1,0.17214243332516033,0.021275782766558393,-0.00902657179735833,-0.06325250347026157,-0.11922907920868209,-0.1124338688577416,0.28941833918716753,0.37818838433046,0.12485365607829746,-0.07380762654514972,0.08915955165025266,004020
10,POSCO_Holdings,금속,2022,Q1,0.36060278674638957,-0.23834391436187397,0.03893680319098769,0.5658172956229126,0.7788568072160253,-0.1522877907377035,0.20738376302992623,-0.1816949650216424,0.05428289705233491,-1.9652209956551259,0.1372007498728336,005490
10,Korea_Zinc,금속,2022,Q1,0.11455477537297099,-0.034009672013030956,0.022896048239088862,0.06992201374716733,-0.09891269667733082,0.03741380089541076,0.2963548209555219,0.3270926191066742,0.09807880247569278,-0.048852225022747886,0.22201714202084805,010130
10,Poongsan,금속,2022,Q1,0.08170611843779796,-0.009485768140490514,0.0004652862461934637,0.008924135843163206,-0.12344115091226993,-0.04412294885219337,0.2714416332835278,0.41976332366821134,0.09987548493922516,0.018820240597801075,0.13845018129517023,103140
10,Korea_Steel,금속,2022,Q1,0.17765422679223664,0.0010563341857854347,-0.018614822942857323,0.09809483196526692,0.009235059842996995,-0.21108319309256518,0.1974594642499803,0.24312431321625239,0.13807063352923032,0.0,0.17479984176311608,104700
