,name,sector,year,quarter,비유동자산변화율,자본총계변화율,영업이익변화율,Relative Return,전체 주식 수변화율,전체 주주 수변화율,보유 주식 수변화율,1인평균급여변화율,특정 증권 등 소유 증감 수변화율,특정 증권 등 소유 수변화율,Label,Code
7,Youngpoong,금속,2022,Q4,0.012471585497765725,0.05560618120993566,-5.176213971190571,0.29467487916883606,-0.47533539491169385,-0.8281487265633969,-0.24193974505949845,-0.19803085663925812,0.0,0.0,-0.07310465627809155,000670
7,SeAH_Besteel,금속,2022,Q4,0.0024731715795478504,-0.03931773021257623,4.495316147186145,0.15770294322226924,-0.42718264368765113,-0.6270755338607035,-0.4413163136257163,-0.4098358103776847,0.0,0.0,-0.023040792416657872,001430
7,KIS_Wire,금속,2022,Q4,-0.0028846285535883975,-0.0019076349352042943,-0.26329663758071575,-0.09166039642693276,-0.7104289336732545,-0.724750332678616,-0.301353940500116,-0.33216047978565233,0.0,-0.039191331359677894,0.21902720381764337,002240
7,Hyundai_Steel,금속,2022,Q4,-0.01834841884426841,0.0013423910712613285,1.855164504410955,-0.0467606195307672,-0.39472598660532143,-0.4839961210751753,-0.2679757389311088,-0.30825821263804754,-0.01801795711862031,0.008388687087209079,0.06816315153767528,004020
7,POSCO_Holdings,금속,2022,Q4,0.011854264262986192,-0.013699060923001216,-42.59717736437471,-0.011589223762356507,-0.29806546893768915,0.15953623136923656,-0.06729800446087175,-0.1809463000676963,0.014664034984314789,0.014023976092102486,0.26611941357055285,005490
7,Korea_Zinc,금속,2022,Q4,-0.12310022098181461,-0.08625899198271925,0.2428094784996493,0.3078862909358154,-0.3020887769506768,-0.015808623150857626,-0.2468578207261971,-0.1271456356970735,-0.15126529903025165,-0.14792319553845656,-0.06262851062886537,010130
7,Poongsan,금속,2022,Q4,-0.021267712282708073,-0.009650735731754345,-0.502202479648959,0.06649119907316409,-0.254410576332204,-0.49380407433338513,-0.09165528990059313,-0.074224291217585,-0.03828230089434159,-0.010398084795409934,0.33718151704989757,103140
7,Korea_Steel,금속,2022,Q4,-0.042501483148613683,-0.03873087304216227,-0.2141890614061579,-0.003940495800173055,-0.13911385261357045,-0.4008796168465443,-0.2202433168716995,-0.3042845795758802,0.0,0.0,-0.01033166119311423,104700
