,name,sector,year,quarter,비유동자산변화율,자본총계변화율,영업이익변화율,Relative Return,전체 주식 수변화율,전체 주주 수변화율,보유 주식 수변화율,1인평균급여변화율,특정 증권 등 소유 증감 수변화율,특정 증권 등 소유 수변화율,Label,Code
8,Youngpoong,금속,2022,Q3,-0.015173451081265998,0.013254764931004193,1.7074025945916984,-0.07794422946288784,-0.006990353313715891,-0.017500757433147607,-0.004110827783651905,-0.0023673554629792815,0.0,0.0,0.29467487916883606,000670
8,SeAH_Besteel,금속,2022,Q3,-0.002457327356913952,-0.010042516244040511,-25.83095383944145,-0.014295876776300898,0.005398504814229543,0.0018259491023649987,0.002469316398708954,-0.005732433485705624,0.0,0.0,0.15770294322226924,001430
8,KIS_Wire,금속,2022,Q3,-0.00804728100406682,-0.009123719693568733,0.36001843843563464,0.11261730040216382,-0.02215664873000467,-0.02491527890277756,-0.00766902288641047,-0.006886320113730582,0.0,-0.04097744727478858,-0.09166039642693276,002240
8,Hyundai_Steel,금속,2022,Q3,0.006188499061342223,-0.008883219385312113,0.572910245791053,-0.06584378832421245,0.02840477623597093,0.032021871626458864,0.02745079190308497,0.02255327851095079,-0.045137735182688044,-0.015385724312488192,-0.0467606195307672,004020
8,POSCO_Holdings,금속,2022,Q3,0.00041973414079921056,0.006090010219236608,0.8445186655893366,-0.04782526108288726,0.010491106693152119,-0.0001669242044519681,0.011293346616328415,0.006972146697897363,-0.00928803080783358,-0.008643026921177466,-0.011589223762356507,005490
8,Korea_Zinc,금속,2022,Q3,-0.11057692153864362,-0.07579381312456146,0.4069077194694597,-0.009265332533427872,-0.10477908282441462,-0.09010313656172864,-0.018913487755504832,-0.052538216506015756,-0.15192191288798984,-0.12992197823787754,0.3078862909358154,010130
8,Poongsan,금속,2022,Q3,-0.017269729915553977,-0.03178781265668351,0.5941073892547328,-0.0992808617612859,0.0033562563461698725,0.02554948533722945,0.013986628894656516,0.009724112106402671,-0.12376178503136992,0.031097508127875928,0.06649119907316409,103140
8,Korea_Steel,금속,2022,Q3,0.009489550917431422,-0.028758485446745752,0.44577033576960556,-0.06325186676394387,-0.007671703237243088,-0.022656808688390262,-0.04829595907524542,-0.02320562476001009,0.0,0.0,-0.003940495800173055,104700
