,name,sector,year,quarter,영업이익변화율,비유동자산변화율,자본총계변화율,매출액변화율,유동부채변화율,Relative Return,전체 주식 수변화율,전체 주주 수변화율,1인평균급여변화율,특정 증권 등 소유 증감 수변화율,Label,Code
5,Youngpoong,금속,2023,Q2,20.724422116316564,-0.048209233975342825,0.024097997295568496,-0.04329616218725052,0.28692800242049044,-0.14699251351774661,0.04872354814923496,0.018259858527078343,0.004909073244110829,0.0,-0.061193701785072,000670
5,SeAH_Besteel,금속,2023,Q2,1.044308089132528,0.005306937017632962,0.006597283425959333,0.930894918620101,0.28609043089648023,0.3030230417084625,-0.010230756917613215,-0.0027964330332861387,-0.0047863479046790225,0.0,0.06660892959369617,001430
5,KIS_Wire,금속,2023,Q2,-0.16496913818889758,0.0002941209037988779,-0.007853907322562748,-0.1353832286758263,0.17195986974351807,-0.0534468899188071,-0.03217554625088792,-0.03777931296938575,-0.004473653128313826,0.0,-0.11070208552509432,002240
5,Hyundai_Steel,금속,2023,Q2,-0.24356566003423796,0.007452810444483315,-0.018149945112600152,-0.04628851965802294,0.12463321524597859,0.034533189627279165,0.03535758315919213,0.037112174509528306,0.01944414825093288,-0.027534574838153247,-0.07307960713892717,004020
5,POSCO_Holdings,금속,2023,Q2,0.7047485867105223,-0.0032690485779560685,0.0009956120629346366,0.034390365486078434,0.5694567474756151,0.22906611711837188,0.0005837007903805036,-0.006039941986914821,-0.0015784795195348256,0.4276449234081485,-0.037909877732886524,005490
5,Korea_Zinc,금속,2023,Q2,-0.06297909826214831,-0.01655728457720773,-0.018412553186406555,0.015146525943907974,0.18452249655480046,-0.1172157278201024,0.016736430700968197,0.008442439150972647,-0.013166391546689749,0.920883487987903,-0.16414693181804188,010130
5,Poongsan,금속,2023,Q2,0.19885940811485414,-0.0009676508195239908,-0.02288989630943572,-0.004866407915110393,-0.040114347346914325,0.023874641909033878,-0.022033028055462145,-0.021365891204798704,-0.0015642017254422491,-0.058149434943136624,0.08893843735072267,103140
5,Korea_Steel,금속,2023,Q2,-0.9533636220431305,0.0014480083982878478,-0.03983145561426582,-0.08361909146289026,0.2680392181207514,0.04317186930228262,-0.0006836345003136124,-0.04636771295751507,-0.024737053007261256,0.0,-0.11914841320871014,104700
