,name,sector,year,quarter,비유동자산변화율,자본총계변화율,영업이익변화율,Relative Return,전체 주식 수변화율,전체 주주 수변화율,보유 주식 수변화율,1인평균급여변화율,특정 증권 등 소유 증감 수변화율,특정 증권 등 소유 수변화율,Label,Code
6,Youngpoong,금속,2023,Q1,-0.0481824005384337,-0.04185602828769941,1.02510507173977,-0.07310465627809155,0.3532406221529638,0.48022287467129454,0.20896671180979798,0.18380384150578244,0.0,0.0,-0.14699251351774661,000670
6,SeAH_Besteel,금속,2023,Q1,-0.003675255868306193,-0.004637818107064762,0.25631354435539333,-0.023040792416657872,0.29833691724866984,0.37909184400974827,0.29390598361983244,0.2763696081005411,0.0,0.0,0.3030230417084625,001430
6,KIS_Wire,금속,2023,Q1,0.003909896931557522,-0.007128601560533632,0.05265472795534554,0.21902720381764337,0.40703943517094476,0.411062932425982,0.22751269548318132,0.2455735485840529,0.0,0.013929039498379092,-0.0534468899188071,002240
6,Hyundai_Steel,금속,2023,Q1,0.010290621912178444,-0.009279890113622624,2.168605178157593,0.06816315153767528,0.30131561307699173,0.345781181875805,0.22595790276529581,0.2460634518176299,-0.018902061628678135,-0.021093679600933335,0.034533189627279165,004020
6,POSCO_Holdings,금속,2023,Q1,-0.008991777432878267,-0.011127608628743069,0.044835254463257534,0.26611941357055285,0.21645322806001066,-0.18991417137084987,0.04552096839064035,0.14352958172647545,-0.0001324083656721875,-0.0005046992525736815,0.22906611711837188,005490
6,Korea_Zinc,금속,2023,Q1,-0.031775804079797965,0.027068677075784753,0.009004144815454973,-0.06262851062886537,0.23129374993381724,0.01301611150448767,0.20034332911012798,0.09694859160293534,-0.036315351364834214,-0.035102583775993734,-0.1172157278201024,010130
6,Poongsan,금속,2023,Q1,-0.011730507845840732,-0.02238496926266298,-0.2672098147962605,0.33718151704989757,0.18091385100635538,0.32553201475884896,0.08736533048578521,0.07592744281929742,-0.03748248376705998,0.006594191838035668,0.023874641909033878,103140
6,Korea_Steel,금속,2023,Q1,0.03767626042131733,-0.003085115942178307,0.4321607571734215,-0.01033166119311423,0.09311296142319836,0.2607661784634685,0.12611400435370557,0.1989411597898023,0.0,0.0,0.04317186930228262,104700
