,name,sector,year,quarter,비유동자산변화율,자본총계변화율,영업이익변화율,Relative Return,전체 주식 수변화율,전체 주주 수변화율,보유 주식 수변화율,1인평균급여변화율,특정 증권 등 소유 증감 수변화율,특정 증권 등 소유 수변화율,Label,Code
5,Youngpoong,금속,2023,Q2,-0.048209233975342825,0.024097997295568496,20.724422116316564,-0.14699251351774661,0.04872354814923496,0.018259858527078343,-0.025204665521276093,0.004909073244110829,0.0,0.0,-0.061193701785072,000670
5,SeAH_Besteel,금속,2023,Q2,0.005306937017632962,0.006597283425959333,1.044308089132528,0.3030230417084625,-0.01023075691761366,-0.0027964330332859166,0.006520358019969974,-0.004786347904679467,0.0,0.0,0.06660892959369617,001430
5,KIS_Wire,금속,2023,Q2,0.0002941209037988779,-0.007853907322562748,-0.16496913818889758,-0.0534468899188071,-0.03217554625088792,-0.03777931296938575,-0.007932352760981809,-0.004473653128313826,0.0,-0.06884033006890133,-0.11070208552509432,002240
5,Hyundai_Steel,금속,2023,Q2,0.007452810444483315,-0.018149945112600152,-0.24356566003423796,0.034533189627279165,0.03535758315919224,0.037112174509528306,0.022791766887858778,0.01944414825093288,-0.02753457483815347,-0.009560398398751113,-0.07307960713892717,004020
5,POSCO_Holdings,금속,2023,Q2,-0.0032690485779560685,0.0009956120629346366,0.7047485867105223,0.22906611711837188,0.0005837007903805036,-0.006039941986914599,0.0016465687875678592,-0.0015784795195348256,0.4276449234081485,0.4056785586101639,-0.037909877732886524,005490
5,Korea_Zinc,금속,2023,Q2,-0.01655728457720773,-0.018412553186406555,-0.06297909826214831,-0.1172157278201024,0.01673643070096842,0.008442439150972425,-0.022798545611400378,-0.013166391546689749,0.920883487987903,0.9480208262149862,-0.16414693181804188,010130
5,Poongsan,금속,2023,Q2,-0.0009676508195239908,-0.02288989630943572,0.19885940811485414,0.023874641909033878,-0.02203302805546148,-0.021365891204798704,0.0064714090651821765,-0.0015642017254424712,-0.058149434943136624,-0.03560778413084975,0.08893843735072267,103140
5,Korea_Steel,금속,2023,Q2,0.0014480083982878478,-0.03983145561426582,-0.9533636220431305,0.04317186930228262,-0.0006836345003136124,-0.04636771295751507,-0.011385166880085063,-0.024737053007261256,0.0,0.0,-0.11914841320871014,104700
