,name,sector,year,quarter,비유동자산변화율,자본총계변화율,영업이익변화율,Relative Return,전체 주식 수변화율,전체 주주 수변화율,보유 주식 수변화율,1인평균급여변화율,특정 증권 등 소유 증감 수변화율,특정 증권 등 소유 수변화율,Label,Code
4,Youngpoong,금속,2023,Q3,-0.01830425685282111,-0.028694771013733522,0.9805924226686863,-0.061193701785072,0.020347625935837055,0.0380958024161131,0.0050544597657717905,0.0014642027999405283,0.0,0.0,-0.06157669332044322,000670
4,SeAH_Besteel,금속,2023,Q3,0.002617713533760946,-0.00010091887717544878,1.1778905229787118,0.06660892959369617,-0.003670524847536605,-0.006395049709196243,0.0010807124224271325,0.0005598906733360609,0.0,0.0,0.0007599886851231766,001430
4,KIS_Wire,금속,2023,Q3,-0.0011528951925459108,-0.011247407142651822,-0.08118201551549631,-0.11070208552509432,-0.016369324693250586,-0.017573412569676705,-0.009716513266773807,-0.00931196335096618,0.0,-0.02414993939587151,0.13580018681335895,002240
4,Hyundai_Steel,금속,2023,Q3,0.004585645044899778,-0.007552314957656403,0.5559440375166109,-0.07307960713892717,0.021921733755283723,0.02559281211601039,0.02317561545544744,0.01883603210131002,-0.024384004953677207,-0.0053791059552632525,0.16722989609253058,004020
4,POSCO_Holdings,금속,2023,Q3,0.004985837363442491,-0.0013717269737008042,-1.715335973375307,-0.037909877732886524,-0.0011478707096763685,0.01152475734261127,-0.0027463584722777767,0.0030197658138034766,0.030959152016545977,0.5361650785793837,0.40636144143097247,005490
4,Korea_Zinc,금속,2023,Q3,0.005740122820317106,-0.04300461001871825,-0.012311691583355211,-0.16414693181804188,-0.046539722378047266,-0.04212139120024472,-0.0152450942360558,-0.024530020434942346,2.6392352452202825,-9.321627849512415,0.07883686240175562,010130
4,Poongsan,금속,2023,Q3,-0.003567600146367811,-0.014598075242657327,0.4277485001978102,0.08893843735072267,-0.004339766055303507,-0.010945790880128481,-0.007563814722597151,-0.02060547826736525,-1.8318769262232095,-0.39359911480849874,-0.18583615965393754,103140
4,Korea_Steel,금속,2023,Q3,0.010932375752274126,-0.0207523120835702,0.41049236724708127,-0.11914841320871014,-0.003956454531240494,0.00571990169746639,-0.03174452350941892,-0.010911333175571247,0.0,0.0,0.011034609897244387,104700
