,name,sector,year,quarter,영업이익변화율,비유동자산변화율,자본총계변화율,매출액변화율,유동부채변화율,Relative Return,전체 주식 수변화율,전체 주주 수변화율,1인평균급여변화율,특정 증권 등 소유 증감 수변화율,Label,Code
6,Youngpoong,금속,2023,Q1,1.02510507173977,-0.0481824005384337,-0.04185602828769941,0.07662054891727643,-0.20203337424219692,-0.07310465627809155,0.3532406221529638,0.48022287467129454,0.18380384150578244,0.0,-0.14699251351774661,000670
6,SeAH_Besteel,금속,2023,Q1,0.25631354435539333,-0.003675255868306193,-0.004637818107064762,0.30791722407055333,-0.31934541589978793,-0.023040792416657872,0.29833691724866995,0.3790918440097485,0.2763696081005411,0.0,0.3030230417084625,001430
6,KIS_Wire,금속,2023,Q1,0.05265472795534554,0.003909896931557522,-0.007128601560533632,0.14465949101103193,-0.11909864482060395,0.21902720381764337,0.40703943517094476,0.411062932425982,0.2455735485840529,0.0,-0.0534468899188071,002240
6,Hyundai_Steel,금속,2023,Q1,2.168605178157593,0.010290621912178444,-0.009279890113622624,-0.11908698135628315,0.0047168736127066735,0.06816315153767528,0.30131561307699173,0.3457811818758051,0.24606345181763,-0.018902061628678357,0.034533189627279165,004020
6,POSCO_Holdings,금속,2023,Q1,0.044835254463257534,-0.008991777432878267,-0.011127608628743069,-0.03144934514360265,-0.9171169302286504,0.26611941357055285,0.21645322806001077,-0.18991417137084965,0.14352958172647545,-0.0001324083656721875,0.22906611711837188,005490
6,Korea_Zinc,금속,2023,Q1,0.009004144815454973,-0.031775804079797965,0.027068677075784753,0.16149531820532315,0.06837723762768366,-0.06262851062886537,0.23129374993381713,0.01301611150448756,0.09694859160293545,-0.036315351364834214,-0.1172157278201024,010130
6,Poongsan,금속,2023,Q1,-0.2672098147962605,-0.011730507845840732,-0.02238496926266298,0.10285343692656768,0.051684314124909925,0.33718151704989757,0.1809138510063557,0.3255320147588493,0.07592744281929742,-0.037482483767060204,0.023874641909033878,103140
6,Korea_Steel,금속,2023,Q1,0.4321607571734215,0.03767626042131733,-0.003085115942178307,0.15044497215915242,0.04406990298638558,-0.01033166119311423,0.09311296142319836,0.2607661784634685,0.1989411597898023,0.0,0.04317186930228262,104700
