,name,sector,year,quarter,영업이익변화율,비유동자산변화율,자본총계변화율,매출액변화율,유동부채변화율,Relative Return,전체 주식 수변화율,전체 주주 수변화율,1인평균급여변화율,특정 증권 등 소유 증감 수변화율,Label,Code
0,Youngpoong,금속,2024,Q3,3.065859032416413,0.01909849364266314,-0.018986109022914643,0.03447722683178023,-1.2171853871855771,-0.30614620216875343,-0.3343966041920119,-0.324471556035812,-0.10817731939944508,0.0,-0.30614620216875343,000670
0,SeAH_Besteel,금속,2024,Q3,247.5332411314627,-0.010794944768331538,-0.042393791827423755,-16.74023170037393,0.41095737309957325,-0.10874426431749293,0.0034354249197202646,-0.00637983734649783,-0.03625814511039316,0.0,-0.10874426431749293,001430
0,KIS_Wire,금속,2024,Q3,0.38120807720101024,0.0019940546492694944,-0.003241665460390175,0.09453618228589877,0.11952345436792866,0.03260051250554883,-0.014528271385318092,-0.016858577817723708,-0.0005082774704776583,0.0,0.03260051250554883,002240
0,Hyundai_Steel,금속,2024,Q3,0.2985157736594112,0.014133072580781558,0.009674820183508848,0.08013288385384587,0.0006895959942248009,-0.1118561207290078,0.023365333658807552,0.025361994965637957,0.02165245840369634,-3.1428051071139524,-0.1118561207290078,004020
0,POSCO_Holdings,금속,2024,Q3,-4.5311866804532315,-0.002401960102372813,-0.001737250802340773,-1.5163762369579037,0.9333716772835724,-0.15665097094530464,0.011641392396984362,-0.01676933076941811,0.0020901011902546562,-3.4659038638454467,-0.15665097094530464,005490
0,Korea_Zinc,금속,2024,Q3,0.3037081701169504,-0.01762680891471935,0.02061997163718754,-0.020901273606985127,-0.35107570981065295,0.10761360406659545,-0.05802269036333452,-0.04114570416091934,0.0029802367751434744,-0.3982451387013606,0.10761360406659545,010130
0,Poongsan,금속,2024,Q3,0.4985957822667426,-0.00802592140788394,-0.01863912490318187,0.15130254478481842,0.0929266500823005,0.22190700941102667,0.006300388224358966,0.021956473264288845,0.007891942877474634,5.015849897327972,0.22190700941102667,103140
0,Korea_Steel,금속,2024,Q3,-2.858824669721818,-0.013108986107016829,0.006109752857846318,0.13879288445935356,0.11950347099036418,-0.02000510136704559,0.02225140104604406,0.01984594873737866,0.016929330320291536,0.0,-0.02000510136704559,104700
