,name,sector,year,quarter,영업이익변화율,비유동자산변화율,자본총계변화율,매출액변화율,유동부채변화율,Relative Return,전체 주식 수변화율,전체 주주 수변화율,1인평균급여변화율,특정 증권 등 소유 증감 수변화율,Label,Code
1,Youngpoong,금속,2024,Q2,1.942403995099279,2.1639199955125754e-05,-0.003647045115084957,0.08148975058864272,0.022063739694161977,-0.12738229748597135,-0.003360472618567867,-0.0022355546380656843,-0.0015040765329124017,0.0,-0.30614620216875343,000670
1,SeAH_Besteel,금속,2024,Q2,1.0033261765019588,-0.00178240605387181,-0.0013337749132982246,0.9544491535315431,0.1917047349650558,-0.12044967469354542,-0.029207306163056668,-0.017864926179215646,-0.014681654729774118,0.0,-0.10874426431749293,001430
1,KIS_Wire,금속,2024,Q2,0.2667772827977538,-0.0017306504848493276,-0.009061245664254924,-0.06419856003169744,0.09243887344834767,-0.03907597208168853,-0.018968953740973626,-0.021241272195156258,-0.007185660370479852,0.0,0.03260051250554883,002240
1,Hyundai_Steel,금속,2024,Q2,0.4862269436286967,0.007970404747528526,0.0009347163496431499,-0.006704705385921272,0.10152228790224549,-0.17382054028115979,0.015153744503678013,0.01587066364960521,0.011184010621488438,-2.433455729454674,-0.1118561207290078,004020
1,POSCO_Holdings,금속,2024,Q2,0.9311089029985242,-0.007433556803092767,0.0009966253066423514,0.8221275836899025,0.11696104984193356,-0.1985366670662521,-0.00029225440107949474,-0.015348830822863313,-0.00520144831856717,-0.42312413059487763,-0.15665097094530464,005490
1,Korea_Zinc,금속,2024,Q2,-0.3499018046435429,-0.06493016723607314,-0.00910280192824775,-0.09598574181937569,-0.459587875734049,-0.13885203059049553,-0.07224523745173772,-0.05531352869807349,-0.021359530655062242,0.21166993866321293,0.10761360406659545,010130
1,Poongsan,금속,2024,Q2,-3.001167304231334,-0.022452660972580585,-0.062562236176259,-0.36717145552564734,-0.071418458414934,0.2372033865309444,-0.09387609556360621,-0.10466879287609832,-0.05793716783219227,2.839407160194175,0.22190700941102667,103140
1,Korea_Steel,금속,2024,Q2,0.42379365577232975,0.0023172411935301618,0.049128687313360286,-0.11749134234039049,0.36152423734538974,0.387294244792057,0.08451918552838644,0.056092764703466136,0.07153575857099059,0.0,-0.02000510136704559,104700
