,name,sector,year,quarter,매출액변화율,비유동자산변화율,영업이익변화율,Code
31,Korea_Shell_Petroleum,Energy_&_Utilities,2016,Q4,0.024364612942405772,-0.016827640739794703,-0.2237719825960789,002960
31,S-Oil,Energy_&_Utilities,2016,Q4,-0.10131152849740932,-0.09431287741791872,-2.1670912220309813,010950
31,Korea_Electric_Power_Corporation_(KEPCO),Energy_&_Utilities,2016,Q4,0.04970592166864041,-0.004745829788893374,1.0221304486067753,015760
31,Korea_Electric_Terminal,Energy_&_Utilities,2016,Q4,-0.194083505009764,-0.02225310364610933,-0.12064591394033441,025540
31,Korea_Gas_Corporation,Energy_&_Utilities,2016,Q4,-0.7849976956877964,0.011484497835075658,2.0798515689817316,036460
31,KEPCO_KPS,Energy_&_Utilities,2016,Q4,-0.3399369733458115,-0.05077247284535913,0.9978935688223789,051600
31,SK_Innovation,Energy_&_Utilities,2016,Q4,0.059563755201620494,0.011564447792276833,-4.942226314511493,096770
