,name,sector,year,quarter,매출액변화율,비유동자산변화율,영업이익변화율,Code
12,Korea_Shell_Petroleum,Energy_&_Utilities,2021,Q3,0.026707480727105826,0.03612803206674853,-0.0382105306629168,002960
12,S-Oil,Energy_&_Utilities,2021,Q3,-0.061080335556605636,0.01491737356299927,0.03793603300888848,010950
12,Korea_Electric_Power_Corporation_(KEPCO),Energy_&_Utilities,2021,Q3,-0.19977151341320187,0.0004507824965080953,-0.1994245665377603,015760
12,Korea_Electric_Terminal,Energy_&_Utilities,2021,Q3,0.0030159260576773095,-0.02573338260192415,-0.041942979534827396,025540
12,Korea_Gas_Corporation,Energy_&_Utilities,2021,Q3,-0.10029648829236137,-0.009081386801230495,5.051518543863701,036460
12,KEPCO_KPS,Energy_&_Utilities,2021,Q3,0.15821425891645347,-0.01693909353036993,0.18322667498139977,051600
12,SK_Innovation,Energy_&_Utilities,2021,Q3,-0.0044802323232135954,-0.02772254035159505,3.450117160076541,096770
