{"_step":0,"CAGR":0.052652613763153555,"SHARPE RATIO":0.18388250227756175,"MDD":0.12450980670275127,"_wandb":{"runtime":6338},"_timestamp":1.7518341030400796e+09,"_runtime":6338.979328931}