,Feature,Importance
1,M_국제유가 변화율,0.22382808058292072
5,F_영업이익 변화율,0.18248525104694027
4,F_자산총계 변화율,0.16671235822357142
0,F_유동부채 변화율,0.16325085591744112
2,F_매출액 변화율,0.156535519644942
3,M_GDP 변화율,0.10718793458418453
