,Feature,Importance
0,M_국제유가 변화율,0.11179121976170836
1,F_비유동자산 변화율,0.07308117406076013
2,F_비유동부채 변화율,0.06762016844160988
3,F_이익잉여금 변화율,0.06638724253930546
4,M_소비자물가지수 변화율,0.0657400207930621
5,F_자본총계 변화율,0.06349838019890496
