,Feature,Importance
0,M_국제유가 변화율,0.30915526520578596
1,F_이익잉여금 변화율,0.23448353067879657
2,F_당기순이익(손실) 변화율,0.2306958044678535
3,F_비유동자산 변화율,0.225665399647564
