,Feature,Importance
4,F_이익잉여금 변화율,0.1944166612245366
1,M_국제유가 변화율,0.19290027246037247
5,F_부채총계 변화율,0.1661602494915695
2,F_매출액 변화율,0.16290964081625725
3,M_소비자물가지수 변화율,0.14661986166010035
0,F_유동부채 변화율,0.13699331434716383
