,name,year,quarter,sector,Relative Return,매출액 변화율,국제유가 변화율,이익잉여금 변화율,유동자산 변화율,영업이익 변화율,자산총계 변화율,Label,Code
30,SK텔레콤,2017,Q2,커뮤니케이션서비스,0.1017951925832758,0.007018882393401871,-0.07470193740685538,0.02242256388268582,-0.05072632255985299,0.05223534124115825,-0.01285058584558374,-0.14516512165094828,017670
30,제일기획,2017,Q2,커뮤니케이션서비스,0.0015425676114256687,0.3749717652915874,-0.07470193740685538,0.045443534504876704,0.06774097588216099,1.212199265310217,0.0500219571156264,-0.08097144900981183,030000
30,KT,2017,Q2,커뮤니케이션서비스,0.04190906929163888,0.031519063934456915,-0.07470193740685538,0.019260536276364038,-0.12171140455115892,-0.05485963696566254,-0.033615908474475154,-0.2128665420724176,030200
30,LG유플러스,2017,Q2,커뮤니케이션서비스,0.06153809450597221,0.0442161401558252,-0.07470193740685538,0.09644169953535386,-0.014869792882610922,0.009376408859387508,-0.011381541708100462,-0.2689573504888074,032640
30,SBS,2017,Q2,커뮤니케이션서비스,0.06802977616064847,0.21795410510416957,-0.07470193740685538,0.018901427697254558,0.4650469717956658,-2.200136259095794,0.11064013167261844,-0.1968680539354869,034120
30,NAVER,2017,Q2,커뮤니케이션서비스,-0.08199997537878563,0.04503302547758037,-0.07470193740685538,0.051549202950825324,-0.01658012719437829,0.06263811427593136,0.16309527016843117,-0.08133249393336664,035420
30,엔씨소프트,2017,Q2,커뮤니케이션서비스,0.04491513576804633,0.08490609171137242,-0.07470193740685538,0.029861175510268234,0.0042484844217620665,0.2111580130675379,0.17636033349174252,-0.017220693032416495,036570
