,Feature,Importance
0,F_매출액 변화율,0.204912237436636
1,M_국제유가 변화율,0.180873883456991
2,F_이익잉여금 변화율,0.16725612514853946
3,F_유동자산 변화율,0.1654112873154328
4,F_영업이익 변화율,0.1436853054733023
5,F_자산총계 변화율,0.13786116116909847
