,Feature,Average_Importance
0,F_법인세차감전 순이익 변화율,0.26821635269794897
3,F_이익잉여금 변화율,0.18736095214023862
1,F_유동부채 변화율,0.18344642221320545
2,F_유동자산 변화율,0.18157388399810484
4,M_국제유가 변화율,0.17940238895050215
