,Feature,Importance
0,F_매출액 변화율,0.10305071501190134
1,F_이익잉여금 변화율,0.10068025439363279
2,F_부채총계 변화율,0.09509482152712949
3,F_유동부채 변화율,0.07308465107317261
4,F_유동자산 변화율,0.06718979052207724
5,F_비유동자산 변화율,0.061978188176422616
