,Feature,Importance
0,F_비유동자산 변화율,0.21687988272459402
1,F_자산총계 변화율,0.19341991072333303
2,F_자본총계 변화율,0.1553435526885355
3,M_금리 변화율,0.1524747705147978
4,F_비유동부채 변화율,0.14226520656811348
5,F_매출액 변화율,0.1396166767806263
