,Feature,Average_Importance
0,F_비유동자산 변화율,0.11955020568236532
1,F_자산총계 변화율,0.11934839633631548
2,F_매출액 변화율,0.07560612515375219
3,F_유동자산 변화율,0.06476726259503629
4,F_유동부채 변화율,0.06190793224648335
