,Feature,Importance
0,F_법인세차감전 순이익 변화율,0.28373033770157374
1,F_비유동부채 변화율,0.25798063021421114
2,M_국제유가 변화율,0.2310187994790442
3,F_유동부채 변화율,0.22727023260517087
