,name,year,quarter,sector,Relative Return,영업이익 변화율,실업률 변화율,매출액 변화율,국제유가 변화율,자본총계 변화율,이익잉여금 변화율,전체 주식 수 변화율,전체 주주 수 변화율,비유동자산 변화율,Label,Code
7,S-1_Corporation,2022,Q4,일반서비스,-0.020606773376921045,0.3758075815396327,-0.023809523809523725,-0.006132107917804719,0.12070563315019511,-0.02721943125282178,-0.027616905218257326,-0.0,-0.013147473467448156,-0.027249770516810434,0.0072363885934942015,012750
7,Daekyo,2022,Q4,일반서비스,-0.06973899346999522,-1.101789200894694,-0.023809523809523725,-0.0014033733744849286,0.12070563315019511,0.19705367733326395,0.2058114318195764,-0.0,0.06309879063923352,0.13564794422001603,0.08876501380208085,019680
7,Coway,2022,Q4,일반서비스,-0.08086752956988062,0.16714994640111935,-0.023809523809523725,0.05422654568855745,0.12070563315019511,-0.016783532445676208,-0.018127811238182856,-0.0,-0.18761847519533958,-0.0034083713441037666,0.01632848759776889,021240
7,Samsung_Engineering,2022,Q4,일반서비스,0.12037002759987993,-0.4630396389934086,-0.023809523809523725,-0.15899691660308624,0.12070563315019511,0.02640080926199484,-0.06219791528036356,-0.0,0.278486947755858,-0.06333465474445443,-0.04532751091703065,028050
8,Cheil_Worldwide,2022,Q4,일반서비스,0.03053270954679424,0.36290426556176814,-0.023809523809523725,0.058870403120793724,0.12070563315019511,0.017235586433532735,0.015176625670299648,-0.0,0.27216614158040253,-0.0011243776547245066,0.000716812709062261,030000
7,KEPCO_E&C,2022,Q4,일반서비스,-0.12220221497236265,12.631681855914112,-0.023809523809523725,-0.7986728481496872,0.12070563315019511,-0.031359335451925485,-0.031212421217380548,-0.0,-0.25400791172184056,-0.02057230774187091,-0.04713861332381898,052690
