{"_runtime":6563.965944732,"_step":0,"_wandb":{"runtime":6563},"CAGR":0.09809293259141663,"SHARPE RATIO":0.3143819907582169,"MDD":0.13265089037159922,"_timestamp":1.7518196329500477e+09}