Feature,Importance
F_자본금 변화율,0.2276746666182443
P_보유 주식 수 변화율,0.1926862991523825
M_금리 변화율,0.1902017063184339
P_1인평균급여 변화율,0.1463300142687468
P_증자주식수 변화율,0.14164683239469938
P_자기주식수 변화율,0.10146048124749318
