,name,year,quarter,sector,Relative Return,매출액 변화율,이익잉여금 변화율,자본총계 변화율,금리 변화율,소비자물가지수 변화율,실업률 변화율,Label,Code
35,SK텔레콤,2016,Q1,커뮤니케이션서비스,0.032929691692332404,-0.7532638224528367,-0.019388903598981155,-0.016301509638258715,-0.1254024221983725,-0.03306613361493349,0.05660377358490565,0.003591069211464598,017670
35,제일기획,2016,Q1,커뮤니케이션서비스,-0.0030696829258132045,-0.751569782640028,-0.036704231450991553,-0.04490884000103679,-0.1254024221983725,-0.03306613361493349,0.05660377358490565,-0.01956933386482041,030000
35,KT,2016,Q1,커뮤니케이션서비스,0.08138760673378859,-0.7520500837044102,-0.04218590497654817,0.015366109024344876,-0.1254024221983725,-0.03306613361493349,0.05660377358490565,-0.033891037448811286,030200
35,LG유플러스,2016,Q1,커뮤니케이션서비스,0.05310477845096031,-0.7483410339117649,0.0035141188757445985,0.0008949076471835848,-0.1254024221983725,-0.03306613361493349,0.05660377358490565,-0.018441639005782266,032640
35,SBS,2016,Q1,커뮤니케이션서비스,0.0022630276092094684,-0.7920545904300521,-0.05714151428463987,-0.043808277615376756,-0.1254024221983725,-0.03306613361493349,0.05660377358490565,-0.16733052789467118,034120
35,NAVER,2016,Q1,커뮤니케이션서비스,0.06899187330745093,-0.7264888599358551,0.04153727684752839,0.040063040155844165,-0.1254024221983725,-0.03306613361493349,0.05660377358490565,0.09810711953182953,035420
35,엔씨소프트,2016,Q1,커뮤니케이션서비스,0.00731353265971452,-0.7253419084353087,-0.001459157807492062,-0.08109973326062181,-0.1254024221983725,-0.03306613361493349,0.05660377358490565,-0.0019713489434424747,036570
