,name,year,quarter,sector,Relative Return,이익잉여금 변화율,실업률 변화율,환율 변화율,1인평균급여 변화율,보유 주식 수 변화율,기말 소유주식 지분율 변화율,Label,Code
35,SK텔레콤,2016,Q1,커뮤니케이션서비스,-0.0009907098645400483,-0.019388903598981155,0.05660377358490565,0.038799175276764686,0.0,0.0,0.0,0.01602373632527381,017670
35,제일기획,2016,Q1,커뮤니케이션서비스,0.0005268437198201175,-0.036704231450991553,0.05660377358490565,0.038799175276764686,0.0,0.0,0.0,-0.01956933386482041,030000
35,KT,2016,Q1,커뮤니케이션서비스,0.040236195827319056,-0.04218590497654817,0.05660377358490565,0.038799175276764686,0.0,0.0,0.0,-0.033891037448811286,030200
35,LG유플러스,2016,Q1,커뮤니케이션서비스,0.05310477845096031,0.0035141188757445985,0.05660377358490565,0.038799175276764686,0.0,0.0,0.0,-0.018441639005782266,032640
35,SBS,2016,Q1,커뮤니케이션서비스,0.0022630276092094684,-0.05714151428463987,0.05660377358490565,0.038799175276764686,0.0,0.0,0.0,-0.2633505213144855,034120
35,NAVER,2016,Q1,커뮤니케이션서비스,0.07534174850360359,0.04153727684752839,0.05660377358490565,0.038799175276764686,0.0,0.0,0.0,0.09210514534970043,035420
35,엔씨소프트,2016,Q1,커뮤니케이션서비스,0.00731353265971452,-0.001459157807492062,0.05660377358490565,0.038799175276764686,-0.024368696463095252,0.0,0.0,-0.0019713489434424747,036570
