,name,year,quarter,sector,Relative Return,이익잉여금 변화율,실업률 변화율,환율 변화율,1인평균급여 변화율,보유 주식 수 변화율,기말 소유주식 지분율 변화율,Label,Code
33,SK텔레콤,2016,Q3,커뮤니케이션서비스,-0.01600971733972347,0.018909219990580706,0.08411214953271018,-0.036025820210948356,0.0,0.0,0.0,-0.04368516929956699,017670
33,제일기획,2016,Q3,커뮤니케이션서비스,-0.06592390631357364,0.020290752147207103,0.08411214953271018,-0.036025820210948356,0.0,0.0,0.0,0.06370995993432076,030000
33,KT,2016,Q3,커뮤니케이션서비스,-0.012806725329420184,-0.026476479642978723,0.08411214953271018,-0.036025820210948356,0.0,0.0,0.0,-0.12420198689572853,030200
33,LG유플러스,2016,Q3,커뮤니케이션서비스,-0.01851175963672108,0.11255236532312951,0.08411214953271018,-0.036025820210948356,0.0,0.0,0.0,0.19021465954406075,032640
33,SBS,2016,Q3,커뮤니케이션서비스,0.05628026611552788,-0.022491625809599514,0.08411214953271018,-0.036025820210948356,0.0,0.0,0.0,-0.10342613834156378,034120
33,NAVER,2016,Q3,커뮤니케이션서비스,-0.002920476443321097,0.05324874531405821,0.08411214953271018,-0.036025820210948356,0.0,0.0,0.0,-0.25957790153297294,035420
33,엔씨소프트,2016,Q3,커뮤니케이션서비스,0.02484209754913413,0.03341148925253368,0.08411214953271018,-0.036025820210948356,-0.05056905308810755,0.0,0.0,0.06016764626972447,036570
