,name,year,quarter,sector,Relative Return,매출액 변화율,국제유가 변화율,유동자산 변화율,비유동자산 변화율,이익잉여금 변화율,Label,Code
35,SK텔레콤,2016,Q1,커뮤니케이션서비스,0.032929691692332404,-0.7532638224528367,-0.22660852268380383,0.15879727100760666,-0.022408740273466843,-0.019388903598981155,0.003591069211464598,017670
35,제일기획,2016,Q1,커뮤니케이션서비스,-0.0030696829258132045,-0.751569782640028,-0.22660852268380383,-0.15924175928551088,-0.04742025935222427,-0.036704231450991553,-0.01956933386482041,030000
35,KT,2016,Q1,커뮤니케이션서비스,0.08138760673378859,-0.7520500837044102,-0.22660852268380383,0.10342813764309078,-0.036770276083290865,-0.04218590497654817,-0.033891037448811286,030200
35,LG유플러스,2016,Q1,커뮤니케이션서비스,0.05310477845096031,-0.7483410339117649,-0.22660852268380383,0.12374471780392549,-0.02830987433118526,0.0035141188757445985,-0.018441639005782266,032640
35,SBS,2016,Q1,커뮤니케이션서비스,0.0022630276092094684,-0.7920545904300521,-0.22660852268380383,-0.10104057398504074,0.03387554814675742,-0.05714151428463987,-0.16733052789467118,034120
35,NAVER,2016,Q1,커뮤니케이션서비스,0.06899187330745093,-0.7264888599358551,-0.22660852268380383,0.05163705793435369,0.02222466394847289,0.04153727684752839,0.09810711953182953,035420
35,엔씨소프트,2016,Q1,커뮤니케이션서비스,0.00731353265971452,-0.7253419084353087,-0.22660852268380383,-0.04670150241234561,0.06410064805983007,-0.001459157807492062,-0.0019713489434424747,036570
