,name,year,quarter,sector,Relative Return,이익잉여금 변화율,매출액 변화율,법인세차감전 순이익 변화율,자본총계 변화율,영업이익 변화율,Label,Code
35,SK텔레콤,2016,Q1,커뮤니케이션서비스,0.032929691692332404,-0.019388903598981155,-0.7532638224528367,0.6943036560217184,-0.016301509638258715,0.5331823426161442,0.003591069211464598,017670
35,제일기획,2016,Q1,커뮤니케이션서비스,-0.0030696829258132045,-0.036704231450991553,-0.751569782640028,-0.9037341256425278,-0.04490884000103679,-0.8335603280296989,-0.01956933386482041,030000
35,KT,2016,Q1,커뮤니케이션서비스,0.08138760673378859,-0.04218590497654817,-0.7520500837044102,-0.6422813631014883,0.015366109024344876,-0.6675074664876253,-0.033891037448811286,030200
35,LG유플러스,2016,Q1,커뮤니케이션서비스,0.05310477845096031,0.0035141188757445985,-0.7483410339117649,-0.694270597567205,0.0008949076471835848,-0.7309880989955626,-0.018441639005782266,032640
35,SBS,2016,Q1,커뮤니케이션서비스,0.0022630276092094684,-0.05714151428463987,-0.7920545904300521,-1.353067986523485,-0.043808277615376756,-1.514977177079937,-0.16733052789467118,034120
35,NAVER,2016,Q1,커뮤니케이션서비스,0.06899187330745093,0.04153727684752839,-0.7264888599358551,-0.7392329541098934,0.040063040155844165,-0.7390497183891704,0.09810711953182953,035420
35,엔씨소프트,2016,Q1,커뮤니케이션서비스,0.00731353265971452,-0.001459157807492062,-0.7253419084353087,-0.7045014059297523,-0.08109973326062181,-0.7828440938014674,-0.0019713489434424747,036570
