,name,year,quarter,sector,Relative Return,이익잉여금 변화율,실업률 변화율,환율 변화율,1인평균급여 변화율,보유 주식 수 변화율,기말 소유주식 지분율 변화율,Label,Code
30,SK텔레콤,2017,Q2,커뮤니케이션서비스,0.1017951925832758,0.02242256388268582,-0.00900900900900925,-0.018329085656645816,0.0,0.0,0.0,-0.14516512165094828,017670
30,제일기획,2017,Q2,커뮤니케이션서비스,0.0015425676114256687,0.045443534504876704,-0.00900900900900925,-0.018329085656645816,0.0,0.0,0.0,-0.08097144900981183,030000
30,KT,2017,Q2,커뮤니케이션서비스,0.04190906929163888,0.019260536276364038,-0.00900900900900925,-0.018329085656645816,0.0,0.0,0.0,-0.2128665420724176,030200
30,LG유플러스,2017,Q2,커뮤니케이션서비스,0.06153809450597221,0.09644169953535386,-0.00900900900900925,-0.018329085656645816,0.0,0.0,0.0,-0.2689573504888074,032640
30,SBS,2017,Q2,커뮤니케이션서비스,0.06802977616064847,0.018901427697254558,-0.00900900900900925,-0.018329085656645816,0.0,0.0,0.0,-0.1968680539354869,034120
30,NAVER,2017,Q2,커뮤니케이션서비스,0.009215115512419114,0.051549202950825324,-0.00900900900900925,-0.018329085656645816,0.0,0.0,0.0,0.0430498847870502,035420
30,엔씨소프트,2017,Q2,커뮤니케이션서비스,0.04491513576804633,0.029861175510268234,-0.00900900900900925,-0.018329085656645816,0.0407791046734578,0.0,0.0,-0.017220693032416495,036570
