,name,year,quarter,sector,Relative Return,Relative Return,매출액 변화율,유동자산 변화율,자산총계 변화율,비유동자산 변화율,비유동부채 변화율,Label,Code
30,SK텔레콤,2017,Q2,커뮤니케이션서비스,0.1017951925832758,0.1017951925832758,0.007018882393401871,-0.05072632255985299,-0.01285058584558374,-0.006305445592696524,-0.06538800873722472,-0.14516512165094828,017670
30,제일기획,2017,Q2,커뮤니케이션서비스,0.0015425676114256687,0.0015425676114256687,0.3749717652915874,0.06774097588216099,0.0500219571156264,0.02016083781438005,0.0016044264337238268,-0.08097144900981183,030000
30,KT,2017,Q2,커뮤니케이션서비스,0.04190906929163888,0.04190906929163888,0.031519063934456915,-0.12171140455115892,-0.033615908474475154,-0.012931828436598902,-0.009335665462822273,-0.2128665420724176,030200
30,LG유플러스,2017,Q2,커뮤니케이션서비스,0.06153809450597221,0.06153809450597221,0.0442161401558252,-0.014869792882610922,-0.011381541708100462,-0.010244452672388937,-0.0026915355946420805,-0.2689573504888074,032640
30,SBS,2017,Q2,커뮤니케이션서비스,0.06802977616064847,0.06802977616064847,0.21795410510416957,0.4650469717956658,0.11064013167261844,-0.16123847307194572,0.0365363989704115,-0.1968680539354869,034120
30,NAVER,2017,Q2,커뮤니케이션서비스,-0.08199997537878563,-0.08199997537878563,0.04503302547758037,-0.01658012719437829,0.16309527016843117,0.3862117241147147,-0.021467036266891615,-0.08133249393336664,035420
30,엔씨소프트,2017,Q2,커뮤니케이션서비스,0.04491513576804633,0.04491513576804633,0.08490609171137242,0.0042484844217620665,0.17636033349174252,0.30593702687207935,0.5857933831479336,-0.017220693032416495,036570
