,name,year,quarter,sector,Relative Return,매출액 변화율,유동자산 변화율,국제유가 변화율,법인세차감전 순이익 변화율,Label,Code
30,SK텔레콤,2017,Q2,커뮤니케이션서비스,0.1017951925832758,0.007018882393401871,-0.05072632255985299,-0.07470193740685538,-0.23753096707125543,-0.14516512165094828,017670
30,제일기획,2017,Q2,커뮤니케이션서비스,0.0015425676114256687,0.3749717652915874,0.06774097588216099,-0.07470193740685538,3.647998773097343,-0.08097144900981183,030000
30,KT,2017,Q2,커뮤니케이션서비스,0.04190906929163888,0.031519063934456915,-0.12171140455115892,-0.07470193740685538,-0.5151868702375304,-0.2128665420724176,030200
30,LG유플러스,2017,Q2,커뮤니케이션서비스,0.06153809450597221,0.0442161401558252,-0.014869792882610922,-0.07470193740685538,0.00800646393418547,-0.2689573504888074,032640
30,SBS,2017,Q2,커뮤니케이션서비스,0.06802977616064847,0.21795410510416957,0.4650469717956658,-0.07470193740685538,-2.5607532092941794,-0.1968680539354869,034120
30,NAVER,2017,Q2,커뮤니케이션서비스,-0.08199997537878563,0.04503302547758037,-0.01658012719437829,-0.07470193740685538,0.026349616260009645,-0.08133249393336664,035420
30,엔씨소프트,2017,Q2,커뮤니케이션서비스,0.04491513576804633,0.08490609171137242,0.0042484844217620665,-0.07470193740685538,1.2734566266388407,-0.017220693032416495,036570
