,name,year,quarter,sector,Relative Return,매출액 변화율,영업이익 변화율,자본총계 변화율,실업률 변화율,Label,Code
28,SK텔레콤,2017,Q4,커뮤니케이션서비스,-0.019053309746288723,-0.0135030932642618,-0.10790862413235713,0.01231973225323002,-0.0267857142857143,-0.06036099655273837,017670
28,제일기획,2017,Q4,커뮤니케이션서비스,-0.03791708898999439,0.11581637379242937,0.22682460129969795,0.03357778067484363,-0.0267857142857143,0.07672048559557727,030000
28,KT,2017,Q4,커뮤니케이션서비스,0.00493876419356485,0.06105534712021421,-0.7776034010823635,-0.01670451978982601,-0.0267857142857143,-0.015919384177789965,030200
28,LG유플러스,2017,Q4,커뮤니케이션서비스,0.0437630148841488,0.08811562622359159,-0.03806853352303696,0.0312683411800343,-0.0267857142857143,0.02172645455697799,032640
28,SBS,2017,Q4,커뮤니케이션서비스,0.09360478545121158,0.3850467557566293,-5.160036793511576,0.02876505594531209,-0.0267857142857143,0.01635574230050323,034120
28,NAVER,2017,Q4,커뮤니케이션서비스,0.023345685819727034,0.0662093669818633,0.05735445288571994,0.05905787436210197,-0.0267857142857143,-0.09113799412642466,035420
28,엔씨소프트,2017,Q4,커뮤니케이션서비스,0.03490457706709513,-0.3104636016761684,-0.465823012235671,-0.15671930016408897,-0.0267857142857143,-0.19370084818128563,036570
