,name,year,quarter,sector,Relative Return,매출액 변화율,이익잉여금 변화율,자본총계 변화율,금리 변화율,소비자물가지수 변화율,실업률 변화율,Label,Code
30,SK텔레콤,2017,Q2,커뮤니케이션서비스,0.1017951925832758,0.007018882393401871,0.02242256388268582,0.026762935124215348,0.01678214010777368,-0.1259798444991046,-0.00900900900900925,-0.14516512165094828,017670
30,제일기획,2017,Q2,커뮤니케이션서비스,0.0015425676114256687,0.3749717652915874,0.045443534504876704,0.05647350785534577,0.01678214010777368,-0.1259798444991046,-0.00900900900900925,-0.08097144900981183,030000
30,KT,2017,Q2,커뮤니케이션서비스,0.04190906929163888,0.031519063934456915,0.01926053627636426,0.014543862831586596,0.01678214010777368,-0.1259798444991046,-0.00900900900900925,-0.2128665420724176,030200
30,LG유플러스,2017,Q2,커뮤니케이션서비스,0.06153809450597221,0.0442161401558252,0.09644169953535386,0.02863303639401149,0.01678214010777368,-0.1259798444991046,-0.00900900900900925,-0.2689573504888074,032640
30,SBS,2017,Q2,커뮤니케이션서비스,0.06802977616064847,0.21795410510416957,0.018901427697254558,0.01547511911962074,0.01678214010777368,-0.1259798444991046,-0.00900900900900925,-0.1968680539354869,034120
30,NAVER,2017,Q2,커뮤니케이션서비스,-0.08199997537878563,0.04503302547758037,0.051549202950825324,0.22705024071069912,0.01678214010777368,-0.1259798444991046,-0.00900900900900925,-0.08133249393336664,035420
30,엔씨소프트,2017,Q2,커뮤니케이션서비스,0.04491513576804633,0.08490609171137242,0.029861175510268234,0.20802748242240798,0.01678214010777368,-0.1259798444991046,-0.00900900900900925,-0.017220693032416495,036570
