,name,year,quarter,sector,Relative Return,이익잉여금 변화율,실업률 변화율,환율 변화율,1인평균급여 변화율,보유 주식 수 변화율,기말 소유주식 지분율 변화율,Label,Code
31,SK텔레콤,2017,Q1,커뮤니케이션서비스,-0.04213703306637481,-0.01827381256794125,0.0277777777777779,-0.005897475606975844,0.0,0.0,0.0,0.1017951925832758,017670
31,제일기획,2017,Q1,커뮤니케이션서비스,-0.05491420964243015,-0.0315944992528826,0.0277777777777779,-0.005897475606975844,0.0,0.0,0.0,0.0015425676114256687,030000
31,KT,2017,Q1,커뮤니케이션서비스,-0.06887642057133575,0.01810243519629462,0.0277777777777779,-0.005897475606975844,0.0,0.0,0.0,0.04190906929163888,030200
31,LG유플러스,2017,Q1,커뮤니케이션서비스,-0.1284575581857787,-0.010191259011718357,0.0277777777777779,-0.005897475606975844,0.0,0.0,0.0,0.06153809450597221,032640
31,SBS,2017,Q1,커뮤니케이션서비스,-0.02733052572071806,-0.014374968064174931,0.0277777777777779,-0.005897475606975844,0.0,0.0,0.0,0.06802977616064847,034120
31,NAVER,2017,Q1,커뮤니케이션서비스,0.009215115512419114,0.04596433310632575,0.0277777777777779,-0.005897475606975844,0.0,0.0,0.0,0.009215115512419114,035420
31,엔씨소프트,2017,Q1,커뮤니케이션서비스,0.14570839247964562,-0.03872666700952865,0.0277777777777779,-0.005897475606975844,0.05743371673218722,0.0,0.0,0.04491513576804633,036570
