,name,year,quarter,sector,Relative Return,매출액 변화율,실업률 변화율,이익잉여금 변화율,자본총계 변화율,법인세차감전 순이익 변화율,당기순이익 변화율,Label,Code
31,SK텔레콤,2017,Q1,커뮤니케이션서비스,-0.1265149732385295,0.00964902098942444,0.0277777777777779,-0.01827381256794125,-0.015321224996587612,-0.31677718055625326,-0.29535471317277884,0.1017951925832758,017670
31,제일기획,2017,Q1,커뮤니케이션서비스,-0.05491420964243015,-0.3260885088268225,0.0277777777777779,-0.0315944992528826,-0.0373565811428449,-0.15937261762292232,-0.14134548454038465,0.0015425676114256687,030000
31,KT,2017,Q1,커뮤니케이션서비스,-0.08243373061989505,-0.5174873273430936,0.0277777777777779,0.01810243519629462,0.0090829381049371,-0.19214308585241335,0.7470670931224792,0.04190906929163888,030200
31,LG유플러스,2017,Q1,커뮤니케이션서비스,-0.1284575581857787,-0.07598453887913292,0.0277777777777779,-0.010191259011718357,-0.0031274500743165845,0.11117250039240312,0.15629037501354515,0.06153809450597221,032640
31,SBS,2017,Q1,커뮤니케이션서비스,-0.02733052572071806,-0.6435530208706763,0.0277777777777779,-0.014374968064174931,-0.011099525293826185,-1.2237865730393782,-1.2545623012902096,0.06802977616064847,034120
31,NAVER,2017,Q1,커뮤니케이션서비스,-0.07260074365793275,0.0002964881385356666,0.0277777777777779,0.04596433310632575,0.06623233884350332,0.4262749642005441,0.9984284308248679,-0.08199997537878563,035420
31,엔씨소프트,2017,Q1,커뮤니케이션서비스,0.14570839247964562,-0.17211204159420446,0.0277777777777779,-0.03872666700952865,-0.03045965739497769,-0.7664749961246201,-0.7365765376482761,0.04491513576804633,036570
