,name,year,quarter,sector,Relative Return,매출액 변화율,이익잉여금 변화율,자본총계 변화율,금리 변화율,소비자물가지수 변화율,실업률 변화율,Label,Code
27,SK텔레콤,2018,Q1,커뮤니케이션서비스,-0.06036099655273837,-0.04026284613603526,0.10304683751091126,0.09382436960561624,0.08530869157626775,-0.2528409114579355,0.01834862385321112,0.25329261677180526,017670
27,제일기획,2018,Q1,커뮤니케이션서비스,0.07672048559557727,-0.1212545250925886,-0.08741173775061994,-0.10451152018512588,0.08530869157626775,-0.2528409114579355,0.01834862385321112,0.1291982357360479,030000
27,KT,2018,Q1,커뮤니케이션서비스,-0.015919384177789965,-0.06079084753897779,0.11085144575860939,0.0905705892930806,0.08530869157626775,-0.2528409114579355,0.01834862385321112,0.12804049882701565,030200
27,LG유플러스,2018,Q1,커뮤니케이션서비스,0.02172645455697799,-0.10516041837912393,0.6563830459695321,0.23383321143260494,0.08530869157626775,-0.2528409114579355,0.01834862385321112,0.33774745853397536,032640
27,SBS,2018,Q1,커뮤니케이션서비스,0.01635574230050323,-0.07264550626904775,-0.013367618090837086,-0.010498946716310131,0.08530869157626775,-0.2528409114579355,0.01834862385321112,-0.20013132934481254,034120
27,NAVER,2018,Q1,커뮤니케이션서비스,-0.09113799412642466,0.018551162686173184,0.047534682198802525,-0.0015687914974150674,0.08530869157626775,-0.2528409114579355,0.01834862385321112,0.1451806233370187,035420
27,엔씨소프트,2018,Q1,커뮤니케이션서비스,-0.19370084818128563,-0.08173005069450168,-0.013146816247557869,0.024272860290971865,0.08530869157626775,-0.2528409114579355,0.01834862385321112,0.15361572200702928,036570
