,name,year,quarter,sector,Relative Return,매출액 변화율,이익잉여금 변화율,자본총계 변화율,금리 변화율,소비자물가지수 변화율,실업률 변화율,Label,Code
25,SK텔레콤,2018,Q3,커뮤니케이션서비스,0.09907619067919897,-0.005528182239996515,0.00574980303912076,0.00630192075598246,-0.09246405552800974,0.0442397512820667,0.11607142857142883,-0.07653364974184323,017670
25,제일기획,2018,Q3,커뮤니케이션서비스,0.1817587279625133,-0.16516160011991254,0.03435573133410097,0.042363875153523356,-0.09246405552800974,0.0442397512820667,0.11607142857142883,0.05476177228069047,030000
25,KT,2018,Q3,커뮤니케이션서비스,0.11044707413812602,0.017543654842482992,0.01902775971371784,0.016623834175545582,-0.09246405552800974,0.0442397512820667,0.11607142857142883,-0.10303644801752983,030200
25,LG유플러스,2018,Q3,커뮤니케이션서비스,0.011272667533378855,0.003954509513635296,0.047672426133804846,0.023265278732523154,-0.09246405552800974,0.0442397512820667,0.11607142857142883,-0.012480616478091733,032640
25,SBS,2018,Q3,커뮤니케이션서비스,0.08764858807709541,-0.2691153052239228,-0.018723760127521194,-0.014606635017710867,-0.09246405552800974,0.0442397512820667,0.11607142857142883,0.3415740686822057,034120
25,NAVER,2018,Q3,커뮤니케이션서비스,-0.16782385035637076,-0.006556821466819018,0.03613233243189584,0.04748924375414432,-0.09246405552800974,0.0442397512820667,0.11607142857142883,0.04799770301662121,035420
25,엔씨소프트,2018,Q3,커뮤니케이션서비스,0.2947537311917189,-0.09496916947718059,0.02994324918180058,0.04853037117630499,-0.09246405552800974,0.0442397512820667,0.11607142857142883,0.07296498379785547,036570
