,name,year,quarter,sector,Relative Return,매출액 변화율,이익잉여금 변화율,자본총계 변화율,금리 변화율,소비자물가지수 변화율,실업률 변화율,Label,Code
24,SK텔레콤,2018,Q4,커뮤니케이션서비스,-0.07653364974184323,-0.02593612462793604,0.009221490368607643,0.01051178399762187,-0.10693799508331026,0.1528942253920036,-0.08800000000000008,0.06716970112969795,017670
24,제일기획,2018,Q4,커뮤니케이션서비스,0.05476177228069047,0.094962274908718,0.01619339899477268,0.021556650050054138,-0.10693799508331026,0.1528942253920036,-0.08800000000000008,0.08636396622511665,030000
24,KT,2018,Q4,커뮤니케이션서비스,-0.10303644801752983,0.013769311431174103,-0.004516917306822799,-0.0016992366118461222,-0.10693799508331026,0.1528942253920036,-0.08800000000000008,0.057241368280829444,030200
24,LG유플러스,2018,Q4,커뮤니케이션서비스,-0.012480616478091733,0.061317050757037306,0.02556601519147672,0.0116761013740172,-0.10693799508331026,0.1528942253920036,-0.08800000000000008,0.0321486698829376,032640
24,SBS,2018,Q4,커뮤니케이션서비스,0.3415740686822057,0.10928478826745325,0.02132900500027568,0.015692999572251898,-0.10693799508331026,0.1528942253920036,-0.08800000000000008,-0.07872488300278745,034120
24,NAVER,2018,Q4,커뮤니케이션서비스,0.04799770301662121,0.0895173778467937,0.04712676183751685,0.04447287142629941,-0.10693799508331026,0.1528942253920036,-0.08800000000000008,0.019214525803786825,035420
24,엔씨소프트,2018,Q4,커뮤니케이션서비스,0.07296498379785547,0.0385692078080031,0.043904487409448745,-0.008257415073743668,-0.10693799508331026,0.1528942253920036,-0.08800000000000008,0.0464659038656936,036570
