,name,year,quarter,sector,Relative Return,이익잉여금 변화율,실업률 변화율,환율 변화율,1인평균급여 변화율,보유 주식 수 변화율,기말 소유주식 지분율 변화율,Label,Code
25,SK텔레콤,2018,Q3,커뮤니케이션서비스,0.09907619067919897,0.00574980303912076,0.11607142857142883,0.03809438658420561,0.0,0.0,0.0,-0.12986953000609125,017670
25,제일기획,2018,Q3,커뮤니케이션서비스,0.1817587279625133,0.03435573133410097,0.11607142857142883,0.03809438658420561,0.0,0.0,0.0,0.05476177228069047,030000
25,KT,2018,Q3,커뮤니케이션서비스,0.11044707413812602,0.01902775971371784,0.11607142857142883,0.03809438658420561,0.0,0.0,0.0,-0.13602791023222818,030200
25,LG유플러스,2018,Q3,커뮤니케이션서비스,0.011272667533378855,0.047672426133804846,0.11607142857142883,0.03809438658420561,0.0,0.0,0.0,-0.012480616478091733,032640
25,SBS,2018,Q3,커뮤니케이션서비스,0.08764858807709541,-0.018723760127521194,0.11607142857142883,0.03809438658420561,0.0,0.0,0.0,0.3415740686822057,034120
25,NAVER,2018,Q3,커뮤니케이션서비스,0.0038838674494138382,0.03613233243189584,0.11607142857142883,0.03809438658420561,0.0,0.0,0.0,0.04799770301662121,035420
25,엔씨소프트,2018,Q3,커뮤니케이션서비스,0.2947537311917189,0.02994324918180058,0.11607142857142883,0.03809438658420561,0.04853037117630499,0.0,0.0,0.07758531235619626,036570
