,name,year,quarter,sector,Relative Return,유동자산 변화율,비유동자산 변화율,매출액 변화율,자산총계 변화율,영업이익 변화율,비유동부채 변화율,Label,Code
28,SK텔레콤,2018,Q2,커뮤니케이션서비스,0.25329261677180526,-0.12209372050103517,-0.0021514953556308614,-0.015627373652267407,-0.028425972783139297,-0.0026485618417524392,0.06711944148177951,0.09907619067919897,017670
28,제일기획,2018,Q2,커뮤니케이션서비스,0.1291982357360479,-0.04397717547131341,-0.0025096289699270136,0.254748586121782,-0.02907691553433056,3.9585017986757265,0.1397698100584206,0.1817587279625133,030000
28,KT,2018,Q2,커뮤니케이션서비스,0.12804049882701565,-0.007286790219520944,-0.011760382493162469,-0.0032877543716102187,-0.010614258300428836,0.008853707243972053,-0.07717662896374378,0.11044707413812602,030200
28,LG유플러스,2018,Q2,커뮤니케이션서비스,0.33774745853397536,-0.05379228040360773,-0.011800608316541172,-0.0007107879726874211,-0.02669071151932767,0.09953488372093022,-0.02511368975025774,0.011272667533378855,032640
28,SBS,2018,Q2,커뮤니케이션서비스,-0.20013132934481254,-0.09448601206932483,0.021982037982442693,0.24758694719477736,-0.035227859113986515,0.9087661668729277,0.015875642553615288,0.11276286361181023,034120
28,NAVER,2018,Q2,커뮤니케이션서비스,0.1451806233370187,-0.010545476323290837,0.03396170523040354,0.062215284027964834,0.014166969810505803,0.055454385423371555,0.11677301324232037,-0.16782385035637076,035420
28,엔씨소프트,2018,Q2,커뮤니케이션서비스,0.15361572200702928,-0.09977402967742166,0.017699838844223548,-0.09608247118324897,-0.04435865374052028,-0.18427785473244596,-0.03448876812588064,0.2947537311917189,036570
