,name,year,quarter,sector,Relative Return,매출액 변화율,영업이익 변화율,자본총계 변화율,실업률 변화율,Label,Code
20,SK텔레콤,2019,Q4,커뮤니케이션서비스,-0.10149247594003277,-0.02294654050248146,-0.5395333932054391,0.015988059419659306,-0.05357142857142849,0.07940777204222457,017670
20,제일기획,2019,Q4,커뮤니케이션서비스,-0.1738042851186514,0.1893288738765202,0.8054966944387512,0.04541884817579378,-0.05357142857142849,0.026178521617852196,030000
20,KT,2019,Q4,커뮤니케이션서비스,-0.09588076184712982,-0.0211455330340381,-0.7273439910180095,-0.004449934836545655,-0.05357142857142849,0.13154985149695408,030200
20,LG유플러스,2019,Q4,커뮤니케이션서비스,-0.07482400882100962,-0.09971091421869294,0.2261801483298218,0.009715530083234114,-0.05357142857142849,0.255394207892362,032640
20,SBS,2019,Q4,커뮤니케이션서비스,0.18947890815746865,0.38030786842616804,-7.896463123338084,0.03524532904490396,-0.05357142857142849,-0.11715481171548114,034120
20,NAVER,2019,Q4,커뮤니케이션서비스,0.13536923815287016,-0.005249405310599364,0.05476623055182661,0.04447679816296146,-0.05357142857142849,0.2515951882845189,035420
20,엔씨소프트,2019,Q4,커뮤니케이션서비스,0.34424826146030635,0.43246140455546533,0.1915338462762759,-0.02436256898075284,-0.05357142857142849,0.11525108026487893,036570
