,name,year,quarter,sector,Relative Return,매출액 변화율,국제유가 변화율,이익잉여금 변화율,유동자산 변화율,영업이익 변화율,자산총계 변화율,Label,Code
21,SK텔레콤,2019,Q3,커뮤니케이션서비스,-0.07615511704422152,0.022415499854796073,-0.10146539633409102,0.005167917927432875,0.033572085846560684,-0.08162049232446178,0.03007059641322729,-0.10149247594003277,017670
21,제일기획,2019,Q3,커뮤니케이션서비스,-0.1747267235072112,-0.13991169573652307,-0.10146539633409102,0.03171588394201885,0.09967298803388558,-0.5150833881039572,0.042082411654702945,-0.1738042851186514,030000
21,KT,2019,Q3,커뮤니케이션서비스,-0.0845395690742467,0.032289809341963016,-0.10146539633409102,0.006679263200211949,-0.01290418086328382,0.0344937636028797,0.004323469719465622,-0.09588076184712982,030200
21,LG유플러스,2019,Q3,커뮤니케이션서비스,0.0037374549569672705,0.012910455506179419,-0.10146539633409102,0.030184311481292747,0.12475651421529088,0.007571226709605305,0.07998038717249556,-0.07482400882100962,032640
21,SBS,2019,Q3,커뮤니케이션서비스,-0.07200350276262103,-0.19573066390525984,-0.10146539633409102,-0.009691855631896895,0.22228266689885112,-1.581393149253616,0.07991991103028706,0.18947890815746865,034120
21,NAVER,2019,Q3,커뮤니케이션서비스,0.00933478160692551,-0.003950757466977817,-0.10146539633409102,0.05048442604250214,0.023386674668913088,-0.018157024238856345,0.04627552053388828,0.13536923815287016,035420
21,엔씨소프트,2019,Q3,커뮤니케이션서비스,-0.09366791744840514,-0.04099169897115573,-0.10146539633409102,0.05576589410853927,0.15709635377485553,-0.03599120691702651,0.009351952342598224,0.34424826146030635,036570
