,name,year,quarter,sector,Relative Return,이익잉여금 변화율,실업률 변화율,환율 변화율,1인평균급여 변화율,보유 주식 수 변화율,기말 소유주식 지분율 변화율,Label,Code
22,SK텔레콤,2019,Q2,커뮤니케이션서비스,-0.03069438790843103,0.011504946173900521,0.017241379310344973,0.03709163042178587,0.0,0.0,0.0,-0.07615511704422152,017670
22,제일기획,2019,Q2,커뮤니케이션서비스,0.060018604420123745,0.045734051421142174,0.017241379310344973,0.03709163042178587,0.0,0.0,0.0,-0.1747267235072112,030000
22,KT,2019,Q2,커뮤니케이션서비스,0.01700919135257114,0.012895040061993823,0.017241379310344973,0.03709163042178587,0.0,0.0,0.0,-0.0845395690742467,030200
22,LG유플러스,2019,Q2,커뮤니케이션서비스,-0.1431973353475658,0.029410242898630923,0.017241379310344973,0.03709163042178587,0.0,0.0,0.0,0.0037374549569672705,032640
22,SBS,2019,Q2,커뮤니케이션서비스,-0.250270557806193,0.012255736629874114,0.017241379310344973,0.03709163042178587,0.0,0.0,0.0,-0.07200350276262103,034120
22,NAVER,2019,Q2,커뮤니케이션서비스,0.2309201260968392,0.049307165252470586,0.017241379310344973,0.03709163042178587,0.0,0.0,0.0,0.00933478160692551,035420
22,엔씨소프트,2019,Q2,커뮤니케이션서비스,0.14343029993315315,0.059221307184047056,0.017241379310344973,0.03709163042178587,0.0,0.0,0.0,-0.09366791744840514,036570
