,name,year,quarter,sector,Relative Return,매출액 변화율,유동자산 변화율,법인세차감전 순이익 변화율,국제유가 변화율,Label,Code
20,SK텔레콤,2019,Q4,커뮤니케이션서비스,-0.10149247594003277,-0.02294654050248146,0.0540035140720625,-0.9836721421321798,0.023897949297593923,0.07940777204222457,017670
20,제일기획,2019,Q4,커뮤니케이션서비스,-0.1738042851186514,0.1893288738765202,0.09309723343974885,0.3447465616261227,0.023897949297593923,0.026178521617852196,030000
20,KT,2019,Q4,커뮤니케이션서비스,-0.09588076184712982,-0.0211455330340381,0.03947920522731163,-1.592030631052637,0.023897949297593923,0.13154985149695408,030200
20,LG유플러스,2019,Q4,커뮤니케이션서비스,-0.07482400882100962,-0.09971091421869294,-0.08808336997985289,-0.018749766189068873,0.023897949297593923,0.255394207892362,032640
20,SBS,2019,Q4,커뮤니케이션서비스,0.18947890815746865,0.38030786842616804,0.11914995282861374,-6.890492718442506,0.023897949297593923,-0.11715481171548114,034120
20,NAVER,2019,Q4,커뮤니케이션서비스,0.13536923815287016,-0.005249405310599364,-0.400330893792302,-0.028357758301393976,0.023897949297593923,0.2515951882845189,035420
20,엔씨소프트,2019,Q4,커뮤니케이션서비스,0.34424826146030635,0.43246140455546533,0.03225262848216692,-1.1192211165946708,0.023897949297593923,0.11525108026487893,036570
