,name,year,quarter,sector,Relative Return,Relative Return,매출액 변화율,유동자산 변화율,자산총계 변화율,비유동자산 변화율,비유동부채 변화율,Label,Code
23,SK텔레콤,2019,Q1,커뮤니케이션서비스,0.06716970112969795,0.06716970112969795,-0.013154394822742388,0.10494557182599906,0.030206472034496112,0.015735966993598582,-0.010327443684959525,-0.03069438790843103,017670
23,제일기획,2019,Q1,커뮤니케이션서비스,0.08636396622511665,0.08636396622511665,-0.1857472201902226,-0.0874624260629091,-0.04589620911811021,0.035906136793417254,0.3178387953850108,0.060018604420123745,030000
23,KT,2019,Q1,커뮤니케이션서비스,0.057241368280829444,0.057241368280829444,-0.01898859235897865,0.06495711872081511,0.03178766629659102,0.019902307589833468,0.05753772893188058,0.01700919135257114,030200
23,LG유플러스,2019,Q1,커뮤니케이션서비스,0.0321486698829376,0.0321486698829376,-0.04967441496216485,0.10540440908585391,0.03401997134093726,0.0035769246298547053,0.021426826145392264,-0.1431973353475658,032640
23,SBS,2019,Q1,커뮤니케이션서비스,-0.07872488300278745,-0.07872488300278745,-0.2757414762620868,-0.256557344667416,0.0029975711221401635,0.22753642525165518,-0.3583794171118799,-0.250270557806193,034120
23,NAVER,2019,Q1,커뮤니케이션서비스,0.019214525803786825,0.019214525803786825,-0.02076269912127593,0.1093879870216925,0.0725583190554362,0.06294687155673429,0.15538271572995765,0.2309201260968392,035420
23,엔씨소프트,2019,Q1,커뮤니케이션서비스,0.0464659038656936,0.0464659038656936,-0.11858896114184936,0.13357781938389923,0.11455230586787724,0.09458262124412853,4.083214838418075,0.10312566496904475,036570
