,name,year,quarter,sector,Relative Return,매출액 변화율,실업률 변화율,이익잉여금 변화율,자본총계 변화율,법인세차감전 순이익 변화율,당기순이익 변화율,Label,Code
20,SK텔레콤,2019,Q4,커뮤니케이션서비스,-0.10149247594003277,-0.02294654050248146,-0.05357142857142849,-0.0017526261261773257,0.015988059419659306,-0.9836721421321798,-0.9177902761223679,0.07940777204222457,017670
20,제일기획,2019,Q4,커뮤니케이션서비스,-0.1738042851186514,0.1893288738765202,-0.05357142857142849,0.036459502227314644,0.04541884817579378,0.3447465616261227,0.3747246929610333,0.026178521617852196,030000
20,KT,2019,Q4,커뮤니케이션서비스,-0.09588076184712982,-0.0211455330340381,-0.05357142857142849,-0.007571227163839733,-0.004449934836545655,-1.592030631052637,-2.0072391688771,0.13154985149695408,030200
20,LG유플러스,2019,Q4,커뮤니케이션서비스,-0.07482400882100962,-0.09971091421869294,-0.05357142857142849,0.01766951559496599,0.009715530083234114,-0.018749766189068873,0.022693259515029318,0.255394207892362,032640
20,SBS,2019,Q4,커뮤니케이션서비스,0.18947890815746865,0.38030786842616804,-0.05357142857142849,0.04601798598165985,0.03524532904490396,-6.890492718442506,-6.648626500086302,-0.11715481171548114,034120
20,NAVER,2019,Q4,커뮤니케이션서비스,0.13536923815287016,-0.005249405310599364,-0.05357142857142849,0.03593070992352221,0.04447679816296146,-0.028357758301393976,-0.20964150244826063,0.2515951882845189,035420
20,엔씨소프트,2019,Q4,커뮤니케이션서비스,0.34424826146030635,0.43246140455546533,-0.05357142857142849,-0.027661359168061006,-0.02436256898075284,-1.1192211165946708,-1.4429839242620774,0.11525108026487893,036570
