,name,year,quarter,sector,Relative Return,이익잉여금 변화율,실업률 변화율,환율 변화율,1인평균급여 변화율,보유 주식 수 변화율,기말 소유주식 지분율 변화율,Label,Code
23,SK텔레콤,2019,Q1,커뮤니케이션서비스,0.10813124909362803,-0.0021061115126019825,0.01754385964912264,-0.0016632023276192953,0.0,0.0,0.0,-0.03069438790843103,017670
23,제일기획,2019,Q1,커뮤니케이션서비스,0.08636396622511665,-0.0789937885732368,0.01754385964912264,-0.0016632023276192953,0.0,0.0,0.0,0.060018604420123745,030000
23,KT,2019,Q1,커뮤니케이션서비스,0.07786956077177346,0.00015688951681935848,0.01754385964912264,-0.0016632023276192953,0.0,0.0,0.0,0.01700919135257114,030200
23,LG유플러스,2019,Q1,커뮤니케이션서비스,0.0321486698829376,-0.010906729848009666,0.01754385964912264,-0.0016632023276192953,0.0,0.0,0.0,-0.1431973353475658,032640
23,SBS,2019,Q1,커뮤니케이션서비스,-0.07872488300278745,-0.04695951527013964,0.01754385964912264,-0.0016632023276192953,0.0,0.0,0.0,-0.250270557806193,034120
23,NAVER,2019,Q1,커뮤니케이션서비스,0.019214525803786825,0.037349838726456586,0.01754385964912264,-0.0016632023276192953,0.0,0.0,0.0,0.2309201260968392,035420
23,엔씨소프트,2019,Q1,커뮤니케이션서비스,0.00598685517985415,-0.01033278885221467,0.01754385964912264,-0.0016632023276192953,0.0,0.0,0.0,0.14343029993315315,036570
