,name,year,quarter,sector,Relative Return,매출액 변화율,영업이익 변화율,자본총계 변화율,실업률 변화율,Label,Code
23,SK텔레콤,2019,Q1,커뮤니케이션서비스,0.06716970112969795,-0.013154394822742388,0.17899644451985597,-0.0013864703493183805,0.01754385964912264,-0.03069438790843103,017670
23,제일기획,2019,Q1,커뮤니케이션서비스,0.08636396622511665,-0.1857472201902226,-0.656398503907373,-0.09360183709435288,0.01754385964912264,0.060018604420123745,030000
23,KT,2019,Q1,커뮤니케이션서비스,0.057241368280829444,-0.01898859235897865,4.075591548813478,0.0020687981995839433,0.01754385964912264,0.01700919135257114,030200
23,LG유플러스,2019,Q1,커뮤니케이션서비스,0.0321486698829376,-0.04967441496216485,0.8714130691200754,-0.0055353087294153225,0.01754385964912264,-0.1431973353475658,032640
23,SBS,2019,Q1,커뮤니케이션서비스,-0.07872488300278745,-0.2757414762620868,-2.2268134303578786,-0.035809074618368575,0.01754385964912264,-0.250270557806193,034120
23,NAVER,2019,Q1,커뮤니케이션서비스,0.019214525803786825,-0.02076269912127593,-0.012216309833484207,0.03163542255715046,0.01754385964912264,0.2309201260968392,035420
23,엔씨소프트,2019,Q1,커뮤니케이션서비스,0.0464659038656936,-0.11858896114184936,-0.339079166343607,-0.09868585561984489,0.01754385964912264,0.10312566496904475,036570
