,name,year,quarter,sector,Relative Return,매출액 변화율,이익잉여금 변화율,자본총계 변화율,금리 변화율,소비자물가지수 변화율,실업률 변화율,Label,Code
16,SK텔레콤,2020,Q4,커뮤니케이션서비스,-0.14644010149018505,0.0009137488425110529,0.001323383779075371,-0.013979105961002602,0.13205764233403983,-0.3780443147289393,0.04166666666666674,0.22431357743014252,017670
16,제일기획,2020,Q4,커뮤니케이션서비스,-0.2504967954104901,0.046614108852829794,0.07299878269505466,0.08751362380338445,0.13205764233403983,-0.3780443147289393,0.04166666666666674,0.079842253040428,030000
16,KT,2020,Q4,커뮤니케이션서비스,-0.09983873746509994,0.015398191248424453,-0.0013562130577288167,-0.007826888387675868,0.13205764233403983,-0.3780443147289393,0.04166666666666674,0.14838908409715276,030200
16,LG유플러스,2020,Q4,커뮤니케이션서비스,-0.21049873952618584,0.056520992198457964,-0.05254782514176071,-0.028765122431435364,0.13205764233403983,-0.3780443147289393,0.04166666666666674,0.23651442304334377,032640
16,SBS,2020,Q4,커뮤니케이션서비스,0.09215936211759598,0.28951891694315246,0.0137494070456039,0.009856764638188853,0.13205764233403983,-0.3780443147289393,0.04166666666666674,0.3383103043648658,034120
16,NAVER,2020,Q4,커뮤니케이션서비스,0.12161869244126366,0.09726155295523697,0.041765474924306156,0.12676190265851472,0.13205764233403983,-0.3780443147289393,0.04166666666666674,-0.12525002619150338,035420
16,엔씨소프트,2020,Q4,커뮤니케이션서비스,-0.08463042604976495,0.5223940007670993,0.0374733656880506,0.015349916408715414,0.13205764233403983,-0.3780443147289393,0.04166666666666674,-0.12412710673813299,036570
