,name,year,quarter,sector,Relative Return,매출액 변화율,비유동자산 변화율,법인세차감전 순이익 변화율,유동자산 변화율,자산총계 변화율,영업이익 변화율,Label,Code
19,SK텔레콤,2020,Q1,커뮤니케이션서비스,0.07940777204222457,0.02745593621912734,-0.014017962828254182,146.41943270971635,0.004444698977104533,-0.011017800722044613,1.2156579716121936,-0.09149328654056599,017670
19,제일기획,2020,Q1,커뮤니케이션서비스,0.026178521617852196,-0.32599964913221413,0.005414290402709687,-0.6184762201738999,-0.08926163329303816,-0.057053448603500145,-0.720841749030648,-0.182698934053911,030000
19,KT,2020,Q1,커뮤니케이션서비스,0.13154985149695408,-0.03845889153724191,-0.015268725559620777,-8.461797791461695,-0.04861718103624946,-0.02396994662191554,4.557297076717614,-0.21255341282114848,030200
19,LG유플러스,2020,Q1,커뮤니케이션서비스,0.255394207892362,0.03930670022452132,-0.014204735294229387,0.4344219170561727,0.05685731626953672,0.00461540408116079,0.122628762328308,-0.39082758122796,032640
19,SBS,2020,Q1,커뮤니케이션서비스,-0.11715481171548114,-0.2898872213822218,0.0730570699518891,-1.3327642394650392,-0.24133081092605968,-0.06804517520376407,-1.280022269772446,-0.3134700612036054,034120
19,NAVER,2020,Q1,커뮤니케이션서비스,0.2515951882845189,-0.07369796058639022,0.02761488786806332,0.09152592356150624,0.1853635754618832,0.04844037384140765,-0.0995581565313799,0.13555406293265354,035420
19,엔씨소프트,2020,Q1,커뮤니케이션서비스,0.11525108026487893,0.39740858712670324,0.004947838004881966,-13.714001745469739,0.10777180682814191,0.06742699003152519,0.445465904560969,-0.08445423926742945,036570
