,name,year,quarter,sector,Relative Return,매출액 변화율,영업이익 변화율,자본총계 변화율,실업률 변화율,Label,Code
17,SK텔레콤,2020,Q3,커뮤니케이션서비스,-0.09112350064829944,0.00027246454899465533,-0.023168151282885963,0.007033160185617282,-0.032258064516129115,-0.14644010149018505,017670
17,제일기획,2020,Q3,커뮤니케이션서비스,0.0917477094704256,-0.008522793723607314,-0.3073844132950123,0.025108371050389433,-0.032258064516129115,-0.2504967954104901,030000
17,KT,2020,Q3,커뮤니케이션서비스,-0.1158080790962274,0.04166003214526426,-0.1816329114925881,0.01496255243380018,-0.032258064516129115,-0.09983873746509994,030200
17,LG유플러스,2020,Q3,커뮤니케이션서비스,-0.10061389584324029,0.027249648049426645,0.019526485970356555,0.05425404926700206,-0.032258064516129115,-0.21049873952618584,032640
17,SBS,2020,Q3,커뮤니케이션서비스,-0.020235822123852776,-0.049376923704136266,-11.570503638914229,-0.13049283779044984,-0.032258064516129115,0.09215936211759598,034120
17,NAVER,2020,Q3,커뮤니케이션서비스,-0.11052653847506692,0.0628712960176685,0.013033567370485777,0.06603103766512053,-0.032258064516129115,0.12161869244126366,035420
17,엔씨소프트,2020,Q3,커뮤니케이션서비스,-0.1357959625859567,1.739927158355889,0.009556119552978304,0.12131011908192901,-0.032258064516129115,-0.08463042604976495,036570
