,name,year,quarter,sector,Relative Return,Relative Return,매출액 변화율,유동자산 변화율,자산총계 변화율,비유동자산 변화율,비유동부채 변화율,Label,Code
12,SK텔레콤,2021,Q4,커뮤니케이션서비스,0.0,0.0,0.015095776809364247,-0.037495877766419605,-0.1796338233135375,-0.2049543440388749,0.02733944877605521,0.08773444544634806,017670
12,제일기획,2021,Q4,커뮤니케이션서비스,0.053170724149639484,0.053170724149639484,0.172430466255999,0.19106938571835563,0.09219154680740549,-0.059907613707981144,-0.16489745294566327,0.15199566637072034,030000
12,KT,2021,Q4,커뮤니케이션서비스,0.14851824649369097,0.14851824649369097,0.0010225727028825293,-0.04858174961575801,0.026387603580405594,0.05318519961022039,-0.007918962715688482,0.1586502241113292,030200
12,LG유플러스,2021,Q4,커뮤니케이션서비스,-0.000608172588038261,-0.000608172588038261,0.03641866613775768,-0.053160538042230865,0.036795112872815894,0.07198851032044984,0.05813237610684219,0.09758954439189928,032640
12,SBS,2021,Q4,커뮤니케이션서비스,-0.17431773481253424,-0.17431773481253424,-0.12293430985291254,0.1711393526426821,0.0632751581857034,-0.019242501286415248,-0.2327135397230482,0.2580628085436099,034120
12,NAVER,2021,Q4,커뮤니케이션서비스,-0.14451072937758436,-0.14451072937758436,0.08583797270347837,0.3193027385955556,0.07318435560675751,0.04223959082975659,0.18588136712418368,-0.0954829628050622,035420
12,엔씨소프트,2021,Q4,커뮤니케이션서비스,-0.2564782964394233,-0.2564782964394233,0.5679129207031273,-0.01212075720775363,0.029188218949295575,0.07592644356328182,-0.047040630715138865,-0.017878067465355606,036570
