,name,year,quarter,sector,Relative Return,이익잉여금 변화율,실업률 변화율,환율 변화율,1인평균급여 변화율,보유 주식 수 변화율,기말 소유주식 지분율 변화율,Label,Code
15,SK텔레콤,2021,Q1,커뮤니케이션서비스,0.06303413626607646,-0.011768428926245966,0.016000000000000014,-0.003980375432345529,0.0,0.0,0.0,-0.05055199660557545,017670
15,제일기획,2021,Q1,커뮤니케이션서비스,0.06443010220233666,-0.0868289798769365,0.016000000000000014,-0.003980375432345529,0.0,0.0,0.0,0.020513327195747593,030000
15,KT,2021,Q1,커뮤니케이션서비스,0.10101529685608204,-0.0010926039242230567,0.016000000000000014,-0.003980375432345529,0.0,0.0,0.0,0.10855701705614026,030200
15,LG유플러스,2021,Q1,커뮤니케이션서비스,0.23651442304334377,0.0009772874611306825,0.016000000000000014,-0.003980375432345529,0.0,0.0,0.0,-0.009723078554463811,032640
15,SBS,2021,Q1,커뮤니케이션서비스,0.3383103043648658,0.07147075439258366,0.016000000000000014,-0.003980375432345529,0.0,0.0,0.0,0.7944338262251008,034120
15,NAVER,2021,Q1,커뮤니케이션서비스,-0.12525002619150338,0.030787613742740527,0.016000000000000014,-0.003980375432345529,0.0,0.0,0.0,0.29486922013960243,035420
15,엔씨소프트,2021,Q1,커뮤니케이션서비스,-0.12412710673813299,-0.033341716247256126,0.016000000000000014,-0.003980375432345529,0.0,0.0,0.0,-0.0367189026763012,036570
