,name,year,quarter,sector,Relative Return,이익잉여금 변화율,매출액 변화율,법인세차감전 순이익 변화율,자본총계 변화율,영업이익 변화율,Label,Code
12,SK텔레콤,2021,Q4,커뮤니케이션서비스,0.0,0.005602681422332445,0.015095776809364247,0.47008543290645877,-0.3832225450904193,-0.5020872972161026,0.08773444544634806,017670
12,제일기획,2021,Q4,커뮤니케이션서비스,0.053170724149639484,0.0014701417902929226,0.172430466255999,0.38862961558222264,0.0026574838961159752,-0.39869773904664585,0.15199566637072034,030000
12,KT,2021,Q4,커뮤니케이션서비스,0.14851824649369097,0.015743085163529624,0.0010225727028825293,-0.48804704878174954,0.020132334947359665,-0.6450402889691581,0.1586502241113292,030200
12,LG유플러스,2021,Q4,커뮤니케이션서비스,-0.000608172588038261,0.007023817742492167,0.03641866613775768,-0.66688593960377,0.002553566720076672,-0.471687418729833,0.09758954439189928,032640
12,SBS,2021,Q4,커뮤니케이션서비스,-0.17431773481253424,0.006034988992842827,-0.12293430985291254,-1.0958653351450676,0.0046682268721731646,-1.073948342115224,0.2580628085436099,034120
12,NAVER,2021,Q4,커뮤니케이션서비스,-0.14451072937758436,0.04334435386205371,0.08583797270347837,0.01683998761893646,0.05117232871151778,0.026880977263931127,-0.0954829628050622,035420
12,엔씨소프트,2021,Q4,커뮤니케이션서비스,-0.2564782964394233,0.037293079692474196,0.5679129207031273,0.11015044256576467,0.08218227034210024,0.2233316466841062,-0.017878067465355606,036570
