,name,year,quarter,sector,Relative Return,유동자산 변화율,비유동자산 변화율,매출액 변화율,자산총계 변화율,영업이익 변화율,비유동부채 변화율,Label,Code
17,SK텔레콤,2021,Q1,커뮤니케이션서비스,0.21585412375284285,-0.005918034362204949,-0.006277029248233923,0.012706059823600624,-0.00622038374935685,0.3314760093241709,-0.0017004893940903987,-0.019158511337185838,017670
17,제일기획,2021,Q1,커뮤니케이션서비스,0.0647211264074037,-0.10998181434949894,-0.003523179407943222,-0.12047238255195003,-0.07039909607685957,-0.6497747714262587,-0.1252797673390882,0.020513327195747593,030000
17,KT,2021,Q1,커뮤니케이션서비스,0.1434168743695099,0.018387212269209474,-0.022315816182603143,-0.0034029959872098337,-0.011924036048903464,2.072089919331145,-0.012044323050405814,0.10855701705614026,030200
17,LG유플러스,2021,Q1,커뮤니케이션서비스,0.2055086810987017,0.05248568306772161,-0.022214919787101217,-0.026975021716371006,-0.00257314544238485,0.6499232844168379,-0.03448958636918065,-0.009723078554463811,032640
17,SBS,2021,Q1,커뮤니케이션서비스,0.5117799499368154,0.0811671816158499,0.0355633201405301,-0.20466218681415493,0.05316316956117362,0.10208181164203345,-0.00944727605026674,0.5587211821593298,034120
17,NAVER,2021,Q1,커뮤니케이션서비스,-0.1549092386416711,1.1809764212579785,0.10389529898940686,-0.01989367802036779,0.22083762801067364,-0.037205031750049744,4.223453172316372,0.27739213153163106,035420
17,엔씨소프트,2021,Q1,커뮤니케이션서비스,-0.12600091348151324,0.004034435887603216,0.13425251317707443,-0.4208278929278748,0.05879641651162837,-0.6381863493356597,0.1220968132557485,-0.0367189026763012,036570
