,name,year,quarter,sector,Relative Return,이익잉여금 변화율,실업률 변화율,환율 변화율,1인평균급여 변화율,보유 주식 수 변화율,기말 소유주식 지분율 변화율,Label,Code
14,SK텔레콤,2021,Q2,커뮤니케이션서비스,-0.05055199660557545,-0.10799386813233736,-0.11023622047244086,0.007129469356493168,0.0,0.0,0.0,0.10093893230138704,017670
14,제일기획,2021,Q2,커뮤니케이션서비스,0.020513327195747593,0.07520321783527661,-0.11023622047244086,0.007129469356493168,0.0,0.0,0.0,0.06907797004025064,030000
14,KT,2021,Q2,커뮤니케이션서비스,0.10855701705614026,0.026380215016967412,-0.11023622047244086,0.007129469356493168,0.0,0.0,0.0,-0.01567741946850889,030200
14,LG유플러스,2021,Q2,커뮤니케이션서비스,-0.009723078554463811,0.0509336699988463,-0.11023622047244086,0.007129469356493168,0.0,0.0,0.0,0.05351283594063379,032640
14,SBS,2021,Q2,커뮤니케이션서비스,0.7944338262251008,0.10486651661513324,-0.11023622047244086,0.007129469356493168,0.0,0.0,0.0,0.07104640103358592,034120
14,NAVER,2021,Q2,커뮤니케이션서비스,0.29486922013960243,0.049350298798521486,-0.11023622047244086,0.007129469356493168,0.0,0.0,0.0,0.005628978130729226,035420
14,엔씨소프트,2021,Q2,커뮤니케이션서비스,-0.0367189026763012,0.02321067999190185,-0.11023622047244086,0.007129469356493168,0.0,0.0,0.0,-0.02987350841899302,036570
