,name,year,quarter,sector,Relative Return,매출액 변화율,이익잉여금 변화율,자본총계 변화율,금리 변화율,소비자물가지수 변화율,실업률 변화율,Label,Code
14,SK텔레콤,2021,Q2,커뮤니케이션서비스,-0.019158511337185838,0.013717164790496783,-0.10799386813233736,0.04195937905438485,0.11734330484330613,0.7421096287815034,-0.11023622047244086,0.07189754101088322,017670
14,제일기획,2021,Q2,커뮤니케이션서비스,0.020513327195747593,0.2915962481673817,0.07520321783527661,0.08900687748166147,0.11734330484330613,0.7421096287815034,-0.11023622047244086,0.06907797004025064,030000
14,KT,2021,Q2,커뮤니케이션서비스,0.10855701705614026,-0.020910041047530692,0.026380215016967412,0.024082607232167375,0.11734330484330613,0.7421096287815034,-0.11023622047244086,-0.01567741946850889,030200
14,LG유플러스,2021,Q2,커뮤니케이션서비스,-0.009723078554463811,-0.027697889907213558,0.0509336699988463,0.025381712450247562,0.11734330484330613,0.7421096287815034,-0.11023622047244086,0.05351283594063379,032640
14,SBS,2021,Q2,커뮤니케이션서비스,0.7944338262251008,0.17565776727213844,0.10486651661513324,0.0769053285635426,0.11734330484330613,0.7421096287815034,-0.11023622047244086,0.07104640103358592,034120
14,NAVER,2021,Q2,커뮤니케이션서비스,0.29486922013960243,0.09635311333029817,0.049350298798521486,0.07854139984195863,0.11734330484330613,0.7421096287815034,-0.11023622047244086,0.005628978130729226,035420
14,엔씨소프트,2021,Q2,커뮤니케이션서비스,-0.0367189026763012,0.046793254552619956,0.02321067999190185,0.06492179731628456,0.11734330484330613,0.7421096287815034,-0.11023622047244086,-0.02987350841899302,036570
