,name,year,quarter,sector,Relative Return,매출액 변화율,국제유가 변화율,유동자산 변화율,자산총계 변화율,법인세차감전 순이익 변화율,Label,Code
8,SK텔레콤,2022,Q4,커뮤니케이션서비스,-0.05874943564335185,-0.00842652910776076,-0.12070563315019511,0.05962156290162479,0.03245951612821951,-0.8923908596944141,0.032823120372152716,017670
8,제일기획,2022,Q4,커뮤니케이션서비스,-0.1466436054507237,-0.058870403120793724,-0.12070563315019511,0.09833112622041051,0.06171406790343914,-1.2269215710281671,-0.08124400252393199,030000
8,KT,2022,Q4,커뮤니케이션서비스,-0.1392767187364564,-0.003783290604472467,-0.12070563315019511,-0.13253750220527794,-0.020526368751152213,-0.7229594222156602,0.010661895697450643,030200
8,LG유플러스,2022,Q4,커뮤니케이션서비스,-0.05470524741470588,0.048540931885858285,-0.12070563315019511,-0.029872801116341052,0.02179968417197653,-0.029188073286883887,-0.016454861470923503,032640
8,SBS,2022,Q4,커뮤니케이션서비스,0.3599824512713839,0.7419402311862315,-0.12070563315019511,0.0634634960647249,0.048471332644222986,0.395331390322597,-0.20884391983456269,034120
8,NAVER,2022,Q4,커뮤니케이션서비스,0.07535334644320188,0.03387569661186651,-0.12070563315019511,0.1868549969675659,-0.006913342812169154,-1.137338638611408,0.00631858920626744,035420
8,엔씨소프트,2022,Q4,커뮤니케이션서비스,-0.1420235943519082,-0.09856132926401795,-0.12070563315019511,-0.04672379813714922,-0.001675446762166355,-1.1881981815158997,-0.050681063999825866,036570
