,name,year,quarter,sector,Relative Return,매출액 변화율,국제유가 변화율,유동자산 변화율,비유동자산 변화율,이익잉여금 변화율,Label,Code
9,SK텔레콤,2022,Q3,커뮤니케이션서비스,0.01864789207147642,0.0014129801759459326,-0.11299650647329962,0.02624570072093202,-0.019692461079776846,0.008327753072880473,-0.05874943564335185,017670
9,제일기획,2022,Q3,커뮤니케이션서비스,0.06391421923812787,0.06328292242083311,-0.11299650647329962,0.1189880854043488,0.04545803813005622,0.04135100886677101,-0.1466436054507237,030000
9,KT,2022,Q3,커뮤니케이션서비스,-0.00291953180614948,0.016010263284410353,-0.11299650647329962,0.03532195693368445,0.027435917191915404,0.02017232130488722,-0.1392767187364564,030200
9,LG유플러스,2022,Q3,커뮤니케이션서비스,-0.01898226500035678,0.020183002815427953,-0.11299650647329962,-0.07233309138613375,0.002372512427252671,0.01955612364472259,-0.05470524741470588,032640
9,SBS,2022,Q3,커뮤니케이션서비스,-0.27190250710621316,-0.07846052532924686,-0.11299650647329962,-0.19576314458652455,0.13503704731461763,0.030613467796701377,0.3599824512713839,034120
9,NAVER,2022,Q3,커뮤니케이션서비스,-0.2505031089986652,-0.012209262245062247,-0.11299650647329962,0.047334644448358665,0.017851755967861482,0.04086942269583327,0.07535334644320188,035420
9,엔씨소프트,2022,Q3,커뮤니케이션서비스,0.2541229426276293,-0.042000621660016946,-0.11299650647329962,0.08227150445614062,-0.009213161112910595,0.060388145721928854,-0.1420235943519082,036570
