,name,year,quarter,sector,Relative Return,이익잉여금 변화율,실업률 변화율,환율 변화율,1인평균급여 변화율,보유 주식 수 변화율,기말 소유주식 지분율 변화율,Label,Code
10,SK텔레콤,2022,Q2,커뮤니케이션서비스,-0.09228983719541448,0.0030513311321311853,-0.033707865168539186,0.045732630383092276,0.0,0.0,0.0,0.01864789207147642,017670
10,제일기획,2022,Q2,커뮤니케이션서비스,-0.05083642078624897,0.03498190674739776,-0.033707865168539186,0.045732630383092276,0.0,0.0,0.0,0.06391421923812787,030000
10,KT,2022,Q2,커뮤니케이션서비스,0.04618542425539806,0.001892953759987881,-0.033707865168539186,0.045732630383092276,0.0,0.0,0.0,-0.00291953180614948,030200
10,LG유플러스,2022,Q2,커뮤니케이션서비스,-0.040755412685438884,0.05228681887479025,-0.033707865168539186,0.045732630383092276,0.0,0.0,0.0,-0.01898226500035678,032640
10,SBS,2022,Q2,커뮤니케이션서비스,-0.03902019812959706,0.10045414653481588,-0.033707865168539186,0.045732630383092276,0.0,0.0,0.0,-0.27190250710621316,034120
10,NAVER,2022,Q2,커뮤니케이션서비스,0.004943729452190855,0.027867329369430482,-0.033707865168539186,0.045732630383092276,0.0,0.0,0.0,-0.2505031089986652,035420
10,엔씨소프트,2022,Q2,커뮤니케이션서비스,-0.08467778245050528,0.0462141034297876,-0.033707865168539186,0.045732630383092276,0.0,0.0,0.0,0.2541229426276293,036570
