,name,year,quarter,sector,Relative Return,국제유가 변화율,매출액 변화율,유동자산 변화율,이익잉여금 변화율,자산총계 변화율,영업이익 변화율,Label,Code
8,SK텔레콤,2022,Q4,커뮤니케이션서비스,-0.05874943564335185,-0.12070563315019511,-0.00842652910776076,0.05962156290162479,-0.009983682191215926,0.03245951612821951,-0.4993079353318308,0.032823120372152716,017670
8,제일기획,2022,Q4,커뮤니케이션서비스,-0.1466436054507237,-0.12070563315019511,-0.058870403120793724,0.09833112622041051,-0.015176625670299648,0.06171406790343914,-0.36290426556176814,-0.08124400252393199,030000
8,KT,2022,Q4,커뮤니케이션서비스,-0.1392767187364564,-0.12070563315019511,-0.003783290604472467,-0.13253750220527794,0.018601765364776535,-0.020526368751152213,-0.6565935933646887,0.010661895697450643,030200
8,LG유플러스,2022,Q4,커뮤니케이션서비스,-0.05470524741470588,-0.12070563315019511,0.048540931885858285,-0.029872801116341052,0.03057677072182652,0.02179968417197653,-0.01069126964266931,-0.016454861470923503,032640
8,SBS,2022,Q4,커뮤니케이션서비스,0.3599824512713839,-0.12070563315019511,0.7419402311862315,0.0634634960647249,0.05843213354089127,0.048471332644222986,0.5652213798415151,-0.20884391983456269,034120
8,NAVER,2022,Q4,커뮤니케이션서비스,0.07535334644320188,-0.12070563315019511,0.03387569661186651,0.1868549969675659,-0.03483854818105947,-0.006913342812169154,-0.11172161645976941,0.00631858920626744,035420
8,엔씨소프트,2022,Q4,커뮤니케이션서비스,-0.1420235943519082,-0.12070563315019511,-0.09856132926401795,-0.04672379813714922,-0.011817109039411577,-0.001675446762166355,-0.6529965631583101,-0.050681063999825866,036570
