,name,year,quarter,sector,Relative Return,이익잉여금 변화율,실업률 변화율,환율 변화율,1인평균급여 변화율,보유 주식 수 변화율,기말 소유주식 지분율 변화율,Label,Code
9,SK텔레콤,2022,Q3,커뮤니케이션서비스,0.01864789207147642,0.008327753072880473,-0.023255813953488302,0.06411636151380273,0.0,0.0,0.0,-0.08961163852115626,017670
9,제일기획,2022,Q3,커뮤니케이션서비스,0.06391421923812787,0.04135100886677101,-0.023255813953488302,0.06411636151380273,0.0,0.0,0.0,-0.1466436054507237,030000
9,KT,2022,Q3,커뮤니케이션서비스,-0.00291953180614948,0.02017232130488722,-0.023255813953488302,0.06411636151380273,0.0,0.0,0.0,-0.1897586223851264,030200
9,LG유플러스,2022,Q3,커뮤니케이션서비스,-0.01898226500035678,0.01955612364472259,-0.023255813953488302,0.06411636151380273,0.0,0.0,0.0,-0.05470524741470588,032640
9,SBS,2022,Q3,커뮤니케이션서비스,-0.27190250710621316,0.030613467796701377,-0.023255813953488302,0.06411636151380273,0.0,0.0,0.0,0.3599824512713839,034120
9,NAVER,2022,Q3,커뮤니케이션서비스,-0.2505031089986652,0.04086942269583327,-0.023255813953488302,0.06411636151380273,0.0,0.0,0.0,0.07535334644320188,035420
9,엔씨소프트,2022,Q3,커뮤니케이션서비스,0.2541229426276293,0.060388145721928854,-0.023255813953488302,0.06411636151380273,0.0,0.0,0.0,-0.1420235943519082,036570
