,name,year,quarter,sector,Relative Return,매출액 변화율,이익잉여금 변화율,자본총계 변화율,금리 변화율,소비자물가지수 변화율,실업률 변화율,Label,Code
8,SK텔레콤,2022,Q4,커뮤니케이션서비스,-0.05874943564335185,-0.00842652910776076,-0.009983682191215926,-0.012589472763287923,0.11445954938682568,-0.11456608043309557,0.023809523809523725,0.032823120372152716,017670
8,제일기획,2022,Q4,커뮤니케이션서비스,-0.1466436054507237,-0.058870403120793724,-0.015176625670299648,-0.017235586433532735,0.11445954938682568,-0.11456608043309557,0.023809523809523725,-0.08124400252393199,030000
8,KT,2022,Q4,커뮤니케이션서비스,-0.1392767187364564,-0.003783290604472467,0.018601765364776535,0.013947123126488936,0.11445954938682568,-0.11456608043309557,0.023809523809523725,0.010661895697450643,030200
8,LG유플러스,2022,Q4,커뮤니케이션서비스,-0.05470524741470588,0.048540931885858285,0.03057677072182652,0.01608226287262693,0.11445954938682568,-0.11456608043309557,0.023809523809523725,-0.016454861470923503,032640
8,SBS,2022,Q4,커뮤니케이션서비스,0.3599824512713839,0.7419402311862315,0.05843213354089127,0.04682871326220184,0.11445954938682568,-0.11456608043309557,0.023809523809523725,-0.20884391983456269,034120
8,NAVER,2022,Q4,커뮤니케이션서비스,0.07535334644320188,0.03387569661186651,-0.03483854818105947,-0.03529122900871051,0.11445954938682568,-0.11456608043309557,0.023809523809523725,0.00631858920626744,035420
8,엔씨소프트,2022,Q4,커뮤니케이션서비스,-0.1420235943519082,-0.09856132926401795,-0.011817109039411577,-0.0041761631787657905,0.11445954938682568,-0.11456608043309557,0.023809523809523725,-0.050681063999825866,036570
