,name,year,quarter,sector,Relative Return,매출액 변화율,유동자산 변화율,법인세차감전 순이익 변화율,국제유가 변화율,Label,Code
10,SK텔레콤,2022,Q2,커뮤니케이션서비스,-0.09228983719541448,0.013270648240247596,0.060635764212126686,-0.03024271543615842,0.13207484462760455,0.01864789207147642,017670
10,제일기획,2022,Q2,커뮤니케이션서비스,-0.05083642078624897,0.12912124102287814,-0.0853386743668183,0.8044823073336782,0.13207484462760455,0.06391421923812787,030000
10,KT,2022,Q2,커뮤니케이션서비스,0.04618542425539806,-0.019646127963589888,-0.01222190681682711,-0.3828175355495028,0.13207484462760455,-0.00291953180614948,030200
10,LG유플러스,2022,Q2,커뮤니케이션서비스,-0.040755412685438884,-0.006786743327780398,0.0676473510985891,-0.08693872039793193,0.13207484462760455,-0.01898226500035678,032640
10,SBS,2022,Q2,커뮤니케이션서비스,-0.03902019812959706,-0.05858945159802542,0.11150231042851,0.4073636401392593,0.13207484462760455,-0.27190250710621316,034120
10,NAVER,2022,Q2,커뮤니케이션서비스,0.004943729452190855,0.06782044089482797,-0.1639443750125238,-0.5520696123686681,0.13207484462760455,-0.2505031089986652,035420
10,엔씨소프트,2022,Q2,커뮤니케이션서비스,-0.08467778245050528,-0.22428692005634143,0.04057389122473287,-0.27149220928509754,0.13207484462760455,0.2541229426276293,036570
