,name,year,quarter,sector,Relative Return,매출액 변화율,비유동자산 변화율,법인세차감전 순이익 변화율,유동자산 변화율,자산총계 변화율,영업이익 변화율,Label,Code
6,SK텔레콤,2023,Q2,커뮤니케이션서비스,-0.12633529861621448,0.0006329286503670151,-0.002203440145168045,-0.27705664815940834,-0.10841990116897104,-0.023448858372329684,-0.08793463904479848,0.13157052320142448,017670
6,제일기획,2023,Q2,커뮤니케이션서비스,-0.021654007406326094,0.10223772615755466,0.007954113520346473,1.4867554972881942,-0.08756971420243853,-0.04725870094247164,5.5832743116618495,0.10887430073332618,030000
6,KT,2023,Q2,커뮤니케이션서비스,-0.04013117666181618,-0.028485856444065538,0.00020760395946584076,-0.07725634976490148,-0.11468799688818732,-0.02615467702761687,0.049674990918295636,0.06370477521028312,030200
6,LG유플러스,2023,Q2,커뮤니케이션서비스,-0.14252943247576966,-0.035932711693164365,0.013502275931802421,0.16180659353055638,0.009255395982388892,0.012456477409392708,0.11868283177166594,0.06773791932308297,032640
6,SBS,2023,Q2,커뮤니케이션서비스,-0.28628315730740905,0.2543474622385318,0.017593311404506595,25.38097617275654,-0.10501666837326462,-0.03437655592128852,-3.5479179835496466,0.05303030303030302,034120
6,NAVER,2023,Q2,커뮤니케이션서비스,0.013203277882944876,0.06073888120502202,0.022654218986259078,0.5921537241093546,-0.15110819108415718,0.002962388834343299,0.10686391955514685,-0.09722454590296001,035420
6,엔씨소프트,2023,Q2,커뮤니케이션서비스,-0.3421236263262457,-0.06941553356161068,0.06423443588977995,-0.751648380912392,-0.08857018065120892,-0.021924540446218388,-0.5600394998539873,-0.0006141616667932961,036570
