,name,year,quarter,sector,Relative Return,이익잉여금 변화율,실업률 변화율,환율 변화율,1인평균급여 변화율,보유 주식 수 변화율,기말 소유주식 지분율 변화율,Label,Code
5,SK텔레콤,2023,Q3,커뮤니케이션서비스,0.13157052320142448,0.004622697487933758,0.03896103896103886,-0.0021566395604083466,0.0,0.0,0.0,-0.10576770644817086,017670
5,제일기획,2023,Q3,커뮤니케이션서비스,0.10887430073332618,0.03660892562807083,0.03896103896103886,-0.0021566395604083466,0.0,0.0,0.0,-0.22514020518944383,030000
5,KT,2023,Q3,커뮤니케이션서비스,0.06370477521028312,0.009032345892431959,0.03896103896103886,-0.0021566395604083466,0.0,0.0,0.0,-0.07271990689411448,030200
5,LG유플러스,2023,Q3,커뮤니케이션서비스,0.06773791932308297,0.010768173454581698,0.03896103896103886,-0.0021566395604083466,0.0,0.0,0.0,-0.1361657116596016,032640
5,SBS,2023,Q3,커뮤니케이션서비스,0.05303030303030302,0.008926752039945196,0.03896103896103886,-0.0021566395604083466,0.0,0.0,0.0,-0.04232027923808333,034120
5,NAVER,2023,Q3,커뮤니케이션서비스,-0.09722454590296001,0.03556208068554367,0.03896103896103886,-0.0021566395604083466,0.0,0.0,0.0,-0.14323353031945135,035420
5,엔씨소프트,2023,Q3,커뮤니케이션서비스,-0.0006141616667932961,0.01448194305477335,0.03896103896103886,-0.0021566395604083466,0.0,0.0,0.0,-0.389561543759621,036570
