,name,year,quarter,sector,Relative Return,이익잉여금 변화율,실업률 변화율,환율 변화율,1인평균급여 변화율,보유 주식 수 변화율,기말 소유주식 지분율 변화율,Label,Code
6,SK텔레콤,2023,Q2,커뮤니케이션서비스,-0.12633529861621448,0.006791982639010152,-0.04938271604938271,0.031973087460080984,0.0,0.0,0.0,0.13157052320142448,017670
6,제일기획,2023,Q2,커뮤니케이션서비스,-0.021654007406326094,0.04881886590343987,-0.04938271604938271,0.031973087460080984,0.0,0.0,0.0,0.10887430073332618,030000
6,KT,2023,Q2,커뮤니케이션서비스,-0.04013117666181618,0.025215405405605962,-0.04938271604938271,0.031973087460080984,0.0,0.0,0.0,0.06370477521028312,030200
6,LG유플러스,2023,Q2,커뮤니케이션서비스,-0.14252943247576966,0.04388937365535761,-0.04938271604938271,0.031973087460080984,0.0,0.0,0.0,0.06773791932308297,032640
6,SBS,2023,Q2,커뮤니케이션서비스,-0.28628315730740905,0.025406731582557907,-0.04938271604938271,0.031973087460080984,0.0,0.0,0.0,0.05303030303030302,034120
6,NAVER,2023,Q2,커뮤니케이션서비스,0.013203277882944876,0.0410561117883419,-0.04938271604938271,0.031973087460080984,0.0,0.0,0.0,-0.09722454590296001,035420
6,엔씨소프트,2023,Q2,커뮤니케이션서비스,-0.3421236263262457,0.008565592702445723,-0.04938271604938271,0.031973087460080984,0.0,0.0,0.0,-0.0006141616667932961,036570
