,name,year,quarter,sector,Relative Return,매출액 변화율,영업이익 변화율,자본총계 변화율,실업률 변화율,Label,Code
6,SK텔레콤,2023,Q2,커뮤니케이션서비스,-0.12633529861621448,0.0006329286503670151,-0.08793463904479848,-0.0003459602914673843,-0.04938271604938271,0.13157052320142448,017670
6,제일기획,2023,Q2,커뮤니케이션서비스,-0.021654007406326094,0.10223772615755466,5.5832743116618495,0.06047130699394221,-0.04938271604938271,0.10887430073332618,030000
6,KT,2023,Q2,커뮤니케이션서비스,-0.04013117666181618,-0.028485856444065538,0.049674990918295636,0.010547493061255908,-0.04938271604938271,0.06370477521028312,030200
6,LG유플러스,2023,Q2,커뮤니케이션서비스,-0.14252943247576966,-0.035932711693164365,0.11868283177166594,0.02625839574318789,-0.04938271604938271,0.06773791932308297,032640
6,SBS,2023,Q2,커뮤니케이션서비스,-0.28628315730740905,0.2543474622385318,-3.5479179835496466,0.020474689160560056,-0.04938271604938271,0.05303030303030302,034120
6,NAVER,2023,Q2,커뮤니케이션서비스,0.013203277882944876,0.06073888120502202,0.10686391955514685,0.04472883182091225,-0.04938271604938271,-0.09722454590296001,035420
6,엔씨소프트,2023,Q2,커뮤니케이션서비스,-0.3421236263262457,-0.06941553356161068,-0.5600394998539873,-0.015545057197712153,-0.04938271604938271,-0.0006141616667932961,036570
