,name,year,quarter,sector,Relative Return,매출액 변화율,실업률 변화율,이익잉여금 변화율,자본총계 변화율,법인세차감전 순이익 변화율,당기순이익 변화율,Label,Code
4,SK텔레콤,2023,Q4,커뮤니케이션서비스,-0.05261054758572337,0.01773668097319092,0.0625,-0.00394816903379458,-0.012899162910763762,-0.5017464795613038,-0.5432284137468353,-0.04163653217503588,017670
4,제일기획,2023,Q4,커뮤니케이션서비스,-0.22514020518944383,0.21478620181307329,0.0625,-0.07283682502893873,-0.08685851950533419,-2.147089454443573,-2.810623399342286,0.03465818367887934,030000
4,KT,2023,Q4,커뮤니케이션서비스,0.03440493118280813,-0.017310873046393116,0.0625,0.000252366987049113,0.004016053803668207,-0.5408430703961151,-0.5353162146374822,-0.0555379062467407,030200
4,LG유플러스,2023,Q4,커뮤니케이션서비스,-0.12344721092645021,0.05413174579611724,0.0625,0.01593491260799329,0.010378595963690174,-0.3752660108411966,-0.30273221340818735,-0.052109112061917456,032640
4,SBS,2023,Q4,커뮤니케이션서비스,-0.04232027923808333,0.09934733768198534,0.0625,0.0038366815965229506,0.03567666277111403,0.952174173092144,1.1594006096609868,-0.21123754566672434,034120
4,NAVER,2023,Q4,커뮤니케이션서비스,-0.14323353031945135,0.030568293587590167,0.0625,0.019119645410526243,0.04488091595611565,-0.18124180808901547,-0.3129282424102764,-0.03821944473012186,035420
4,엔씨소프트,2023,Q4,커뮤니케이션서비스,-0.3529001800138427,0.053708873159404424,0.0625,0.004675774851141901,0.02706524746959338,-1.5485663675462438,-0.5535210178578436,0.13211350864126836,036570
