,name,year,quarter,sector,Relative Return,이익잉여금 변화율,실업률 변화율,환율 변화율,1인평균급여 변화율,보유 주식 수 변화율,기말 소유주식 지분율 변화율,Label,Code
1,SK텔레콤,2024,Q3,커뮤니케이션서비스,0.1480776425971261,0.003216821698364347,-0.09523809523809512,-0.011538677997511404,0.0,0.0,0.0,-0.029722821426361228,017670
1,제일기획,2024,Q3,커뮤니케이션서비스,0.14019050476377237,0.0442610613555523,-0.09523809523809512,-0.011538677997511404,0.0,0.0,0.0,-0.08787900479801886,030000
1,KT,2024,Q3,커뮤니케이션서비스,0.222114110545662,0.014110345713829409,-0.09523809523809512,-0.011538677997511404,0.0,0.0,0.0,0.08243941018331263,030200
1,LG유플러스,2024,Q3,커뮤니케이션서비스,0.15455574478690715,0.0087767487506909,-0.09523809523809512,-0.011538677997511404,0.0,0.0,0.0,0.006925251602105331,032640
1,SBS,2024,Q3,커뮤니케이션서비스,0.013590057813970768,-0.03395652051661546,-0.09523809523809512,-0.011538677997511404,0.0,0.0,0.0,0.23472673078278594,034120
1,NAVER,2024,Q3,커뮤니케이션서비스,0.27535199399224725,0.07939029093691197,-0.09523809523809512,-0.011538677997511404,0.0,0.0,0.0,0.06098019907187478,035420
1,엔씨소프트,2024,Q3,커뮤니케이션서비스,0.21888764133863128,-0.006547178494953343,-0.09523809523809512,-0.011538677997511404,0.0,0.0,0.0,-0.3161102247267296,036570
