,name,year,quarter,sector,Relative Return,유동자산 변화율,비유동자산 변화율,매출액 변화율,자산총계 변화율,영업이익 변화율,비유동부채 변화율,Label,Code
5,SK텔레콤,2024,Q1,커뮤니케이션서비스,-0.010410923381107289,0.0970882537771236,-0.012586186300788782,-0.004871594019267955,0.008052830356555685,0.7182977148526701,-0.04080162847350266,0.08785202885842457,017670
5,제일기획,2024,Q1,커뮤니케이션서비스,0.04079984521159238,-0.15846026658595225,-0.01795677429789866,-0.1496869789609433,-0.114512244246884,-0.7094246593806505,-0.15602727270641892,-0.05285491260701005,030000
5,KT,2024,Q1,커뮤니케이션서비스,-0.03468020585882476,0.06910411345596756,-0.019980573939570423,0.022378162683201808,0.000854302985863642,1.0057405398246768,-0.05416538425104134,0.09554830945591036,030200
5,LG유플러스,2024,Q1,커뮤니케이션서비스,0.0011199097196988887,0.12406220799633827,-0.01881112679398944,-0.04699792895343746,0.014755467923143417,0.1704993516631823,-0.027498654343516615,0.00896016004143508,032640
5,SBS,2024,Q1,커뮤니케이션서비스,-0.21490626066424448,0.15251976130776934,-0.03439087704714017,-0.3048664992245753,0.038343026259425095,-1.8557406144673045,-0.021382988490387445,-0.24662286666320435,034120
5,NAVER,2024,Q1,커뮤니케이션서비스,-0.004516381938165881,0.4202105217201908,-0.01932758945027946,-0.019913457271475643,0.03067330785379907,-0.0801781484222659,0.18668827203147464,-0.10666826333042465,035420
5,엔씨소프트,2024,Q1,커뮤니케이션서비스,0.13818671178564776,-0.09534590077754279,0.05112897677040662,-0.09476812194486794,-0.02207974682917535,8.873868315958854,-0.0034244360785326,-0.09225738547868659,036570
