,name,year,quarter,sector,Relative Return,매출액 변화율,영업이익 변화율,자본총계 변화율,실업률 변화율,Label,Code
1,SK텔레콤,2024,Q3,커뮤니케이션서비스,0.1480776425971261,0.0036662689470372545,0.014597648834963284,-0.00026174687475433167,-0.09523809523809512,-0.08517500198916134,017670
1,제일기획,2024,Q3,커뮤니케이션서비스,0.14019050476377237,-0.03084957707970004,0.3232092108282014,0.055086593650148785,-0.09523809523809512,-0.07174559595334251,030000
1,KT,2024,Q3,커뮤니케이션서비스,0.222114110545662,0.047641358434015624,-0.05573235095776041,0.009541442581192827,-0.09523809523809512,0.07411643234813965,030200
1,LG유플러스,2024,Q3,커뮤니케이션서비스,0.15455574478690715,0.08304798710877304,0.00341918945796138,0.005685063783798405,-0.09523809523809512,0.009210228649106353,032640
1,SBS,2024,Q3,커뮤니케이션서비스,0.013590057813970768,0.28952697662417215,-5.647863161787015,-0.02655536318557583,-0.09523809523809512,0.27653325121706757,034120
1,NAVER,2024,Q3,커뮤니케이션서비스,0.27535199399224725,0.02038538721596983,-0.05068272127525275,0.0953397828788567,-0.09523809523809512,0.06098019907187478,035420
1,엔씨소프트,2024,Q3,커뮤니케이션서비스,0.21888764133863128,0.10763558166220144,-1.6986694881683095,-0.031206728708489506,-0.09523809523809512,-0.2889484908295588,036570
