,name,year,quarter,sector,Relative Return,국제유가 변화율,매출액 변화율,유동자산 변화율,이익잉여금 변화율,자산총계 변화율,영업이익 변화율,Label,Code
1,SK텔레콤,2024,Q3,커뮤니케이션서비스,0.1480776425971261,-0.05674568795778523,0.0036662689470372545,0.09603882961991217,0.003216821698364347,0.0017207472048055283,0.014597648834963284,-0.08517500198916134,017670
1,제일기획,2024,Q3,커뮤니케이션서비스,0.14019050476377237,-0.05674568795778523,-0.03084957707970004,0.019957069056848464,0.0442610613555523,0.0034787408108447604,0.3232092108282014,-0.07174559595334251,030000
1,KT,2024,Q3,커뮤니케이션서비스,0.222114110545662,-0.05674568795778523,0.047641358434015624,-0.0005362521050511493,0.014110345713829409,-0.016664010597142953,-0.05573235095776041,0.07411643234813965,030200
1,LG유플러스,2024,Q3,커뮤니케이션서비스,0.15455574478690715,-0.05674568795778523,0.08304798710877304,0.008125368009900491,0.0087767487506909,-0.009728111434147313,0.00341918945796138,0.009210228649106353,032640
1,SBS,2024,Q3,커뮤니케이션서비스,0.013590057813970768,-0.05674568795778523,0.28952697662417215,-0.0736944655023839,-0.03395652051661546,-0.04496541270142784,-5.647863161787015,0.27653325121706757,034120
1,NAVER,2024,Q3,커뮤니케이션서비스,0.27535199399224725,-0.05674568795778523,0.02038538721596983,0.4454395067926371,0.07939029093691197,0.07316684432483367,-0.05068272127525275,0.06098019907187478,035420
1,엔씨소프트,2024,Q3,커뮤니케이션서비스,0.21888764133863128,-0.05674568795778523,0.10763558166220144,-0.12369507228527388,-0.006547178494953343,-0.035668946517511846,-1.6986694881683095,-0.2889484908295588,036570
