,Feature,Importance
0,F_매출액 변화율,0.26042664922386893
1,F_유동자산 변화율,0.2544649407375789
2,M_국제유가 변화율,0.2467815178641785
3,F_법인세차감전 순이익 변화율,0.23832689217437375
