,Feature,Importance
0,M_국제유가 변화율,0.21161074789337694
1,F_매출액 변화율,0.19729929555498288
2,F_유동자산 변화율,0.1693069598795499
3,F_이익잉여금 변화율,0.15352737481168793
4,F_자산총계 변화율,0.1369785313136421
5,F_영업이익 변화율,0.1312770905467601
