,Feature,Average_Importance
0,F_매출액 변화율,0.09796763247225165
1,F_유동자산 변화율,0.08214192470656702
2,M_국제유가 변화율,0.078377264015091
3,F_비유동자산 변화율,0.06587255315467419
4,F_이익잉여금 변화율,0.06314535851084443
5,F_법인세차감전 순이익 변화율,0.06200728979816698
