,Feature,Importance
0,F_매출액 변화율,0.28256034770575067
1,M_국제유가 변화율,0.24741333331628745
2,F_유동자산 변화율,0.24452164015629402
3,F_자산총계 변화율,0.22550467882166772
