,Feature,Importance
0,F_비유동자산 변화율,0.23212547432954023
1,F_자산총계 변화율,0.17482073449156765
2,F_자본총계 변화율,0.15802875387241028
3,F_영업이익 변화율,0.14566857314973553
4,F_유동부채 변화율,0.14470059537884372
5,M_금리 변화율,0.14465586877790246
