,Feature,Average_Importance
0,M_국제유가 변화율,0.08668911493149226
1,F_영업이익 변화율,0.07785742879274103
2,F_이익잉여금 변화율,0.07781249138457588
3,F_비유동자산 변화율,0.06981073599255316
4,F_매출액 변화율,0.06679325570633077
5,M_소비자물가지수 변화율,0.06408145130601903
