,name,sector,year,quarter,영업이익변화율,비유동자산변화율,유동자산변화율,비유동부채변화율,매출액변화율,Relative Return,1인평균급여변화율,발행금액변화율,전체 주식 수변화율,전체 주주 수변화율,Label,Code
34,Ilshin_Spinning,섬유·의류,2016,Q1,0.8122238827302682,0.0013211311323422237,-0.06524841474385035,-0.003948992356794578,0.769701768546906,0.0,0.03158717702910685,0.0,-0.16535184978679296,0.016437744411749833,-0.092348353693945,003200
34,Chokwang_Leather,섬유·의류,2016,Q1,0.0506113161156766,-0.017268241429970077,-0.011624227655886443,-0.42540969978335497,0.7112979909234546,0.0,-0.05578024939651516,0.0,0.011394862186697718,-0.043286239037138685,-0.1000323363779277,004700
34,Hansum,섬유·의류,2016,Q1,0.6350709638537526,-0.010859029985282431,0.0016709811783407469,-0.19069428313466585,0.7185855570535886,0.0,0.09804380638829002,0.0,0.13746699738008006,0.13134497733666584,-0.023663288758880074,020000
34,Basic_House,섬유·의류,2016,Q1,0.8160542184608139,0.010861286603155884,-0.0400645635674266,0.03753729923274207,0.7745935628148046,0.0,0.29399013439068056,0.15185725845906128,0.3585478275566214,0.368233185337679,-0.06361238378150451,084870
34,LF_Corp,섬유·의류,2016,Q1,0.8402869495611937,0.015543437804184324,-0.004020254425957326,0.2831932849843978,0.759878971608106,0.0,0.07525692659970207,0.0,0.0695842266191069,0.07229172643919157,-0.05918898969345951,093050
34,Hansea,섬유·의류,2016,Q1,0.8153133056219025,-0.01714788222680319,0.09048293225579562,-0.012585166664253356,0.7581020378093486,0.0,0.09466052792546487,0.2026667107396234,0.04660650007040923,0.09259869699839551,0.058793607792844066,105630
