,name,sector,year,quarter,비유동자산변화율,영업이익변화율,유동자산변화율,Relative Return,1인평균급여변화율,발행금액변화율,전체 주주 수변화율,특정 증권 등 소유 증감 비율변화율,전체 주식 수변화율,특정 증권 등 소유 증감 수변화율,Label,Code
31,Ilshin_Spinning,섬유·의류,2016,Q4,-0.005148734451448034,-1.9554745772735527,-0.034267722288457536,-0.04713514410352055,-0.10152832329457562,0.0,-0.01534711548706924,-0.005792629070723532,0.015910321284791307,-0.005792629070723754,-0.009958836540721864,003200
31,Chokwang_Leather,섬유·의류,2016,Q4,-0.11169493198470626,0.5148904927564559,-0.022753424551308354,-0.17368950157717886,-0.08216853268728963,0.0,-0.06888602882944106,-0.09577113107499513,-0.073323566124184,-0.09577113107499535,0.07102926681610165,004700
31,Hansum,섬유·의류,2016,Q4,-0.10894740645148038,-0.9686239229013593,0.0363935817656349,-0.011458506696016016,0.01751743891648394,0.0,-0.04902910709800046,-0.009283787450891534,-0.045781736057275646,-0.00869120092524378,-0.1350112851410935,020000
31,Basic_House,섬유·의류,2016,Q4,0.07569165601525374,0.9155647261221874,0.00397694758916578,0.06764925300046633,-0.4003964438025214,-0.18155565013077513,-0.3105887316389504,-0.02121539131758232,-0.29698695629269745,-0.021160281933530367,-0.10870288872481759,084870
31,LF_Corp,섬유·의류,2016,Q4,-0.004036793680884054,-3.655388516440685,-0.09059080285244803,-0.003869884483480107,-0.11636382808047907,0.0,-0.045538028998643565,0.03555317941287961,-0.038802755005496126,0.03554557695807348,-0.020149942650811423,093050
31,Hansea,섬유·의류,2016,Q4,0.16500025700290777,0.680690429514667,-0.08015871979079336,-0.33838525091374017,-0.008202425866862928,-0.08425541929848479,-0.007905526152364617,-0.004434459321705608,0.012888151008979887,-0.004756556986303284,-0.041252550723294854,105630
