,name,sector,year,quarter,비유동자산변화율,영업이익변화율,유동자산변화율,Relative Return,1인평균급여변화율,발행금액변화율,전체 주주 수변화율,특정 증권 등 소유 증감 비율변화율,전체 주식 수변화율,특정 증권 등 소유 증감 수변화율,Label,Code
34,Ilshin_Spinning,섬유·의류,2016,Q1,0.0013211311323422237,0.8122238827302682,-0.06524841474385035,0.0,0.03158717702910685,0.0,0.016437744411749722,-0.08645126225211186,-0.16535184978679296,-0.08645126225211164,-0.092348353693945,003200
34,Chokwang_Leather,섬유·의류,2016,Q1,-0.017268241429970077,0.0506113161156766,-0.011624227655886443,0.0,-0.05578024939651516,0.0,-0.043286239037138685,-0.05607067221168682,0.011394862186697607,-0.05607067221168727,-0.1000323363779277,004700
34,Hansum,섬유·의류,2016,Q1,-0.010859029985282431,0.6350709638537526,0.0016709811783407469,0.0,0.09804380638828947,0.0,0.1313449773366656,-0.10625126116658201,0.13746699738007995,-0.10899785743152846,-0.023663288758880074,020000
34,Basic_House,섬유·의류,2016,Q1,0.010861286603155884,0.8160542184608139,-0.0400645635674266,0.0,0.29399013439067956,0.15185725845906206,0.3682331853376798,0.18408906314533469,0.3585478275566226,0.1840501242872531,-0.06361238378150451,084870
34,LF_Corp,섬유·의류,2016,Q1,0.015543437804184324,0.8402869495611937,-0.004020254425957326,0.0,0.07525692659970207,0.0,0.0722917264391918,34.985780527674684,0.06958422661910701,34.87635649007831,-0.05918898969345951,093050
34,Hansea,섬유·의류,2016,Q1,-0.01714788222680319,0.8153133056219025,0.09048293225579562,0.0,0.09466052792546487,0.2026667107396234,0.0925986969983954,0.6974164176979429,0.04660650007040945,0.6971992680029939,0.058793607792844066,105630
