,name,sector,year,quarter,비유동자산변화율,영업이익변화율,유동자산변화율,Relative Return,1인평균급여변화율,발행금액변화율,전체 주주 수변화율,특정 증권 등 소유 증감 비율변화율,전체 주식 수변화율,특정 증권 등 소유 증감 수변화율,Label,Code
33,Ilshin_Spinning,섬유·의류,2016,Q2,0.0034086490080494913,-0.7452712278161138,0.07411031639590437,-0.092348353693945,0.0368233710158945,0.0,0.025195566837894146,-6.637564350286951e-05,-0.05045820116611455,-6.637564350309155e-05,-0.1354751611530852,003200
33,Chokwang_Leather,섬유·의류,2016,Q2,-0.024948890393097667,-0.16896072151109442,-0.0731190101905217,-0.1000323363779277,-0.03765002633774661,0.0,-0.03821610875086545,-0.037326577204666256,-0.03785402862185272,-0.037326577204666256,0.1687540219652793,004700
33,Hansum,섬유·의류,2016,Q2,-0.002904210163107379,0.6569099059443978,0.03505949607962289,-0.023663288758880074,0.017139281411457485,0.0,0.01857612144209575,0.00981139780329876,0.0256979793000508,0.009695904774285724,-0.0152664610199637,020000
33,Basic_House,섬유·의류,2016,Q2,0.008267358259834379,0.705408912071984,0.07274951802184038,-0.06361238378150451,0.08142868229586608,0.03898828511188557,0.03479124248338228,0.07720792665120202,0.032918480457956645,0.07720643915153313,-0.1996772461570948,084870
33,LF_Corp,섬유·의류,2016,Q2,0.024009744694828417,-1.1850376914403484,-0.0013086917260363151,-0.05918898969345951,-0.00020841056974663097,0.0,0.002048719320132397,0.02301485008676396,0.0007920548554254392,0.023018524896329606,-0.17432840894779247,093050
33,Hansea,섬유·의류,2016,Q2,0.022026406575734403,0.16780022144965623,-0.12974362632937986,0.058793607792844066,-0.07593977192822443,-0.07065158704483343,-0.09370295170979892,-0.04595305013714368,-0.07779465838367261,-0.046158484440817604,-0.32565613449620084,105630
