,name,sector,year,quarter,영업이익변화율,비유동자산변화율,유동자산변화율,비유동부채변화율,매출액변화율,Relative Return,1인평균급여변화율,발행금액변화율,전체 주식 수변화율,전체 주주 수변화율,Label,Code
27,Ilshin_Spinning,섬유·의류,2017,Q4,0.9872539607927754,0.005110564613561852,0.00014937808240289563,0.0009379363826336196,0.014098539264189025,-0.037063999999999944,-0.14162581023443943,0.0,0.0017409382714247412,0.0030232214368113297,-0.05835701020736343,003200
27,Chokwang_Leather,섬유·의류,2017,Q4,0.5196489799188833,-0.06494207026467014,0.11553068161422886,0.062358461055114334,0.2341039531098884,-0.057109045045044986,-0.021172674025603522,0.0,-0.013089624697074864,-0.013309125410637446,0.09168791342246585,004700
27,Hansum,섬유·의류,2017,Q4,-1.0307303241518522,0.0056642349084045085,0.020442835831272932,0.24225711294339025,-0.5430107811015628,-0.06558081957186539,-0.09030233231620843,0.0,-0.01822931721722032,-0.021572146787827595,0.012026265053960608,020000
27,Basic_House,섬유·의류,2017,Q4,2.2727608539456456,0.0789185387494108,-0.001214789865194854,-0.5714927953151061,-0.7241253522287892,-0.19111161904761897,0.02911316088501581,-0.0940068837178929,-0.1223162229626864,-0.12450833960810881,-0.09036325532836266,084870
27,LF_Corp,섬유·의류,2017,Q4,-7.32907595856406,-0.03261591684440779,0.024377883675649636,0.0017558067497371876,-0.45074767851675857,-0.1613177313432835,-0.0961379785944263,0.0,-0.029114619190348856,-0.026836919519150237,0.20953494189511496,093050
27,Hansea,섬유·의류,2017,Q4,0.9173545251342337,0.019683683252665785,0.03479154274042906,0.055715158435181045,0.2670391441105223,-0.11039424118738397,0.002386109116714885,-0.10001889663727392,0.028020316386584976,0.03612267827212712,0.10751929882247256,105630
