,name,sector,year,quarter,비유동자산변화율,영업이익변화율,유동자산변화율,Relative Return,1인평균급여변화율,발행금액변화율,전체 주주 수변화율,특정 증권 등 소유 증감 비율변화율,전체 주식 수변화율,특정 증권 등 소유 증감 수변화율,Label,Code
28,Ilshin_Spinning,섬유·의류,2017,Q3,-0.00569636138866314,1.295782854609916,0.036105846092681526,-0.04049193253728617,0.013824984268131613,0.0,0.009704147243828176,-0.004335581851145243,-0.028495577878191236,-0.004335581851145465,-0.037063999999999944,003200
28,Chokwang_Leather,섬유·의류,2017,Q3,-0.05651093706279764,0.22893411757716542,0.005442993306411403,-0.1189065999309612,-0.04108055321079607,0.0,-0.03681041338636115,-0.04475679922530107,-0.036201985857789776,-0.04475679922530129,-0.057109045045044986,004700
28,Hansum,섬유·의류,2017,Q3,0.0022154125012548986,-0.37974602704646787,-0.10998570684764264,0.04598293518758155,-0.02410337852269051,0.0,-0.0279738637263367,-0.03380637186341606,-0.037341037495305596,-0.03392562353300432,-0.06558081957186539,020000
28,Basic_House,섬유·의류,2017,Q3,0.011490932901256024,2.8893094407185993,-0.07605938285395375,0.2357314424168086,0.012962355288959282,-0.04569107835347741,0.011317756913241328,-0.017056330680091047,0.013407178300166689,-0.017072964286306114,-0.19111161904761897,084870
28,LF_Corp,섬유·의류,2017,Q3,-0.07836137132980836,0.8248991528207484,0.014932507846093346,0.22587711508176145,-0.014983592860367656,0.0,-0.03727696348969922,-0.10438787916149073,-0.037467322418532234,-0.10439181319448565,-0.1613177313432835,093050
28,Hansea,섬유·의류,2017,Q3,0.17418841054394663,-1.770778569351748,-0.1432955424609721,-0.0023015790763141475,-0.04466835616025433,-0.04531834083685227,-0.06579428519898767,-0.5093433920469059,-0.05088244509458262,-0.5090187260860977,-0.11039424118738397,105630
