,name,sector,year,quarter,영업이익변화율,비유동자산변화율,유동자산변화율,비유동부채변화율,매출액변화율,Relative Return,1인평균급여변화율,발행금액변화율,전체 주식 수변화율,전체 주주 수변화율,Label,Code
29,Ilshin_Spinning,섬유·의류,2017,Q2,0.09019707857953296,0.005407843168064086,0.0001667870118901016,0.029261117137617476,-0.036096808745418985,-0.17896384866021575,0.0032852487008504516,0.0,-0.005607634094863867,0.0018971861322486516,-0.04049193253728617,003200
29,Chokwang_Leather,섬유·의류,2017,Q2,-0.20320821999268324,-0.06627731062152842,-0.005111044183067293,-0.15819984844447044,-0.05734888725976761,-0.1545678098090249,-0.04949465711140699,0.0,-0.04838681085866381,-0.04711417546314256,-0.1189065999309612,004700
29,Hansum,섬유·의류,2017,Q2,0.6688317230408412,-0.023992167962084032,0.2621049045078343,-0.0749481621919732,0.18642939598496433,-0.2683114865995625,0.06003502509823344,0.0,0.10153688938561467,0.07068574421673435,0.04598293518758155,020000
29,Basic_House,섬유·의류,2017,Q2,2.3050871183512127,0.004211872463877997,0.024837448370215176,0.8614391200480664,-0.20984757341017768,-0.18754498319416335,-0.3737148795022791,-0.08246823160630479,-0.17115973573259513,-0.18107862846327683,0.2357314424168086,084870
29,LF_Corp,섬유·의류,2017,Q2,-0.2843122837298,-0.265933382514302,0.128152537601529,-0.011333874535772726,-0.01289098255497323,-0.0495397922412527,-0.012650686924579269,0.0,-0.11045579093564983,-0.10231128390964073,0.22587711508176145,093050
29,Hansea,섬유·의류,2017,Q2,-1.3096329290520727,0.11832059085962043,-0.17557625417158707,-0.0070405338303278775,-0.06070033836807376,-0.13637875344354156,-0.06291877607869112,-0.059918555056560185,-0.06644155811077024,-0.09321256078364093,-0.0023015790763141475,105630
