,name,sector,year,quarter,영업이익변화율,비유동자산변화율,유동자산변화율,비유동부채변화율,매출액변화율,Relative Return,1인평균급여변화율,발행금액변화율,전체 주식 수변화율,전체 주주 수변화율,Label,Code
25,Ilshin_Spinning,섬유·의류,2018,Q2,-0.48437942100557785,-0.010823080892357728,-0.0596748249273662,-0.05131227497950408,-0.1262110966620691,0.02037723594455588,-0.036302054090324276,0.0,0.016298805100724234,-0.02897059062766205,0.12015405613350345,003200
25,Chokwang_Leather,섬유·의류,2018,Q2,0.0227501540327415,-0.018561927483388585,-0.011066180996928576,-0.07405506750362156,-0.0136009929630998,-0.011427798628590051,-0.018013755630205575,0.0,-0.017860062773243923,-0.018350163723666046,-0.060434767734784345,004700
25,Hansum,섬유·의류,2018,Q2,0.6418839466771149,0.0057581494299516756,-0.0738624128765144,-0.13201459831065265,0.19354184463366264,0.06359606817554941,-0.0006859583042972961,0.0,-0.004990213642593,0.0003023466551999032,0.316344061081549,020000
25,Basic_House,섬유·의류,2018,Q2,1.5479378213294095,0.07994367777718592,-0.014164837807440822,-0.1860248150213566,-0.1601060914506549,-0.0700544346661712,-0.0548634067243865,0.021667274463315844,-0.02939525770339224,-0.031457451188245944,-0.00423523446645746,084870
25,LF_Corp,섬유·의류,2018,Q2,-0.2931145867223597,-0.006553216299983511,-0.03001924517801502,-0.11682178104087626,-0.055474842685761416,-0.07466129616553585,-0.022456909949958748,0.0,-0.017703001196843315,-0.01851643294144001,0.06666147864916853,093050
25,Hansea,섬유·의류,2018,Q2,1.7676392136978145,-0.013390972652119748,-0.08882419923155793,-0.006224416082676765,-0.07289583241307818,-0.1346924649967047,-0.07206389556363746,-0.08049343945378196,-0.0630470298596526,-0.08852023203777137,-0.21970267144124736,105630
