,name,sector,year,quarter,비유동자산변화율,영업이익변화율,유동자산변화율,Relative Return,1인평균급여변화율,발행금액변화율,전체 주주 수변화율,특정 증권 등 소유 증감 비율변화율,전체 주식 수변화율,특정 증권 등 소유 증감 수변화율,Label,Code
24,Ilshin_Spinning,섬유·의류,2018,Q3,-0.011865620612211192,0.5869758443697497,0.05076707453448859,0.12015405613350345,0.021524436870241415,0.0,0.014041733152176938,-0.014879052613458787,-0.055228431965216096,-0.014879052613458787,-0.05268189892680826,003200
24,Chokwang_Leather,섬유·의류,2018,Q3,-0.03664212143503942,0.05906992297913549,-0.0677197098912774,-0.060434767734784345,-0.04310372403937923,0.0,-0.039880968435253905,-0.046343090165507084,-0.04074249559766052,-0.04634309016550686,0.06467456949431218,004700
24,Hansum,섬유·의류,2018,Q3,0.00761338248232224,-0.9419071071479188,-0.05716413708068013,0.316344061081549,-0.014312451531356407,0.0,-0.019073768297618088,-0.01438985562389572,-0.022108332126815844,-0.014439096698598775,-0.09896377216780666,020000
24,Basic_House,섬유·의류,2018,Q3,0.0036080379139655783,3.5421883956388416,-0.05503312601543664,-0.00423523446645746,0.01739856655306793,-0.006669374885294843,0.02605640900612538,-0.005443392420542814,0.026422713963174527,-0.00545123472725062,-0.31357815037335474,084870
24,LF_Corp,섬유·의류,2018,Q3,-0.035414555709700535,0.7258882210869257,0.05374557215910136,0.06666147864916853,0.015329911175284705,0.0,-0.009110517752265235,-0.043284204144727445,-0.012153091468381616,-0.04327819895183982,-0.07428982157184881,093050
24,Hansea,섬유·의류,2018,Q3,-0.046840270249888016,-1.7337133779755227,-0.05427102745145396,-0.21970267144124736,-0.06517892414133386,-0.07838787013624193,-0.0714891042377026,-0.23769244230494047,-0.057233376159699256,-0.23748466878342556,0.33381457403254683,105630
