,name,sector,year,quarter,비유동자산변화율,영업이익변화율,유동자산변화율,Relative Return,1인평균급여변화율,발행금액변화율,전체 주주 수변화율,특정 증권 등 소유 증감 비율변화율,전체 주식 수변화율,특정 증권 등 소유 증감 수변화율,Label,Code
26,Ilshin_Spinning,섬유·의류,2018,Q1,0.01533636632881663,406.0446275140305,-0.046207142295024095,-0.05835701020736343,0.11653888436966575,0.0,-0.009630117750622169,0.0035805650791645993,0.029608349948211377,0.0035805650791647103,0.02037723594455588,003200
26,Chokwang_Leather,섬유·의류,2018,Q1,-0.05269399741888536,-0.23068686524405968,0.07600936904528455,0.09168791342246585,-0.02545926093905604,0.0,-0.021255152202863004,-0.029150171821181958,-0.02258724850733107,-0.029150171821181958,-0.011427798628590051,004700
26,Hansum,섬유·의류,2018,Q1,0.015825372883022437,0.08070841054293632,0.06195028205281605,0.012026265053960608,0.09674750145480226,0.0,0.025454668307825834,0.026963411638271872,0.03726819327149544,0.02687211782410115,0.06359606817554941,020000
26,Basic_House,섬유·의류,2018,Q1,0.0008283300710916208,1.5467929040237194,0.025996116475226927,-0.09036325532836266,-0.0659756860582903,0.13740982589827222,0.09336821824887309,0.08518050849448144,0.09226127162319842,0.08516142113228309,-0.0700544346661712,084870
26,LF_Corp,섬유·의류,2018,Q1,0.04990563892097477,0.4749936134727264,-0.07711171343588741,0.20953494189511496,0.0630019338489306,0.0,0.01570152049129281,-0.0834258779372754,0.017777181184778112,-0.08345067479639234,-0.07466129616553585,093050
26,Hansea,섬유·의류,2018,Q1,0.1392641478152311,4.86906497051128,0.045017272697259414,0.10751929882247256,0.09854163576418995,0.19790577295453227,0.06768965412323147,0.01346091369179181,0.06267352038756024,0.013486373754937442,-0.1346924649967047,105630
