,name,sector,year,quarter,영업이익변화율,비유동자산변화율,유동자산변화율,비유동부채변화율,매출액변화율,Relative Return,1인평균급여변화율,발행금액변화율,전체 주식 수변화율,전체 주주 수변화율,Label,Code
20,Ilshin_Spinning,섬유·의류,2019,Q3,0.6310691222541351,-0.010659583649183402,0.08151734932282662,-0.098444212987719,0.06286212327315432,-0.03309507560791629,0.03365109556560486,0.0,-0.04750540590779684,0.022900176562669183,-0.14523959940889472,003200
20,Chokwang_Leather,섬유·의류,2019,Q3,0.1285821219026566,-0.055376999404750826,0.020074427171037135,-0.12258776229117974,0.12350489876252657,0.014303043514340759,-0.040131088946880666,0.0,-0.036771152554219144,-0.03517581452014773,0.012244772855898683,004700
20,Hansum,섬유·의류,2019,Q3,-1.8072972627402653,-0.01670016523295348,-0.14229413695719972,-1.3794023248788045,-0.03431181798716265,-0.1671350266882261,-0.051322840689910665,0.0,-0.06848295595725395,-0.055514429657242736,-0.19555511531774758,020000
20,Basic_House,섬유·의류,2019,Q3,1.906171283211585,-0.0285380071548913,0.18426739908974465,-0.0032636603197135905,0.23380672843602146,0.20286533494926845,0.27081711100989925,-0.08750378090296196,0.18718809768823697,0.18845620107535677,0.04301986557982366,084870
20,LF_Corp,섬유·의류,2019,Q3,0.8683234588157291,-0.023817499786135787,-0.14597404672813785,-0.1997061048507247,0.19081307303293382,-0.08039677788969825,-0.05240247581687152,0.0,-0.025127322224120174,-0.03173857934109248,-0.11144414867447702,093050
20,Hansea,섬유·의류,2019,Q3,-0.8276477227895249,-0.10114581475089612,-0.0390812769682789,-0.013152738566295952,-0.47407052838493646,-0.27181794443459134,-0.061673906325322214,-0.07777779991239941,-0.05286673020875643,-0.05825880694779606,-0.06370499524608576,105630
