,name,sector,year,quarter,영업이익변화율,비유동자산변화율,유동자산변화율,비유동부채변화율,매출액변화율,Relative Return,1인평균급여변화율,발행금액변화율,전체 주식 수변화율,전체 주주 수변화율,Label,Code
22,Ilshin_Spinning,섬유·의류,2019,Q1,-0.37736887031003463,-0.003962345041410131,-0.04727533089226088,0.01728942002877143,-0.06464178894969774,0.011955964519706264,0.23333071138204642,0.0,0.05138513903190334,-0.018231031568904266,-0.008934204158980712,003200
22,Chokwang_Leather,섬유·의류,2019,Q1,0.2819840015252991,-0.0448466639017695,-0.03459506093466125,-0.6767501786192303,0.1710607157792653,0.075057636003934,-0.04316402814332099,0.0,-0.03969314322761042,-0.03847458828334216,-0.025432316592795285,004700
22,Hansum,섬유·의류,2019,Q1,0.09041204298855854,0.00084614227586155,-0.10676774025267699,-6.82292936074815,0.09443206785606728,0.09148692022782948,0.18804572186074187,0.0,-0.028967653476639432,-0.02629637140368457,0.19108947125979653,020000
22,Basic_House,섬유·의류,2019,Q1,1.3092539114887136,0.025476604694682048,0.012374817825753226,-0.14880017957226133,0.29933685481796046,-0.23530340416323575,-0.1121535285928108,0.19488717074075546,0.06793742490436605,0.0743960732460559,-0.24593603532166614,084870
22,LF_Corp,섬유·의류,2019,Q1,0.46653733241578876,-0.2781066629855191,0.18389460937089863,-0.09932916134877079,0.17273188508700754,0.08699125033480859,0.15394589242881196,0.0,-0.11777418892389524,-0.11260315539937715,-0.05185361193314906,093050
22,Hansea,섬유·의류,2019,Q1,-0.2969340303207646,-0.2021703633800136,0.11532373927353701,-0.06107539610872803,-0.014494713847597263,0.0334947468383051,0.19066266621619465,0.2051784716215761,0.05058920965042635,0.06777222963669582,0.4042240287039441,105630
