,name,sector,year,quarter,비유동자산변화율,영업이익변화율,유동자산변화율,Relative Return,1인평균급여변화율,발행금액변화율,전체 주주 수변화율,특정 증권 등 소유 증감 비율변화율,전체 주식 수변화율,특정 증권 등 소유 증감 수변화율,Label,Code
21,Ilshin_Spinning,섬유·의류,2019,Q2,-0.0029171990333318742,1.3339152692568867,0.03489498942741864,-0.008934204158980712,0.015983577230886614,0.0,0.010631697388044481,-0.001524388481257466,-0.020169126735576137,-0.001524388481257466,-0.03309507560791629,003200
21,Chokwang_Leather,섬유·의류,2019,Q2,-0.07096931767783898,-0.8394330098301304,-0.030107304542845714,-0.025432316592795285,-0.060708896393564915,0.0,-0.05492474522840962,-0.06694487223365853,-0.05998597167075581,-0.0669448722336583,0.014303043514340759,004700
21,Hansum,섬유·의류,2019,Q2,0.0002289299437410186,0.7058160433354209,0.045350726687769294,0.19108947125979653,0.0201772001486058,0.0,0.0229419147855483,0.012056820288654957,0.029497337872752882,0.011951955729587183,-0.1671350266882261,020000
21,Basic_House,섬유·의류,2019,Q2,0.1738840713796883,3.600625654686399,-0.23906410045892268,-0.24593603532166614,-0.3620294236578243,0.0983694265158992,-0.18158465275414581,-0.1454313387816628,-0.17473827891134808,-0.14539596698662272,0.20286533494926845,084870
21,LF_Corp,섬유·의류,2019,Q2,-0.06261132584713769,-0.39199649188761176,0.06908424589998197,-0.05185361193314906,-0.008467925992966308,0.0,-0.03565714482653526,0.001410256610039906,-0.0381317552091569,0.001427104246192079,-0.08039677788969825,093050
21,Hansea,섬유·의류,2019,Q2,-0.06646328351653641,-0.5340148839984,-0.07506901877574212,0.4042240287039441,-0.07287776747938302,-0.07568580207944953,-0.07894936127540442,-0.023988300747240343,-0.06871934607609353,-0.02408568238075781,-0.27181794443459134,105630
