,name,sector,year,quarter,Relative Return,자본총계 변화율,영업이익 변화율,실업률 변화율,수출액 변화율,1인평균급여 변화율,전체 주주 수 변화율,발행금액 변화율,전체 주식 수 변화율,자기주식수 변화율,Label,Code
19,Ilshin_Spinning,섬유·의류,2019,Q4,-0.14523959940889472,0.01859526680912671,-0.07843131931460667,0.05357142857142849,0.024390380515078802,0.9985721920173877,0.024390201901591246,0.0,0.024390201901591357,0.6020412809469717,-0.1714879477695866,003200
19,Chokwang_Leather,섬유·의류,2019,Q4,0.012244772855898683,-0.03368679528257634,0.3872293533084802,0.05357142857142849,0.024390380515078802,0.024389773836830164,0.024389773836830164,0.0,0.024389773836830164,-0.22253716457950956,-0.0260012293056074,004700
19,Hansum,섬유·의류,2019,Q4,-0.19555511531774758,0.024377657329070157,-0.5288761851672517,0.05357142857142849,0.024390380515078802,-0.11391481706185047,0.024377657329070268,0.0,0.024377657329070157,-0.23069550879688405,0.0024034827939191927,020000
19,Basic_House,섬유·의류,2019,Q4,0.04301986557982366,0.357952335708672,3.3168583088149792,0.05357142857142849,0.024390380515078802,-0.44784079067988736,0.024390946885121445,-1.4481392765551124,0.024390946885121445,0.0,-0.20137245306392793,084870
19,LF_Corp,섬유·의류,2019,Q4,-0.11144414867447702,-0.01865555556606524,-6.703409443408319,0.05357142857142849,0.024390380515078802,-0.6805018235182341,0.02438116996790729,0.0,0.02438116996790729,0.02438116996790718,-0.15854674192138513,093050
19,Hansea,섬유·의류,2019,Q4,-0.06370499524608576,0.05504235628488763,0.6091983842906068,0.05357142857142849,0.024390380515078802,-0.17652802721356475,0.02439577156756234,-0.21104832945980445,0.02439577156756223,-0.32209840661769307,-0.17801526908498227,105630
