,name,sector,year,quarter,비유동자산변화율,영업이익변화율,유동자산변화율,Relative Return,1인평균급여변화율,발행금액변화율,전체 주주 수변화율,특정 증권 등 소유 증감 비율변화율,전체 주식 수변화율,특정 증권 등 소유 증감 수변화율,Label,Code
16,Ilshin_Spinning,섬유·의류,2020,Q3,0.17888814242043072,-0.744993715459932,-0.5651241426799292,0.11507910285134088,-0.14656465952237951,0.0,-0.08480294697900392,0.061735078009921285,0.25816585733827957,0.06173507800992084,0.06284590236150003,003200
16,Chokwang_Leather,섬유·의류,2020,Q3,-0.12449516886445289,-0.7569655545361111,-0.1411130488602237,0.15165661110842032,-0.12449582548817562,0.0,-0.11608376523970176,-0.1338210631348964,-0.12401987018960359,-0.1338210631348964,-0.17530823857307148,004700
16,Hansum,섬유·의류,2020,Q3,0.004591176500074123,-0.5519427610021255,-0.04836304574274308,0.6271262043006163,-0.01903934383499739,0.0,-0.020986528291471407,-0.028748658578507724,-0.02449404666933086,-0.028868299091267424,-0.23852155414129672,020000
16,Basic_House,섬유·의류,2020,Q3,-0.07269806757880315,2.8673763212572494,-0.07574015669431344,0.1440532876339496,0.01831641271295703,0.003799486924511264,0.035561979776309816,-0.039247493740895756,0.0336458968639568,-0.03925224321814502,-0.12219584710303348,084870
16,LF_Corp,섬유·의류,2020,Q3,0.0029595877752021105,0.8571079610166286,0.055739436207098425,-0.025174348621974568,0.025788330385175584,0.0,0.011309967807160981,-0.009690508643292128,0.009101666276540632,-0.009686992980252995,-0.012396166862273586,093050
16,Hansea,섬유·의류,2020,Q3,-0.08129197990341552,16.046236469103487,0.012232214393379182,-0.020957500227965775,-0.012321617046575195,-0.024778275652738824,0.004541083207428853,-0.31671748120461496,-0.011452858462669857,-0.3161422839920984,0.6131198092881621,105630
