,name,sector,year,quarter,비유동자산변화율,영업이익변화율,유동자산변화율,Relative Return,1인평균급여변화율,발행금액변화율,전체 주주 수변화율,특정 증권 등 소유 증감 비율변화율,전체 주식 수변화율,특정 증권 등 소유 증감 수변화율,Label,Code
18,Ilshin_Spinning,섬유·의류,2020,Q1,-0.004500788040459058,-7.237577196946784,-0.06685350235842158,-0.1714879477695866,-695.9533558348605,0.0,-0.024452464598028856,0.003443431529408514,0.06364028391160992,0.003443431529408736,-0.16432144878989294,003200
18,Chokwang_Leather,섬유·의류,2020,Q1,0.09606751574842987,-0.1547749879972582,-0.01095366238003792,-0.0260012293056074,0.07366649075816667,0.0,0.0598636040603453,0.08771536439692562,0.07020281631533831,0.08771536439692573,0.22980384196621656,004700
18,Hansum,섬유·의류,2020,Q1,0.02256705718301777,0.1692491230304588,0.01780931817640019,0.0024034827939191927,0.05966711059390939,0.0,0.03712813250410729,0.006412007837043876,0.04214734649683205,0.006030170282862901,-0.18850819750639278,020000
18,Basic_House,섬유·의류,2020,Q1,0.19305952901440238,2.287467951133901,0.1178637336506646,-0.20137245306392793,0.20201587330336845,0.41257425342897636,0.18098069111862525,0.34769946312727207,0.172546188036649,0.3477217008917207,-0.34680815428495504,084870
18,LF_Corp,섬유·의류,2020,Q1,0.023631254596527707,1.0916650577653284,0.02784049402043698,-0.15854674192138513,0.19670081724132027,0.0,0.028069759864990163,-0.08687096461753074,0.027957458444400896,-0.086889453224813,-0.21755827847770212,093050
18,Hansea,섬유·의류,2020,Q1,-0.027642432016771856,0.1752854579683415,0.13306658771566604,-0.17801526908498227,0.2197948089573699,0.23227288686751335,0.10074202151792355,0.2190027305346287,0.09080577767033915,0.2189599973545071,-0.2832508420319906,105630
