,name,sector,year,quarter,비유동자산변화율,영업이익변화율,유동자산변화율,Relative Return,1인평균급여변화율,발행금액변화율,전체 주주 수변화율,특정 증권 등 소유 증감 비율변화율,전체 주식 수변화율,특정 증권 등 소유 증감 수변화율,Label,Code
17,Ilshin_Spinning,섬유·의류,2020,Q2,-0.002627693536808806,1.4568950648995524,0.043129304338365926,-0.16432144878989294,0.01987068051002583,0.0,0.015821497816638885,-0.0064398741102345,-0.04253658346771805,-0.006439874110234278,0.11507910285134088,003200
17,Chokwang_Leather,섬유·의류,2020,Q2,-0.06900924091902572,0.25373772145801665,-0.0323276723877548,0.22980384196621656,-0.060439996261644646,0.0,-0.052938461578794005,-0.06828075514782728,-0.058138847257927395,-0.06828075514782705,0.15165661110842032,004700
17,Hansum,섬유·의류,2020,Q2,0.013200175004813741,0.4960081201169386,-0.05129176272074121,-0.18850819750639278,-0.017359143462053694,0.0,-0.020417712332486015,-0.024914461351538852,-0.024886574968710606,-0.025019709675917712,0.6271262043006163,020000
17,Basic_House,섬유·의류,2020,Q2,0.12307139548481161,1.2976363339220094,-0.01740249732492094,-0.34680815428495504,-0.16572138930360558,0.1512159921752455,-0.10991492830699912,0.019354140329438496,-0.11067990122704963,0.019423632868521556,0.1440532876339496,084870
17,LF_Corp,섬유·의류,2020,Q2,-0.03286180928720572,6.600529982820832,-0.11910263197346227,-0.21755827847770212,-0.06535021899271598,0.0,-0.04984817753925164,-0.05529457212987232,-0.040958943788097724,-0.055313877164900216,-0.025174348621974568,093050
17,Hansea,섬유·의류,2020,Q2,0.13390458085741486,1.2598782440874325,-0.3628179603965598,-0.2832508420319906,-0.1952291402527404,-0.19591329399898405,-0.24482175456157473,-0.42738989030763364,-0.19460917844515402,-0.4276058045197815,-0.020957500227965775,105630
