,name,sector,year,quarter,영업이익변화율,비유동자산변화율,유동자산변화율,비유동부채변화율,매출액변화율,Relative Return,1인평균급여변화율,발행금액변화율,전체 주식 수변화율,전체 주주 수변화율,Label,Code
16,Ilshin_Spinning,섬유·의류,2020,Q3,-0.744993715459932,0.17888814242043072,-0.5651241426799292,0.3767999494481896,-0.16473371285088212,0.11507910285134088,-0.14656465952237951,0.0,0.2581658573382798,-0.08480294697900415,0.06284590236150003,003200
16,Chokwang_Leather,섬유·의류,2020,Q3,-0.7569655545361111,-0.12449516886445289,-0.1411130488602237,-0.7537414453089659,-0.21865694322979778,0.15165661110842032,-0.12449582548817584,0.0,-0.12401987018960359,-0.11608376523970176,-0.17530823857307148,004700
16,Hansum,섬유·의류,2020,Q3,-0.5519427610021255,0.004591176500074123,-0.04836304574274308,0.06326336049572301,0.056387107396577596,0.6271262043006163,-0.019039343834997613,0.0,-0.02449404666933086,-0.020986528291471407,-0.23852155414129672,020000
16,Basic_House,섬유·의류,2020,Q3,2.8673763212572494,-0.07269806757880315,-0.07574015669431344,-0.041137498801772754,0.3166310622103521,0.1440532876339496,0.01831641271295703,0.00379948692451082,0.033645896863956026,0.03556197977630915,-0.12219584710303348,084870
16,LF_Corp,섬유·의류,2020,Q3,0.8571079610166286,0.0029595877752021105,0.055739436207098425,0.008530271477910523,0.19373504293039834,-0.025174348621974568,0.025788330385175584,0.0,0.009101666276540632,0.011309967807160981,-0.012396166862273586,093050
16,Hansea,섬유·의류,2020,Q3,16.046236469103487,-0.08129197990341552,0.012232214393379182,-0.41643897144839404,-0.5205536306680474,-0.020957500227965775,-0.012321617046575195,-0.024778275652738824,-0.011452858462669635,0.004541083207428853,0.6131198092881621,105630
