,name,sector,year,quarter,비유동자산변화율,영업이익변화율,유동자산변화율,Relative Return,1인평균급여변화율,발행금액변화율,전체 주주 수변화율,특정 증권 등 소유 증감 비율변화율,전체 주식 수변화율,특정 증권 등 소유 증감 수변화율,Label,Code
14,Ilshin_Spinning,섬유·의류,2021,Q1,-0.025833868570838803,-11.605942137021527,-0.028101751942500197,-0.10798270181009215,0.2915008720058485,0.0,0.10470280687457645,-0.001341245675896996,-1.2556867476335976,-0.001341245675896774,0.11435134190338815,003200
14,Chokwang_Leather,섬유·의류,2021,Q1,-0.10722943107945082,0.10151916074047118,0.015439475526588975,-0.06403465196150276,-0.07980288883944531,0.0,0.10190102917734134,-0.09105758949708309,-0.06853445847050255,-0.09105758949708309,-0.14651559594498942,004700
14,Hansum,섬유·의류,2021,Q1,-0.0051613050542733685,-0.23862129246901143,-0.0011627295345035815,-0.2718515861398628,0.13185281914227776,0.0,-0.07350034605004319,-0.00897279465771561,0.28005003930420236,-0.00912884729171104,0.2765775151444424,020000
14,Basic_House,섬유·의류,2021,Q1,0.07914189258238047,1.5289246122129077,0.03664978940354069,-0.2092894140670703,0.3851163679518248,0.05949030248799969,0.300846833249902,0.11729783861112275,0.3210003827278398,0.11728387228697812,0.034428754813863885,084870
14,LF_Corp,섬유·의류,2021,Q1,-0.011166856522722757,0.7589168187660087,-0.0005461044764674128,-0.1763112527426603,0.20896434812214593,0.0,0.20307242233859124,-0.07004619096405484,0.2819977194619553,-0.07005487214054185,0.04290333108505032,093050
14,Hansea,섬유·의류,2021,Q1,0.0012086486063115354,-6.22870989822742,-0.04316456862002416,-0.27953997439892053,0.1732970274064073,0.13849772755576828,-0.08266617951805832,-0.04050061702196084,0.26436132314866834,-0.04053442254906203,0.08342588948435099,105630
