,name,sector,year,quarter,비유동자산변화율,영업이익변화율,유동자산변화율,Relative Return,1인평균급여변화율,발행금액변화율,전체 주주 수변화율,특정 증권 등 소유 증감 비율변화율,전체 주식 수변화율,특정 증권 등 소유 증감 수변화율,Label,Code
12,Ilshin_Spinning,섬유·의류,2021,Q3,-0.013813920618542808,0.38112939463113893,-0.028004515785700734,0.07577862798807117,-0.025474796040112713,0.0,-0.020451920690819803,-0.010753122224264722,-0.004203897257432754,-0.010753122224264722,0.21385990084756618,003200
12,Chokwang_Leather,섬유·의류,2021,Q3,-0.03985986789068807,0.06386831862796305,0.05520237874945644,-0.028458269973660577,-0.024262384856635233,0.0,-0.02063944376598381,-0.027573217998481114,-0.023133875550001237,-0.027573217998481336,0.10547076927616411,004700
12,Hansum,섬유·의류,2021,Q3,-0.017556301434228594,-0.4858511263240368,-0.09386484662659456,0.005482435285391031,-0.0431912310167164,0.0,-0.0422648883449086,-0.06694488332616277,-0.052948595042925595,-0.06713640608756788,0.01113146039932239,020000
12,Basic_House,섬유·의류,2021,Q3,0.103381069408508,1.1942547251458813,-0.07969288471238256,0.3579902722759867,0.02159447515747781,-0.01889367126346575,0.04220219282659965,-0.007062395501120866,0.043582476031659656,-0.00708883495166357,0.17982046747321095,084870
12,LF_Corp,섬유·의류,2021,Q3,-0.019439176280260817,0.7686791307511434,0.00011960061985938353,0.1809339952197096,-0.008056461360876233,0.0,-0.01496233554061055,-0.05968659144168176,-0.01630945251732041,-0.059690537282070855,-0.04517014562553924,093050
12,Hansea,섬유·의류,2021,Q3,-0.12286373087541724,-0.3223835552832224,-0.009841216825545951,0.15799670149033665,-0.03821544142353184,-0.04027040301225826,-0.03282361202399908,0.03996093173169035,-0.03503225822552691,0.03992157780996253,0.032836591049713384,105630
