,name,sector,year,quarter,영업이익변화율,비유동자산변화율,유동자산변화율,비유동부채변화율,매출액변화율,Relative Return,1인평균급여변화율,발행금액변화율,전체 주식 수변화율,전체 주주 수변화율,Label,Code
8,Ilshin_Spinning,섬유·의류,2022,Q3,1.4455850483462205,-0.027181237756563004,0.014532422180667193,0.07173352719299986,0.19535546620905841,-0.05268361516403927,-0.004704993058466611,0.0,-0.04065437071311573,-0.0022818918155020906,0.20582005280894128,003200
8,Chokwang_Leather,섬유·의류,2022,Q3,0.3755373638515188,-0.06145440797290358,-0.0692738701941722,-0.140320242082975,-0.2461194357808143,-0.039171237573991796,-0.05899394799682289,0.0,-0.05909562812750013,-0.052892998822613,0.24543943614335362,004700
8,Hansum,섬유·의류,2022,Q3,-0.20161054147460944,-0.010222510765145021,-0.036274581536367645,0.01979597916532172,0.04479467039974849,0.02443266789283785,-0.019883654453449084,0.0,-0.0225228646054203,-0.01982171857704107,-0.08500944466062128,020000
8,Basic_House,섬유·의류,2022,Q3,1.1153876076261844,0.10491413967231789,-0.2324235888545787,0.08211519765517838,0.28282001544634217,0.03560402312359902,-0.09614483121300443,-0.058118688188304235,-0.035654694583368673,-0.03746655133292909,-0.01482428000822078,084870
8,LF_Corp,섬유·의류,2022,Q3,0.6517042043791328,-0.039888778468561314,-0.00489800863355061,0.02081576864449386,0.19806401030312815,0.03168060818323491,-0.017941151347035333,0.0,-0.026837203655153186,-0.02669304039832654,0.04287236186692008,093050
8,Hansea,섬유·의류,2022,Q3,-0.23125862737207026,-0.05814872974121954,0.14441553157812081,0.547587680736817,0.03133762556645803,-0.19707904162053444,0.10232541616539159,0.10837506134581842,0.09368772198436948,0.12551562487584444,-0.12081553216975065,105630
