,name,sector,year,quarter,비유동자산변화율,영업이익변화율,유동자산변화율,Relative Return,1인평균급여변화율,발행금액변화율,전체 주주 수변화율,특정 증권 등 소유 증감 비율변화율,전체 주식 수변화율,특정 증권 등 소유 증감 수변화율,Label,Code
10,Ilshin_Spinning,섬유·의류,2022,Q1,-0.0012054494058884035,0.23226867291609987,-0.04073945475319185,-0.0874746314314278,0.1979806342470849,0.0,0.2286712015172102,-0.006272075299434299,-1.179047660779271,-0.006272075299434521,0.16355116655355834,003200
10,Chokwang_Leather,섬유·의류,2022,Q1,-0.07063187281745376,2.356912740184035,0.02800273622357563,-0.02367133233401104,0.033200069297230295,0.0,0.14951223272321246,-0.06468487407549994,-0.3939870032050905,-0.06468487407549994,0.02266246024429127,004700
10,Hansum,섬유·의류,2022,Q1,-0.015706431908260043,-0.11874444393668626,-0.10593426956809049,-0.08078187799417502,0.05036296475493751,0.0,0.1591708914170351,-0.07867439849444091,0.06735268203284495,-0.07903633740404636,0.07943901702084805,020000
10,Basic_House,섬유·의류,2022,Q1,0.10276130827128205,1.703958603221624,-0.07409004079131609,-0.22609466629191496,0.20353674854542136,0.16423280084992298,0.29723820822214964,0.011374739503494324,0.28030947159048414,0.011399906545077387,0.04174500371707864,084870
10,LF_Corp,섬유·의류,2022,Q1,-0.02504142465770376,0.7015263979337979,-0.009505854074570053,-0.022947144458985182,0.08373327961160848,0.0,0.35729724460003554,-0.07345025505592839,0.21457514893682605,-0.073457460966174,0.09961192768367225,093050
10,Hansea,섬유·의류,2022,Q1,-0.012514165277907052,-0.4993783556008322,-0.08082147121838745,-0.026021603830890857,-0.01805429182777618,-0.08867421258919395,0.16174795760478922,-0.20240785823473262,0.09239087133460255,-0.20228648529723636,0.2908026533844844,105630
