,name,sector,year,quarter,영업이익변화율,비유동자산변화율,유동자산변화율,비유동부채변화율,매출액변화율,Relative Return,1인평균급여변화율,발행금액변화율,전체 주식 수변화율,전체 주주 수변화율,Label,Code
10,Ilshin_Spinning,섬유·의류,2022,Q1,0.23226867291609987,-0.0012054494058884035,-0.04073945475319185,-0.028285804964752526,0.0658433546595153,-0.0874746314314278,0.1979806342470849,0.0,-1.1790476607792706,0.2286712015172102,0.16355116655355834,003200
10,Chokwang_Leather,섬유·의류,2022,Q1,2.356912740184035,-0.07063187281745376,0.02800273622357563,-0.11705789452335003,-0.03639936317805792,-0.02367133233401104,0.03320006929723063,0.0,-0.3939870032050905,0.14951223272321246,0.02266246024429127,004700
10,Hansum,섬유·의류,2022,Q1,-0.11874444393668626,-0.015706431908260043,-0.10593426956809049,0.006614642705156992,0.12031098636280757,-0.08078187799417502,0.05036296475493762,0.0,0.06735268203284495,0.15917089141703544,0.07943901702084805,020000
10,Basic_House,섬유·의류,2022,Q1,1.703958603221624,0.10276130827128205,-0.07409004079131609,0.10853429325533903,0.32901107214138947,-0.22609466629191496,0.20353674854542048,0.16423280084992264,0.28030947159048347,0.2972382082221483,0.04174500371707864,084870
10,LF_Corp,섬유·의류,2022,Q1,0.7015263979337979,-0.02504142465770376,-0.009505854074570053,-0.011479515449519972,0.2150114511421235,-0.022947144458985182,0.08373327961160848,0.0,0.21457514893682605,0.35729724460003576,0.09961192768367225,093050
10,Hansea,섬유·의류,2022,Q1,-0.4993783556008322,-0.012514165277907052,-0.08082147121838745,0.006397006453077947,-0.25216887567457413,-0.026021603830890857,-0.01805429182777618,-0.08867421258919395,0.09239087133460233,0.16174795760478933,0.2908026533844844,105630
