,name,sector,year,quarter,영업이익변화율,비유동자산변화율,유동자산변화율,비유동부채변화율,매출액변화율,Relative Return,1인평균급여변화율,발행금액변화율,전체 주식 수변화율,전체 주주 수변화율,Label,Code
7,Ilshin_Spinning,섬유·의류,2022,Q4,-8.601374068299803,-0.18264056299778564,-0.09891680643134615,-0.42262559083109186,-0.042986181650928046,0.20582005280894128,-0.09004853779352695,0.0,0.5823529048791926,-0.19836374010417224,-0.007139309872420663,003200
7,Chokwang_Leather,섬유·의류,2022,Q4,5.180014918330021,0.03165655036994963,-0.05927166115115723,0.118632164388346,-0.12955412573336855,0.24543943614335362,-0.07819716328616466,0.0,-0.39410904788092616,-0.18091799027005573,-0.0014633552800574021,004700
7,Hansum,섬유·의류,2022,Q4,-0.4815531995968456,0.025170810281958,0.0568341121578958,0.06856687073135281,-0.3232132024298602,-0.08500944466062128,-0.10027006713566555,0.0,-0.01784116413217607,-0.11972236978871398,0.02745831296049629,020000
7,Basic_House,섬유·의류,2022,Q4,2.624250241045061,0.06521652222923413,0.09670534509390927,0.42242237376512515,-0.5059140847491166,-0.01482428000822078,-0.3381548172583999,0.10218328074912808,-0.23583687929819175,-0.28914201406172,-0.03783875382910781,084870
7,LF_Corp,섬유·의류,2022,Q4,-2.481665197989854,-0.03864909433324071,0.022528557739822208,0.09708733217764554,-0.3702622935737174,0.04287236186692008,0.07748828568420218,0.0,-0.21691632877517053,-0.1827952820009242,0.06838100064086315,093050
7,Hansea,섬유·의류,2022,Q4,0.7106936377700495,0.03069199101151132,0.07840426490556651,0.2899768067455408,0.2773813992614639,-0.12081553216975065,0.06174125788023188,0.11126531312832999,-0.04795123213689778,-0.35686691785228986,0.11126189676408008,105630
