,name,sector,year,quarter,영업이익변화율,비유동자산변화율,유동자산변화율,비유동부채변화율,매출액변화율,Relative Return,1인평균급여변화율,발행금액변화율,전체 주식 수변화율,전체 주주 수변화율,Label,Code
6,Ilshin_Spinning,섬유·의류,2023,Q1,0.843760799574218,-0.034695830237746916,0.23480238961062916,-0.01722753068564531,0.04632353516431742,-0.007139309872420663,0.08938388862293423,0.0,-2.619226517517097,0.12967235592106618,0.17309528113054712,003200
6,Chokwang_Leather,섬유·의류,2023,Q1,-0.06783046237624846,-0.07783284343869212,0.022881988465672132,-0.11327404670758878,0.03728754802791978,-0.0014633552800574021,0.03327179693964655,0.0,0.2522501326045511,0.11806920182906655,-0.099453738477296,004700
6,Hansum,섬유·의류,2023,Q1,-0.09895803543601,-0.33358342468595215,0.09735222459592097,0.05311599113813714,0.10188559934308705,0.02745831296049629,0.04728808377633009,0.0,0.017785284360562037,0.08809682901981608,-0.14349043572500242,020000
6,Basic_House,섬유·의류,2023,Q1,1.307560488305152,0.03883638867863981,0.026780887256410035,0.13658545519092158,0.24136463012341614,-0.03783875382910781,0.31660203921591024,0.05922623741174882,0.30585820631679606,0.3269482434562654,0.07048491182945246,084870
6,LF_Corp,섬유·의류,2023,Q1,0.6042202860350718,0.0017570793660750539,0.015466070546000465,0.005654914280095014,0.18027854451102454,0.06838100064086315,-0.09961648073482299,0.0,0.15319238162597615,0.1311707210697668,-0.0013524726545111887,093050
6,Hansea,섬유·의류,2023,Q1,-0.5743893753209406,0.027491794537613856,0.02501717756517441,-0.02835357417110629,0.04195693530958722,0.11126189676408008,0.03502259060180546,0.001852391309475343,0.12285503833222178,0.34213235544229237,-0.09101218003573755,105630
