,name,sector,year,quarter,영업이익변화율,비유동자산변화율,유동자산변화율,비유동부채변화율,매출액변화율,Relative Return,1인평균급여변화율,발행금액변화율,전체 주식 수변화율,전체 주주 수변화율,Label,Code
4,Ilshin_Spinning,섬유·의류,2023,Q3,0.588417886663968,0.004654370078166936,0.04100698594641583,-0.4825923941208181,0.03052538996781784,-0.24093652057505588,0.025998209867786448,0.0,-0.019837462345267953,0.01810724966764321,-0.097748668810133,003200
4,Chokwang_Leather,섬유·의류,2023,Q3,-1.246716836599325,-0.007773933279928924,-0.04677345101305175,-0.024688902936554458,0.08211103723509139,-0.07373011355312234,-0.012568956924473795,0.0,-0.012453296019165672,-0.013411702898559197,0.07465855425889367,004700
4,Hansum,섬유·의류,2023,Q3,-0.50696203024334,0.007687344827257081,-0.04174329754490169,0.08602893532965494,0.06069144155522188,-0.15318769013162023,-0.02104432124276423,0.0,-0.024718055542449102,-0.0228361220208948,-0.15931729626111338,020000
4,Basic_House,섬유·의류,2023,Q3,1.180433118734497,-0.29025259578171325,0.029427391105418255,-1.5998579365959875,0.2635681489684504,-0.09604293502692966,0.12603492123618432,-0.09878479765204529,0.11042369590770296,0.11052462313209732,0.21289941176204624,084870
4,LF_Corp,섬유·의류,2023,Q3,0.9514428953746775,0.0035657974337185427,-0.03542144507363676,0.2206459132194557,0.2087542936854837,-0.063621160669603,-0.005850051930632816,0.0,-0.0015503995451477959,0.00042126390139107794,-0.11620588010920307,093050
4,Hansea,섬유·의류,2023,Q3,-0.3553265841398432,-0.029066044327590523,0.05994632036124292,-0.06233610911682019,-0.21119456782090196,0.32402971524118923,0.03376124824074367,0.03410075752280739,0.027669581753634653,0.05273127067867356,-0.033118687785465055,105630
