,name,sector,year,quarter,비유동자산변화율,영업이익변화율,유동자산변화율,Relative Return,1인평균급여변화율,발행금액변화율,전체 주주 수변화율,특정 증권 등 소유 증감 비율변화율,전체 주식 수변화율,특정 증권 등 소유 증감 수변화율,Label,Code
6,Ilshin_Spinning,섬유·의류,2023,Q1,-0.034695830237746916,0.843760799574218,0.23480238961062916,-0.007139309872420663,0.08938388862293423,0.0,0.12967235592106618,-0.04166157543839377,-2.6192265175170966,-0.04166157543839355,0.17309528113054712,003200
6,Chokwang_Leather,섬유·의류,2023,Q1,-0.07783284343869212,-0.06783046237624846,0.022881988465672132,-0.0014633552800574021,0.0332717969396461,0.0,0.11806920182906655,-0.07123905511948792,0.2522501326045511,-0.07123905511948814,-0.099453738477296,004700
6,Hansum,섬유·의류,2023,Q1,-0.33358342468595215,-0.09895803543601,0.09735222459592097,0.02745831296049629,0.04728808377632987,0.0,0.08809682901981586,-0.07639304494120336,0.017785284360562037,-0.07614141651015971,-0.14349043572500242,020000
6,Basic_House,섬유·의류,2023,Q1,0.03883638867863981,1.307560488305152,0.026780887256410035,-0.03783875382910781,0.3166020392159107,0.05922623741174915,0.32694824345626594,0.04517580624663753,0.3058582063167965,0.04516542600887119,0.07048491182945246,084870
6,LF_Corp,섬유·의류,2023,Q1,0.0017570793660750539,0.6042202860350718,0.015466070546000465,0.06838100064086315,-0.09961648073482299,0.0,0.13117072106976657,-0.03502895608990397,0.15319238162597615,-0.035035589126557465,-0.0013524726545111887,093050
6,Hansea,섬유·의류,2023,Q1,0.027491794537613856,-0.5743893753209406,0.02501717756517441,0.11126189676408008,0.03502259060180546,0.001852391309475343,0.34213235544229237,1.0458684187527236,0.122855038332222,1.0440978729438144,-0.09101218003573755,105630
