,name,sector,year,quarter,비유동자산변화율,영업이익변화율,유동자산변화율,Relative Return,1인평균급여변화율,발행금액변화율,전체 주주 수변화율,특정 증권 등 소유 증감 비율변화율,전체 주식 수변화율,특정 증권 등 소유 증감 수변화율,Label,Code
3,Ilshin_Spinning,섬유·의류,2023,Q4,0.05291370048361821,-0.009503356855596001,-0.03955237942001899,-0.097748668810133,-0.28903166562050164,0.0,-0.23579600244036425,0.026303504357352958,-1.5593933230723795,0.026303504357352958,-0.13277033044118394,003200
3,Chokwang_Leather,섬유·의류,2023,Q4,0.01272924823573418,0.9356773593325488,-0.01090579827628746,0.07465855425889367,-0.22987927408975284,0.0,0.04292624054462635,0.01591616414973296,-0.23276882164311408,0.015916164149732737,-0.12449015459751263,004700
3,Hansum,섬유·의류,2023,Q4,0.004818051178866689,-2.043942261016813,0.09226563011456079,-0.15931729626111338,-0.022238398239844193,0.0,-0.1801410104157679,0.46246956304839415,-0.026629919885829523,0.4703678543952421,-0.08115806862328619,020000
3,Basic_House,섬유·의류,2023,Q4,0.03900409621277634,5.494538393308071,0.030499088298376997,0.21289941176204624,-0.7553988344310674,0.05359918633827132,-0.4927201758012114,-0.009576730565485025,-0.527577021164225,-0.009556552147532704,-0.27922305533896646,084870
3,LF_Corp,섬유·의류,2023,Q4,-0.030298118325439827,-40.195923151072165,0.08059512587928919,-0.11620588010920307,-0.14178033502787102,0.0,-0.05859794807811758,0.9824561403508771,-0.1741568763193675,0.9825025719029366,-0.1645113250534657,093050
3,Hansea,섬유·의류,2023,Q4,-0.10812011639113228,0.4762740743159196,0.030533021631558466,-0.033118687785465055,-0.13564145471084688,-0.03060439585806285,0.06180281792260367,0.9623015873015873,-0.16699504224818007,0.9620471555335826,-0.020123506752603923,105630
