,name,sector,year,quarter,비유동자산변화율,영업이익변화율,유동자산변화율,Relative Return,1인평균급여변화율,발행금액변화율,전체 주주 수변화율,특정 증권 등 소유 증감 비율변화율,전체 주식 수변화율,특정 증권 등 소유 증감 수변화율,Label,Code
0,Ilshin_Spinning,섬유·의류,2024,Q3,0.002204313120332424,2.7198552745935887,0.07454005955156351,-0.028076499461200048,0.03138394494039576,0.0,0.02452919566689804,-0.0062833351183453345,-0.07187525158833785,-0.0062833351183453345,-0.028076499461200048,003200
0,Chokwang_Leather,섬유·의류,2024,Q3,-0.050603579655847275,0.9481732582821187,0.02069591549182026,-0.02466833305472673,-0.04282611507347278,0.0,-0.038359188200330685,-0.04658590418597175,-0.040524273078850204,-0.04658590418597175,-0.02466833305472673,004700
0,Hansum,섬유·의류,2024,Q3,-0.0009467150721982343,-0.5387770221711836,-0.10211798670770689,-0.13454628006586816,-0.02540265858911983,0.0,-0.02461105356679405,-0.05305236358693999,-0.03801810806932804,-0.053285936627301966,-0.13454628006586816,020000
0,Basic_House,섬유·의류,2024,Q3,-0.024896157962382093,1.8862591891525988,0.005628354012273684,-0.1515344219560407,0.1263432764195398,-0.043319355824619876,0.13297067853055866,1.0220562716519523,0.1334371530570232,1.0221898058432077,-0.1515344219560407,084870
0,LF_Corp,섬유·의류,2024,Q3,-0.05565178333750098,0.6247795599451703,0.007017870310371821,-0.11997370367394977,-0.02762195646381249,0.0,-0.04428014033510408,-9.205959369406653,-0.04069493929781309,-9.253508922256078,-0.11997370367394977,093050
0,Hansea,섬유·의류,2024,Q3,-0.10916715208339678,-0.05605882398463469,0.09399383831087571,-0.016840544405020273,0.026212983105918908,0.02260795699197171,0.052618471092345964,3.40625,0.02515349961573543,3.389561135591771,-0.016840544405020273,105630
