Feature,Average_Importance
F_법인세차감전 순이익 변화율,0.8098098926416682
M_국제유가 변화율,0.06081801473718372
M_금리 변화율,0.05687292790147963
M_실업률 변화율,0.04364987438072602
M_소비자물가지수 변화율,0.04196394267166429
