,Feature,Importance
0,F_비유동자산 변화율,0.20965552448508387
1,F_법인세차감전 순이익 변화율,0.19489856046424958
2,F_자산총계 변화율,0.16771100402741307
3,F_자본총계 변화율,0.15229381369437006
4,F_영업이익 변화율,0.14064964672948113
5,F_비유동부채 변화율,0.13479145059940228
