,Feature,Average_Importance
0,F_당기순이익(손실) 변화율,0.1413079801218206
1,F_비유동자산 변화율,0.0894012996759875
2,F_법인세차감전 순이익 변화율,0.06892349435233597
3,F_자산총계 변화율,0.06467057130536057
4,F_이익잉여금 변화율,0.061391624481668364
5,F_매출액 변화율,0.057094907573436306
