,Feature,Importance
0,F_비유동자산 변화율,0.2825736206558392
1,F_법인세차감전 순이익 변화율,0.2748612629789564
2,F_자산총계 변화율,0.23476644138845282
3,F_매출액 변화율,0.2077986749767517
