,Feature,Importance
0,F_당기순이익(손실) 변화율,0.34455707595313817
2,F_부채총계 변화율,0.2562335143819425
3,F_이익잉여금 변화율,0.2352154666341498
1,M_국제유가 변화율,0.16399394303076953
