Variable,VIF
const,1.0582502528715767
F_유동자산 변화율,1.2389772467387268
F_비유동자산 변화율,20.44412526089008
F_자산총계 변화율,41.83142009006801
F_유동부채 변화율,1.1058378854920767
F_비유동부채 변화율,4.663531391498659
F_부채총계 변화율,7.276500343813836
F_이익잉여금 변화율,1.3098415762573148
F_자본총계 변화율,21.556526981429602
F_매출액 변화율,1.729222571915559
F_영업이익 변화율,1.6743741731580613
F_법인세차감전 순이익 변화율,1.063274241770945
F_당기순이익 변화율,inf
F_당기순이익(손실) 변화율,inf
Relative Return,1.0495855758828991
