,Feature,Importance
0,F_부채총계 변화율,0.27343507640647846
1,F_이익잉여금 변화율,0.2596531355138587
2,F_매출액 변화율,0.252406455299786
3,F_법인세차감전 순이익 변화율,0.21450533277987677
