,Feature,Average_Importance
0,F_매출액 변화율,0.22315400267251606
2,F_부채총계 변화율,0.21809815583892336
4,F_이익잉여금 변화율,0.2172024876220103
5,M_소비자물가지수 변화율,0.18047628720347117
1,F_법인세차감전 순이익 변화율,0.1705034501081821
