,Feature,Importance
0,F_유동부채 변화율,0.3318247247260745
2,F_법인세차감전 순이익 변화율,0.2821171465176966
1,M_소비자물가지수 변화율,0.2155387723370607
3,M_국제유가 변화율,0.1705193564191682
