,Feature,Average_Importance
0,F_이익잉여금 변화율,0.11275887410306876
1,F_매출액 변화율,0.11099330822122173
2,F_부채총계 변화율,0.10157766725305002
3,F_유동부채 변화율,0.06781253429823378
4,F_유동자산 변화율,0.06649333181200288
5,M_금리 변화율,0.060477552736683614
