,Feature,Importance
0,F_매출액 변화율,0.278240260203739
1,F_부채총계 변화율,0.27116583774762615
2,F_이익잉여금 변화율,0.23839710655586466
3,M_실업률 변화율,0.21219679549277015
