,Feature,Importance
1,M_GDP 변화율,0.20110154863905363
2,F_매출액 변화율,0.19820970964935408
4,F_비유동자산 변화율,0.18844134623470943
5,F_자본총계 변화율,0.16809322717409675
0,F_법인세차감전 순이익 변화율,0.15216465058756504
3,M_금리 변화율,0.09198951771522106
