,Feature,Importance
0,F_매출액 변화율,0.1945813800288098
1,F_이익잉여금 변화율,0.19122670097312017
2,F_부채총계 변화율,0.16815202501610044
3,M_소비자물가지수 변화율,0.16079882980571072
4,F_법인세차감전 순이익 변화율,0.15254681907067855
5,F_유동부채 변화율,0.13269424510558026
