,Feature,Importance
0,F_유동부채 변화율,0.23377445983763176
3,F_법인세차감전 순이익 변화율,0.21388558917343833
5,F_매출액 변화율,0.19722522679166019
4,M_소비자물가지수 변화율,0.12700615509552676
2,M_실업률 변화율,0.12563541113043986
1,M_수출액 변화율,0.10247315797130319
