,Feature,Importance
0,F_이익잉여금 변화율,0.10918485001783367
1,F_부채총계 변화율,0.10722941700288458
2,F_매출액 변화율,0.1066155270461087
3,F_유동자산 변화율,0.06874583418672559
4,F_유동부채 변화율,0.06690643735762483
5,F_법인세차감전 순이익 변화율,0.06329743878107624
