,Feature,Importance
0,F_매출액 변화율,0.20441355302986688
1,F_이익잉여금 변화율,0.2014256723224293
2,F_부채총계 변화율,0.1736865483241398
3,M_실업률 변화율,0.15412140493434018
4,F_유동부채 변화율,0.13412932616210493
5,F_영업이익 변화율,0.13222349522711901
