,Feature,Average_Importance
2,F_유동부채 변화율,0.29567835886001215
1,F_법인세차감전 순이익 변화율,0.2820643655157372
4,F_이익잉여금 변화율,0.24574274512191963
0,F_매출액 변화율,0.2232461984755686
3,F_유동자산 변화율,0.1751257662498757
