,Feature,Importance
0,F_매출액 변화율,0.20542919648403118
1,F_이익잉여금 변화율,0.1945742665343185
2,F_부채총계 변화율,0.16644020485654312
3,F_법인세차감전 순이익 변화율,0.15578088873378193
4,F_유동자산 변화율,0.1407984953808289
5,F_유동부채 변화율,0.13697694801049623
