,name,sector,year,quarter,유동자산변화율,비유동부채변화율,자산총계변화율,Code
33,S-1_Corporation,Financials,2016,Q2,0.06670082163410795,-0.05383058356058723,0.017189538501664936,012750
