,name,sector,year,quarter,유동자산변화율,비유동부채변화율,자산총계변화율,Code
32,S-1_Corporation,Financials,2016,Q3,-0.14378939157552484,-0.10921881825586488,-0.030883023693209166,012750
