,name,sector,year,quarter,유동자산변화율,비유동부채변화율,자산총계변화율,Code
26,S-1_Corporation,Financials,2018,Q1,-0.1849025331173817,-0.2259485023969381,-0.07466156122139145,012750
