,name,sector,year,quarter,유동자산변화율,비유동부채변화율,자산총계변화율,Code
15,S-1_Corporation,Financials,2020,Q4,-0.06365021045933927,0.1602038813361737,-0.02785888053841079,012750
