,name,sector,year,quarter,비유동부채변화율,유동자산변화율,자산총계변화율,자본총계변화율,영업이익변화율,주주 수변화율,Relative Return,1인평균급여변화율,전체 주주 수변화율,전체 주식 수변화율,Label,Code
12,S-1_Corporation,Financials,2021,Q3,-0.06839447000210797,-0.039132116734364564,-0.012214328837551358,-0.02501225998183565,0.16010723477435151,-0.020312980160920313,-0.04995135769746707,-0.011649981607974924,-0.027157301156642832,-0.026774228797231903,0.10665483629653005,012750
