,name,sector,year,quarter,유동자산변화율,비유동부채변화율,자산총계변화율,Code
12,S-1_Corporation,Financials,2021,Q3,-0.039132116734364564,-0.06839447000210797,-0.012214328837551358,012750
