,name,sector,year,quarter,유동자산변화율,비유동부채변화율,자산총계변화율,Code
8,S-1_Corporation,Financials,2022,Q3,-0.04915219830051054,-0.09387347024093606,-0.0213553685822212,012750
