,name,sector,year,quarter,비유동부채변화율,유동자산변화율,자산총계변화율,자본총계변화율,영업이익변화율,주주 수변화율,Relative Return,1인평균급여변화율,전체 주주 수변화율,전체 주식 수변화율,Label,Code
3,S-1_Corporation,Financials,2023,Q4,-0.07343098933243875,-0.09300279910767695,-0.029837293918294705,-0.01811555938268694,0.20023252860577445,-0.33544190415845887,0.10173618474516069,-0.17236744496053058,-0.37676242882667155,-0.3777095290368633,-0.051466962009102654,012750
