,name,sector,year,quarter,유동자산변화율,비유동부채변화율,자산총계변화율,Code
3,S-1_Corporation,Financials,2023,Q4,-0.09300279910767695,-0.07343098933243875,-0.029837293918294705,012750
