,name,sector,year,quarter,유동자산변화율,비유동부채변화율,자산총계변화율,Code
2,S-1_Corporation,Financials,2024,Q1,-0.027339700225083474,-0.0048161972010249965,-0.00950088098920654,012750
