,name,sector,year,quarter,자본총계변화율,비유동자산변화율,이익잉여금변화율,유동자산변화율,비유동부채변화율,기말 소유주식 수변화율,증자주식수변화율,1인평균급여변화율,Relative Return,특정 증권 등 소유 증감 수변화율,Label,Code
35,Chosun_Refractories,비금속,2016,Q1,0.003391562969129236,-0.03270631177187089,0.0496423098777965,0.01837590101933917,-0.7133086865960283,-0.1862175121237084,0.19708643302631745,0.25695350710006615,0.0,1.1424501571202001,0.059136418843459104,000480
34,Hanil_Cement,비금속,2016,Q1,0.002008141728783497,0.05153917776500061,0.001271909939817517,-0.11598255369044153,0.021687721574391805,-1.0773694840513959,-0.6678228125426515,0.08950474098773376,0.0,-0.11230778493816951,-0.13402762936880566,003300
34,Ssangyong_Cement,비금속,2016,Q1,-0.022450179233291845,0.001790234532601076,-0.16041643118082782,-0.027603181901218132,-0.11599954734065676,-2.399130027577651,-0.031725915280323314,0.1260882508669725,0.0,-0.15980134177640015,0.17504596202750825,003410
34,IS_Dongseo,비금속,2016,Q1,-0.049944771297433466,0.03353129647990516,-0.09218698651830581,-0.020627072056637052,0.12513504332532288,0.6514791210469406,0.8229153047842929,0.2973088315613017,0.0,-0.005706528765328622,0.04775755406572128,010780
