,name,sector,year,quarter,자본총계변화율,비유동자산변화율,이익잉여금변화율,유동자산변화율,비유동부채변화율,기말 소유주식 수변화율,증자주식수변화율,1인평균급여변화율,Relative Return,특정 증권 등 소유 증감 수변화율,Label,Code
24,Chosun_Refractories,비금속,2018,Q4,-0.0013596129067543483,-0.06756236093292634,-0.02197409455267274,-0.045604119624505834,-2.638561487157163,0.4618810531447429,-0.024872863582483973,-0.10226332475376143,-0.02567500181216923,-0.3113061746230972,0.12526963861319687,000480
23,Hanil_Cement,비금속,2018,Q4,-0.16577594482970426,-0.1878889131965058,0.01494761102836395,0.34440298821148907,0.0776788948791961,0.7053178657117467,-1.0803090450006483,0.0018057592557596536,0.0,-0.09551079067760249,-0.15007400399848697,003300
23,Ssangyong_Cement,비금속,2018,Q4,0.021139275252633816,0.01706814863453665,0.034856615227829346,-0.11077490128082657,-0.14490400006682336,-0.7367750290287116,-0.6706708827090864,0.030433581575243007,0.1230261922898082,-0.03139380105326839,0.10659356945942072,003410
23,IS_Dongseo,비금속,2018,Q4,-0.001332366098725224,-0.11119685407599378,-0.0026112749074205244,0.10147362295038642,-0.17579159001124944,-0.5744422241691307,-1.010219069344271,-0.30591482227349287,0.4022873421403514,0.0407047179764396,-0.06537037886168298,010780
