,name,sector,year,quarter,자본총계변화율,비유동자산변화율,이익잉여금변화율,유동자산변화율,비유동부채변화율,기말 소유주식 수변화율,증자주식수변화율,1인평균급여변화율,Relative Return,특정 증권 등 소유 증감 수변화율,Label,Code
22,Chosun_Refractories,비금속,2019,Q2,-0.005497602655796907,-0.009374909742180693,-0.011623553875868664,0.01068237081111012,-0.020776274166298236,-0.08376608554475773,-0.02236193807960052,-0.004307632964488661,-0.054676881057550863,-0.08961540372907884,0.04070817428229012,000480
21,Hanil_Cement,비금속,2019,Q2,-0.017774687942512468,0.0038919479906682763,-0.008557792771527462,0.026805822105779198,0.5450566361881002,-0.12696592307119703,0.0840021947063524,-0.04646774227814965,0.0001475195266488344,-0.07939042573249533,-0.03499400635018524,003300
21,Ssangyong_Cement,비금속,2019,Q2,0.01356774392738791,0.010565992090062148,0.019790214128871386,0.08500479260311278,0.03243817852844433,0.023927563463294055,0.016709575325188686,0.01664942735555963,-0.03875290247810472,0.09857121541017722,-0.02734941677236982,003410
21,IS_Dongseo,비금속,2019,Q2,-0.022325116827000002,-0.141833697949308,-0.02785550073099441,-0.05582050391671767,-0.7018487864707972,-0.05497849991622772,-0.13309732869262536,-0.0415953009519745,-0.025387783394467858,-0.26122573053144604,0.234160280500943,010780
