,name,sector,year,quarter,자본총계변화율,비유동자산변화율,이익잉여금변화율,유동자산변화율,비유동부채변화율,기말 소유주식 수변화율,증자주식수변화율,1인평균급여변화율,Relative Return,특정 증권 등 소유 증감 수변화율,Label,Code
21,Chosun_Refractories,비금속,2019,Q3,0.0036745920607662574,-0.05455898024916017,-0.013453926118402793,0.03423618019058139,-0.6372232778833598,-0.04051226308547151,-0.011672027882359437,-0.026377570563469677,0.04070817428229012,-0.0434736401569118,0.019280181254291297,000480
20,Hanil_Cement,비금속,2019,Q3,0.010270228461613184,-0.1910115696514958,7.013769151176241e-05,-0.01127023044975295,-1.5091836366538334,0.21770345343301556,-0.14306419742531107,0.022367761698312227,-0.03499400635018524,0.16085992755075462,-0.04222032021047534,003300
20,Ssangyong_Cement,비금속,2019,Q3,0.013388345551733294,0.004732410485320915,0.04290392106671059,-0.10217065230638944,0.0751836373795356,0.02453828099268085,0.026486368035881336,-0.002832649239843388,-0.02734941677236982,-0.25519223831210613,-0.03545526466314336,003410
20,IS_Dongseo,비금속,2019,Q3,-0.013143910178828433,-0.046013521014190095,-0.021470786337603798,-0.046471738233048177,-0.1041824679471488,-0.03160648248270714,-0.04701461067697332,-0.0351477509210496,0.234160280500943,-0.06501640381852969,-0.20391240229157362,010780
