,name,sector,year,quarter,자본총계변화율,비유동자산변화율,이익잉여금변화율,기말 소유주식 수변화율,증자주식수변화율,1인평균급여변화율,Relative Return,특정 증권 등 소유 증감 수변화율,기초 소유 주식 수변화율,특정 증권 등 소유 증감 비율변화율,Label,Code
20,Chosun_Refractories,비금속,2019,Q4,-0.0024803731794782458,0.0038229846206976337,-4.900716840183783e-05,0.48914173621290435,-0.012013569348058084,-0.07444287869804089,0.019280181254291297,0.2920014010907622,-0.18655967376524463,-0.4701178612572974,-0.03579183485173077,000480
19,Hanil_Cement,비금속,2019,Q4,0.09850163520058342,0.03697653645565524,0.03791545391826501,0.6141880769778145,-0.1715386291861507,0.08378325359020433,-0.04222032021047534,0.06719167991935981,0.47932406055866583,0.06719167991935993,-0.19274167084824007,003300
19,Ssangyong_Cement,비금속,2019,Q4,0.022847456550823098,0.0014607482435416985,0.06787745251196198,-1.200421233764183,-0.7387997722955824,-0.2171262049697289,-0.03545526466314336,-0.028600345020736606,-2.2290612385191166,-0.03958901137883353,-0.14640386470224231,003410
19,IS_Dongseo,비금속,2019,Q4,-0.011305122036665782,0.10223325142058215,-0.019625622156286937,-0.519843292058733,-0.5272923329323811,-0.2737752798078228,-0.20391240229157362,-0.10157109337005332,-0.5209046325079774,-0.10097259262168623,0.022117497547486903,010780
