,name,sector,year,quarter,자본총계변화율,비유동자산변화율,이익잉여금변화율,유동자산변화율,비유동부채변화율,기말 소유주식 수변화율,증자주식수변화율,1인평균급여변화율,Relative Return,특정 증권 등 소유 증감 수변화율,Label,Code
17,Chosun_Refractories,비금속,2020,Q3,-0.009560970924148426,-0.02196536242546898,-0.0038288495814671197,-0.05246181942801176,-0.009387968621639597,0.09319191096063895,0.014532465959040342,-0.019370746198864364,-0.17296592598944555,-0.19787107946967408,-0.07776355037481839,000480
16,Hanil_Cement,비금속,2020,Q3,-0.010090389316744552,0.031389113548440206,0.0008885426450633283,-0.0969216212671542,0.25488630400788004,-0.11472304102534481,0.07709324071811163,-0.02882344985360863,0.18055018114283383,-0.057398049289812514,-0.13006973988990403,003300
16,Ssangyong_Cement,비금속,2020,Q3,0.02129639294837138,-0.006139332749195203,0.07927472572125172,-0.10979970078798895,-0.4822783006733342,-0.10129950709387958,-0.10828354442940746,-0.02404683952133224,-0.0636729345038417,0.0699031027349345,0.055967069203130104,003410
16,IS_Dongseo,비금속,2020,Q3,-0.07993524913474936,-0.2635779967236458,-0.12974008966337003,-0.09580089330793462,-0.46749190346568525,-0.13828202227605213,-0.2413892601751344,-0.11985039735430592,0.06937807695979231,-0.22980731241003083,0.3478757794311781,010780
