,name,sector,year,quarter,자본총계변화율,비유동자산변화율,이익잉여금변화율,유동자산변화율,비유동부채변화율,기말 소유주식 수변화율,증자주식수변화율,1인평균급여변화율,Relative Return,특정 증권 등 소유 증감 수변화율,Label,Code
16,Chosun_Refractories,비금속,2020,Q4,-0.020175944599721607,-0.06713550736629981,0.023192781433433396,-0.08793223509970893,-0.31615826564606975,0.41974856788949777,0.016955282351343026,-0.11548123495106943,-0.07776355037481839,-0.32410377458954387,-0.1545944264772704,000480
15,Hanil_Cement,비금속,2020,Q4,-0.00036575051462528485,0.0993465310210846,0.0020931755732968016,-0.19768972399454543,0.037671177767196085,-0.9140791953807921,-0.2848460680051115,0.01709852405011969,-0.13006973988990403,-0.01839866416241942,-0.022731695163885124,003300
15,Ssangyong_Cement,비금속,2020,Q4,0.030621387096391173,-0.0052721044763419656,-1.5005124120780198,-0.05295348109579767,-0.01926633266115263,0.22750002445657425,-0.26254813807595223,-0.26390953906589987,0.055967069203130104,-0.2447995210567162,-0.2218557259566204,003410
15,IS_Dongseo,비금속,2020,Q4,-0.004402410262452916,-0.06063084333274138,-0.02180666715561852,-0.07586416250500494,-0.2916629383020668,-0.005990248807465681,0.3067055001963106,-0.014362068351200019,0.3478757794311781,-0.16394854473044362,0.023381933884508543,010780
