,name,sector,year,quarter,자본총계변화율,비유동자산변화율,이익잉여금변화율,유동자산변화율,비유동부채변화율,기말 소유주식 수변화율,증자주식수변화율,1인평균급여변화율,Relative Return,특정 증권 등 소유 증감 수변화율,Label,Code
18,Chosun_Refractories,비금속,2020,Q2,-0.08293577933984997,-0.06396862739523645,-0.08730150199418363,-0.15114807379455208,-0.1217198190016,-0.043272114401071704,-0.07292733309804755,-0.07767860960878137,-0.008360758983627092,-0.3188070896239914,-0.17296592598944555,000480
17,Hanil_Cement,비금속,2020,Q2,-0.000867763210285144,0.004018140790928437,-3.4541195979675976e-05,0.11781378804529796,-0.394927284953978,0.09306020061534892,-0.10145004899573129,0.035098670698955114,-0.031148671811592366,0.024227295550284356,0.18055018114283383,003300
17,Ssangyong_Cement,비금속,2020,Q2,0.01231648420914866,-0.0028593375529286646,0.02626232797219885,0.2177705820822985,-0.059439528685437004,-0.00929092968517553,-0.011770210781980595,0.022330306422123636,-0.005216583020350357,0.2139336648642287,-0.0636729345038417,003410
17,IS_Dongseo,비금속,2020,Q2,-0.016593748255606,-0.04456202124750175,-0.02446592980378126,-0.010153394484357037,0.1439823723937339,-0.052912848627222786,-0.13321347633410974,-0.045583898231384756,-0.12365461586586265,0.05867867914915681,0.06937807695979231,010780
