,name,sector,year,quarter,자본총계변화율,비유동자산변화율,이익잉여금변화율,기말 소유주식 수변화율,증자주식수변화율,1인평균급여변화율,Relative Return,특정 증권 등 소유 증감 수변화율,기초 소유 주식 수변화율,특정 증권 등 소유 증감 비율변화율,Label,Code
13,Chosun_Refractories,비금속,2021,Q3,-0.009695614851841894,-0.02752406064733104,-0.01057154540238181,-0.19477867930892856,-0.06456904668125407,-0.008225812287635303,0.049418843704558076,0.08976671738999309,-0.005563548783814154,0.538978769597845,0.05506081113422295,000480
12,Hanil_Cement,비금속,2021,Q3,0.0015726483434659322,-0.00888435987570868,0.0002287404755040301,-0.08568792357710775,0.012898882702964798,-0.020807894661321047,0.009676477148750036,-0.12063873017749605,-0.16456557852593856,-0.12063873017749582,0.1113676089856966,003300
12,Ssangyong_Cement,비금속,2021,Q3,-0.004250425746968878,-0.037374266331414496,-0.004753025310865189,-0.008235815858405271,-0.027623531400689627,-0.04899010274746041,0.030609741004404785,-0.2710492373618716,-0.023657891163274547,-0.2470503173924088,0.04033426637883784,003410
12,IS_Dongseo,비금속,2021,Q3,-0.027354894699659793,-0.012500592470208849,-0.04088424311215433,0.15292217226429494,0.3374497455170955,0.052380469482435355,0.021805608882842685,0.21072447159766838,0.15320062050716954,0.20919483419373697,-0.15262677462442514,010780
