,name,sector,year,quarter,자본총계변화율,비유동자산변화율,이익잉여금변화율,기말 소유주식 수변화율,증자주식수변화율,1인평균급여변화율,Relative Return,특정 증권 등 소유 증감 수변화율,기초 소유 주식 수변화율,특정 증권 등 소유 증감 비율변화율,Label,Code
12,Chosun_Refractories,비금속,2021,Q4,0.01808973169136019,0.01694162761828122,-0.0157225608294993,0.7057031791381713,0.23126176300006085,0.07166409755386727,0.05506081113422295,-0.49200276632645235,-0.012625483265175541,1.1268691304516207,-0.06930700197874072,000480
11,Hanil_Cement,비금속,2021,Q4,0.0031755075696445756,0.0983012467246479,0.001250353062719256,-0.5627102801029371,0.9991308972817996,-0.18197548016342813,0.1113676089856966,0.02663249684754876,-0.886970817238238,0.026632496847548537,0.05031170670010718,003300
11,Ssangyong_Cement,비금속,2021,Q4,0.03538148974125177,-0.007666355116876744,0.02997397259185286,0.004810353496087716,-0.03277479327411359,-0.02732380727138306,0.04033426637883784,0.009111254058259965,-0.14782256095613944,-0.030786224074658364,-0.014377044351198472,003410
11,IS_Dongseo,비금속,2021,Q4,-0.04824453595065803,0.024244534503094828,-0.0637052241371503,0.02488843690159681,0.9198394695328231,-0.18849889383945362,-0.15262677462442514,0.11325869025207258,0.025396401590043416,0.11261559141753796,-0.014106822769501478,010780
