,name,sector,year,quarter,자본총계변화율,비유동자산변화율,이익잉여금변화율,기말 소유주식 수변화율,증자주식수변화율,1인평균급여변화율,Relative Return,특정 증권 등 소유 증감 수변화율,기초 소유 주식 수변화율,특정 증권 등 소유 증감 비율변화율,Label,Code
15,Chosun_Refractories,비금속,2021,Q1,-0.009528814153178411,-0.06544821361611364,0.024829593665782634,-0.5086919234845422,0.0011399500473100455,0.03561297139772723,-0.1545944264772704,0.24390330699527152,0.056285678238287895,3.5543485064891733,-0.04696082334990784,000480
14,Hanil_Cement,비금속,2021,Q1,-0.0128588659892106,0.0010476071804700338,-0.00600766281098597,0.43567995585833974,0.2723234567405376,-0.019501602808937202,-0.022731695163885124,0.0029110184739619127,-1.0837272746953537,0.0029110184739619127,0.09893387426778878,003300
14,Ssangyong_Cement,비금속,2021,Q1,-0.0026078134634544003,-0.007680930309888145,-0.4048415227445543,-0.06584564603796816,0.07406065963121722,0.16765470460794585,-0.2218557259566204,-0.08033449224144995,0.08430198817722567,0.06400637666891085,0.07898911248897565,003410
14,IS_Dongseo,비금속,2021,Q1,0.016979720611977278,-0.056892307419713406,0.027496211413568727,0.032897245643730866,-0.2040695054257573,-0.0778148655626194,0.023381933884508543,0.11787603807353997,0.03321843496669363,0.11635109857594383,-0.019445783931523575,010780
