,name,sector,year,quarter,자본총계변화율,비유동자산변화율,이익잉여금변화율,유동자산변화율,비유동부채변화율,기말 소유주식 수변화율,증자주식수변화율,1인평균급여변화율,Relative Return,특정 증권 등 소유 증감 수변화율,Label,Code
14,Chosun_Refractories,비금속,2021,Q2,-0.08379124596242193,-0.1428491299204011,-0.057775907998172116,0.20325461622947116,-0.09517545068511257,-0.8512739472133355,-0.22332834466799079,-0.0826833553381463,-0.04696082334990784,0.33785244228574296,0.049418843704558076,000480
13,Hanil_Cement,비금속,2021,Q2,-0.0037945842471467373,0.0024658821287610877,-0.0023661036926700962,0.1973029777236357,0.13684428515214786,-0.04445816066775121,-0.01919602581543267,-0.009075323007909697,0.09893387426778878,-0.08579425050045231,0.009676477148750036,003300
13,Ssangyong_Cement,비금속,2021,Q2,-0.004129408832233228,-0.035176947939962844,0.0008211602647166805,0.17383888662143088,-0.014343129561325663,-0.012977550524334358,-0.017601628791999557,-0.008338662580722245,0.07898911248897565,0.06265386733109513,0.030609741004404785,003410
13,IS_Dongseo,비금속,2021,Q2,0.00034139089713569604,-0.016245441286173445,0.00022417711811306695,-0.00701693523351099,-0.3298919663801201,-0.07414393074909476,-0.21433229393761066,-0.003498658197079507,-0.019445783931523575,-0.13632385395573543,0.021805608882842685,010780
