,name,sector,year,quarter,자본총계변화율,비유동자산변화율,이익잉여금변화율,유동자산변화율,비유동부채변화율,기말 소유주식 수변화율,증자주식수변화율,1인평균급여변화율,Relative Return,특정 증권 등 소유 증감 수변화율,Label,Code
10,Chosun_Refractories,비금속,2022,Q2,0.024254162971195314,-0.023162184616593695,-0.03162022344809268,0.027155860927306152,0.04901056267699688,-0.02463240600689498,-0.00585824768049803,-0.011021999267639249,0.07203160961344064,-0.15406914182458165,0.1498791080107003,000480
9,Hanil_Cement,비금속,2022,Q2,-0.07127913255417839,-0.005499463557365081,-0.03212962944536213,-0.02646986391251538,0.838905669970986,-0.14441177377894743,0.05210825034181865,-0.06817346219212106,0.04240197998381101,-0.1167835705086786,-0.00877656436043675,003300
9,Ssangyong_Cement,비금속,2022,Q2,0.021074826255025214,-0.013367763806058974,0.020961009496457628,0.12979998745180354,0.025357354821666345,0.03161559282668014,0.009773467299830974,0.0006818714255933944,0.1468838938042462,-0.023741698754857765,0.0015626287880870227,003410
9,IS_Dongseo,비금속,2022,Q2,-0.04375287188412602,-0.06733398864240714,-0.06260757180497989,0.07097015971696818,0.4833161479755541,0.15140553322806471,0.39875964627943394,0.030402373384087134,0.35034202705429285,0.16908319306789543,-0.15376011978036688,010780
