,name,sector,year,quarter,자본총계변화율,비유동자산변화율,이익잉여금변화율,기말 소유주식 수변화율,증자주식수변화율,1인평균급여변화율,Relative Return,특정 증권 등 소유 증감 수변화율,기초 소유 주식 수변화율,특정 증권 등 소유 증감 비율변화율,Label,Code
9,Chosun_Refractories,비금속,2022,Q3,-0.0033764323339717794,-0.08193369188634647,-0.001907992374612144,0.08144543647577596,0.020734490102140457,-0.05498955908222469,0.1498791080107003,-0.16167702265874917,-0.014824603579538298,-0.7335601867840158,0.02604577307537509,000480
8,Hanil_Cement,비금속,2022,Q3,0.0004803215936365346,-0.0072503962456913484,-0.0006847292587661702,-0.0028953971761729314,-0.0820311982153259,0.002419783858447211,-0.00877656436043675,-0.07308553471655177,-0.02721829816668575,-0.07308553471655177,0.1069726197070592,003300
8,Ssangyong_Cement,비금속,2022,Q3,0.02463811562924778,-0.003226387827133914,0.024555048663589707,0.0799544764521023,0.048833576041638294,-0.003615289275599398,0.0015626287880870227,-0.2328769049201096,0.057634887005574065,-0.17367567736304235,-0.07160490257247513,003410
8,IS_Dongseo,비금속,2022,Q3,-0.04876230701305606,-0.029227238027140334,-0.06065910771648397,-0.13599473028661224,-0.3478466380233174,-0.056180230139256215,-0.15376011978036688,-0.2151338899292694,-0.13620444844789592,-0.2126508083930747,-0.12876730849397788,010780
