,name,sector,year,quarter,자본총계변화율,비유동자산변화율,이익잉여금변화율,유동자산변화율,비유동부채변화율,기말 소유주식 수변화율,증자주식수변화율,1인평균급여변화율,Relative Return,특정 증권 등 소유 증감 수변화율,Label,Code
11,Chosun_Refractories,비금속,2022,Q1,-0.01939061818717236,-0.09346645014094102,-0.0032646369112163676,0.017458457386620108,-0.532917165369547,-2.052352299380846,-0.27669625581034296,-0.13923533723300774,-0.06930700197874072,-0.05996510324909354,0.07203160961344064,000480
10,Hanil_Cement,비금속,2022,Q1,-0.013420524541358558,0.029696411543265855,-0.004975725042954515,-0.16416352210671925,0.001472811067891544,0.33236844407607735,-1039.0951668914417,0.15491457939977882,0.05031170670010718,0.012731943395736467,0.04240197998381101,003300
10,Ssangyong_Cement,비금속,2022,Q1,0.014173346579550494,-0.018272054636661927,0.015561759353703741,-0.06659660826948266,-0.05532779284713096,-0.007091575211150447,0.028284985766085735,0.028539206607477996,-0.014377044351198472,-0.13817211342412228,0.1468838938042462,003410
10,IS_Dongseo,비금속,2022,Q1,-0.03700471070570055,-0.10430767203279423,-0.049938376064947,0.037115813719025836,0.05705394857213031,-0.1366082770746022,-15.990199650593844,0.12884927572404903,-0.014106822769501478,0.020405326174088856,0.35034202705429285,010780
