,name,sector,year,quarter,Relative Return,자본총계 변화율,비유동자산 변화율,환율 변화율,실업률 변화율,특정 증권 등 소유 증감 수 변화율,자기주식수 변화율,증자주식수 변화율,특정 증권 등 소유 증감 비율 변화율,1인평균급여 변화율,Label,Code
6,Chosun_Refractories,비금속,2023,Q2,0.11838502653128033,0.26892021884026973,0.16263129821144584,-0.031973087460080984,0.04938271604938271,-3.661308265350754,-0.035814382086571284,-0.035814382086571284,1.0,-0.035814382086571284,1.2072203374292096,000480
5,Hanil_Cement,비금속,2023,Q2,-0.04019447921803673,-0.00026745787459980797,-0.002109321558123156,-0.031973087460080984,0.04938271604938271,-0.03580493572127952,-0.03580493572127974,-0.03580493572127974,-0.03580493572127974,-0.03580493572127974,0.016360851537842745,003300
5,Ssangyong_Cement,비금속,2023,Q2,-0.026410260216426423,0.03164369051857574,0.004723887355852385,-0.031973087460080984,0.04938271604938271,-0.035781919065904555,-0.03578191906590478,-0.03578191906590478,-0.035781919065904555,-0.035781919065904555,-0.19794567526868406,003410
5,IS_Dongseo,비금속,2023,Q2,0.3455817225156118,-0.04206762297953359,-0.015092588198486467,-0.031973087460080984,0.04938271604938271,-0.03577483965931294,-0.03577483965931294,-0.03577483965931294,-0.03577483965931294,-0.03577483965931294,-0.2340374439698088,010780
