,name,sector,year,quarter,자본총계변화율,비유동자산변화율,이익잉여금변화율,유동자산변화율,비유동부채변화율,기말 소유주식 수변화율,증자주식수변화율,1인평균급여변화율,Relative Return,특정 증권 등 소유 증감 수변화율,Label,Code
2,Chosun_Refractories,비금속,2024,Q2,-0.0014117044960986203,-0.011264174950705641,0.008217002768979631,0.22186332194334846,-0.05614579852403856,-0.0006497932153295416,-0.0006950149390978488,-0.006276292413298856,-0.11865024524434639,0.9464525558485297,-0.005308419199089465,000480
1,Hanil_Cement,비금속,2024,Q2,0.0005105683502311109,-0.035877196884772866,-0.00029859745331917154,0.32139341486054207,0.0509193842561696,0.008188759908028587,-0.06266558757289675,0.0007410968252788974,0.06911745260580479,-1.0714739513468956,0.054075790256334307,003300
1,Ssangyong_Cement,비금속,2024,Q2,-0.012139039806497554,0.001184465667844914,0.23460267214219066,0.10612781268205662,-0.1468751056181432,-0.14127580994354938,0.007363520753323138,0.017971951651566953,0.17700825584709187,-0.08663543378936311,-0.016840544405020273,003410
1,IS_Dongseo,비금속,2024,Q2,-0.018739959826651775,-0.008030559257473424,-0.02439198914616103,0.09705067146259616,0.6145215732306033,0.18617459060440666,0.8178398179770618,0.04882338512069895,-0.057970382458516705,0.8496751329001773,-0.14598539606296093,010780
