,name,sector,year,quarter,자본총계변화율,비유동자산변화율,이익잉여금변화율,유동자산변화율,비유동부채변화율,기말 소유주식 수변화율,증자주식수변화율,1인평균급여변화율,Relative Return,특정 증권 등 소유 증감 수변화율,Label,Code
3,Chosun_Refractories,비금속,2024,Q1,0.029035405139045567,0.021415858983619196,0.016812430830184244,0.016511541856987777,-2.470120779135426,0.6018598012587917,0.4861467953449332,0.2508484960934475,-0.21863353745154018,0.8942508228788377,-0.11865024524434639,000480
2,Hanil_Cement,비금속,2024,Q1,-0.02200896016649101,0.010374953634040063,-0.008692822612573314,-0.4215332283996691,0.028427565175017322,0.3329328405374108,0.2160652986087167,0.2999423147225019,-0.10336171390385454,0.010430758863290257,0.06911745260580479,003300
2,Ssangyong_Cement,비금속,2024,Q1,0.20970650753420128,-0.0014972070956826844,-0.007490558745826714,-0.07537546002388407,0.03729005862017443,0.17740970087453722,0.19001703060431308,0.09268634683759358,-0.05462214865052782,54.59805315078784,0.17700825584709187,003410
2,IS_Dongseo,비금속,2024,Q1,0.0103214984098845,-0.03763502935073926,0.03136170046350628,0.04687808406922889,0.1505167842696753,-0.21861362940846596,0.26583329957439283,-0.0622410166879821,-0.0866998223303022,0.9206437248544979,-0.057970382458516705,010780
