,name,sector,year,quarter,자본총계변화율,영업이익변화율,비유동자산변화율,Relative Return,자산총계변화율,비유동부채변화율,Label,Code
32,Celltrion,Medicine_Production,2016,Q3,-0.029744920458796065,0.04040361796025127,-0.015868774944633568,-0.12460736994839024,-0.02350355620198563,-0.030384936955080155,0.02946206327322283,068270
32,KT&G,Food,2016,Q3,-0.035765708985097344,-0.08223300493439889,-0.004248354666054555,0.22906711168078608,-0.018539308448168645,-0.036714611639130146,-0.15612620351021142,033780
32,LG_Corporation,etc,2016,Q3,-0.003293161242589937,-0.20150399017802334,-0.026969752263637625,-0.070730151158712,-0.0035169886534989203,-0.027276347225909214,-0.04631270157188035,003550
32,SK_Inc,etc,2016,Q3,-0.004372586100642062,-0.5629651438572387,-6.01106992268452e-05,-0.08644139908731838,0.002201256585796507,-0.04834124630297687,-0.02344807083207874,034730
