,name,sector,year,quarter,자본총계변화율,비유동자산변화율,영업이익변화율,Relative Return,비유동부채변화율,이익잉여금변화율,Label,Code
34,Celltrion,Medicine_Production,2016,Q1,-0.08541384230811011,-0.0064759693076352765,0.8997912618861731,0.0,0.5361615271609466,-0.004278002001837811,0.2550947674675305,068270
34,KT&G,Food,2016,Q1,0.018083698788288416,-0.0019532149857295344,0.7360383559761132,0.0,-0.09319289238427997,0.732161079414392,0.022464982083856853,033780
34,LG_Corporation,etc,2016,Q1,-0.0070379493684773475,-0.00010678800967456326,0.2283839299735071,0.0,-0.00243883744103246,-0.011891785209052541,-0.0538511635143307,003550
34,SK_Inc,etc,2016,Q1,-0.0333449547483351,-0.042851141878421206,-1.5511043930388815,0.0,-0.09025116210744177,-0.05668741767842511,-0.11753185235742203,034730
