,name,sector,year,quarter,자본총계변화율,비유동자산변화율,영업이익변화율,Relative Return,비유동부채변화율,이익잉여금변화율,Label,Code
31,Celltrion,Medicine_Production,2016,Q4,-0.0059468807384199796,0.016403346025150256,-0.015721360905003534,0.02946206327322283,-0.22501931508335193,0.010147221845910548,0.027318105875179344,068270
31,KT&G,Food,2016,Q4,-0.05069261936732894,-0.032014009805027,0.13376435959057187,-0.15612620351021142,-0.031210015429439908,-0.3948981267355227,-0.22486312026122546,033780
31,LG_Corporation,etc,2016,Q4,0.00038998610231344433,0.009690564428949222,-0.21979818623068081,-0.04631270157188035,-0.2259448284772918,0.0004324368195223194,-0.09988932777564856,003550
31,SK_Inc,etc,2016,Q4,-0.0006192986931043976,-0.0006017532503461709,0.5293705195960441,-0.02344807083207874,0.0640879356496411,-0.0014687659633321193,0.062408458998914174,034730
