,name,sector,year,quarter,자본총계변화율,영업이익변화율,비유동자산변화율,Relative Return,자산총계변화율,비유동부채변화율,Label,Code
30,Celltrion,Medicine_Production,2017,Q1,-0.05356980065667205,-0.23812576455355483,-0.05196798513929268,0.027318105875179344,-0.0504090765796672,-0.08815320909703428,-0.2507859161801666,068270
30,KT&G,Food,2017,Q1,0.024122872795602435,-0.05726606376358623,-0.04065078321406612,-0.22486312026122546,0.03710472044313351,-0.0824831300319202,-0.1227975625992852,033780
30,LG_Corporation,etc,2017,Q1,-0.04459186872239873,-6.583593373683218,-0.013134127919251837,-0.09988932777564856,-0.0827891223672681,0.11224468286924816,0.08972130478273727,003550
30,SK_Inc,etc,2017,Q1,-0.032271226655774754,-13.504413955660315,-0.004307319282947253,0.062408458998914174,-0.03439451628024193,-0.03786461554883158,-0.034031543140196435,034730
