,name,sector,year,quarter,자본총계변화율,비유동자산변화율,영업이익변화율,Relative Return,비유동부채변화율,이익잉여금변화율,Label,Code
29,Celltrion,Medicine_Production,2017,Q2,-0.05147851872221776,-0.021282937862367568,-0.47573579957358514,-0.2507859161801666,-0.5833309650414891,-0.08513138143248056,0.16447127495122818,068270
29,KT&G,Food,2017,Q2,-0.04488005283325136,-0.011546973316639786,-0.07253940026295891,-0.1227975625992852,-0.002766455711353588,-1.0425841100075703,0.07234341565631083,033780
29,LG_Corporation,etc,2017,Q2,-0.004024214623509215,-0.015653001633376018,0.9007536404784194,0.08972130478273727,-0.02549506125937895,-0.0057647216189846695,-0.01504273969344165,003550
29,SK_Inc,etc,2017,Q2,-0.0032399018793460854,-0.00245687245800541,0.8728410279052796,-0.034031543140196435,-0.05917078243784135,-0.0038412601713078143,0.02162695886082669,034730
