,name,sector,year,quarter,자본총계변화율,비유동자산변화율,영업이익변화율,Relative Return,비유동부채변화율,이익잉여금변화율,Label,Code
27,Celltrion,Medicine_Production,2017,Q4,0.0014908496605471333,0.03463983117817582,0.10576380229259918,0.19210406525493606,-0.12911166300301113,0.004127282133321364,0.538003486918471,068270
27,KT&G,Food,2017,Q4,-0.027110475989346572,-0.010367853652527792,0.2424178199158824,-0.13033885602464163,0.477990578473227,-0.24008635838894343,0.11260907717138331,033780
27,LG_Corporation,etc,2017,Q4,-0.0038935514155022943,-0.03456710237460592,-0.07976984160686218,0.01607684550917013,-0.014072677408296208,-0.0038321911788929963,0.11460709630343897,003550
27,SK_Inc,etc,2017,Q4,0.007679186722967968,-0.005158093798668162,0.9159190199704441,-0.0107716619893625,0.0014984872387886483,0.0124781291007936,-0.02239707659748615,034730
