,name,sector,year,quarter,자본총계변화율,영업이익변화율,비유동자산변화율,Relative Return,자산총계변화율,비유동부채변화율,Label,Code
23,Celltrion,Medicine_Production,2018,Q4,0.019142101743441886,0.7602079148131754,-0.021618522545458152,-0.022220605984299088,-0.014955232411725472,-0.34931474417938513,-0.09899074096850108,068270
23,KT&G,Food,2018,Q4,-0.011449636430830079,0.12797406002672063,-0.004026508723789846,-0.025898969630237374,0.03319768213184571,0.07463354294231761,0.11913955912781232,033780
23,LG_Corporation,etc,2018,Q4,-0.00680038383213355,-0.0021151039573594765,0.002510917896369369,0.010139432478709541,0.0038325297900534405,0.4933448563377538,0.10260293393108545,003550
23,SK_Inc,etc,2018,Q4,-0.03674387683408398,0.6526133410337858,-0.027033630591327906,0.11866895877351849,-0.02140057853348365,-0.03378907995075542,0.04914624288459127,034730
