,name,sector,year,quarter,자본총계변화율,영업이익변화율,비유동자산변화율,Relative Return,자산총계변화율,비유동부채변화율,Label,Code
25,Celltrion,Medicine_Production,2018,Q2,-0.03227829729724885,0.06402309630997627,-0.011583582646251367,0.42179499437827067,-0.012821840123720118,0.31833796325835595,0.039066918617560994,068270
25,KT&G,Food,2018,Q2,-0.03594175015608614,-0.29251266251329455,-0.039089205062428745,-0.09281444532291325,0.0035345944165702248,-0.0256390845484209,0.132664522228247,033780
25,LG_Corporation,etc,2018,Q2,-0.00402894484670413,0.9080464494416252,-0.00021130225509469192,-0.015169377279427396,0.034845316066507204,0.04951042013111839,-0.09808181903973467,003550
25,SK_Inc,etc,2018,Q2,-0.004906442058044691,0.8998198440474456,-0.015267910003974094,0.08355673304549971,0.014173812798218166,-0.005192712230936536,-0.05444750447422337,034730
