,name,sector,year,quarter,자본총계변화율,영업이익변화율,비유동자산변화율,Relative Return,자산총계변화율,비유동부채변화율,Label,Code
26,Celltrion,Medicine_Production,2018,Q1,-0.08548350506100455,0.023549974665373452,-0.10530778062698753,0.538003486918471,-0.0646350413816108,-0.04020164519788905,0.42179499437827067,068270
26,KT&G,Food,2018,Q1,0.043265975928506784,0.16812207602365803,-0.010318531584567303,0.11260907717138331,-0.018213701558418505,0.14284167477691423,-0.09281444532291325,033780
26,LG_Corporation,etc,2018,Q1,-0.020589791400904334,-7.133143250417854,-0.0011138006569169079,0.11460709630343897,-0.048587422757250254,0.0004845534501896065,-0.015169377279427396,003550
26,SK_Inc,etc,2018,Q1,-0.022679297908868357,-76.14108720706876,0.006090484039561694,-0.02239707659748615,-0.022633780216414046,-0.014821240302023364,0.08355673304549971,034730
