,name,sector,year,quarter,자본총계변화율,비유동자산변화율,영업이익변화율,Relative Return,비유동부채변화율,이익잉여금변화율,Label,Code
20,Celltrion,Medicine_Production,2019,Q3,-0.023264222704310722,-0.02166634332026729,-0.24970615248913242,0.13623392045992666,0.00437588087082208,-0.030254380521015367,-0.19630925830128007,068270
20,KT&G,Food,2019,Q3,-0.032585995560704406,-0.05516663000035327,0.16188095292533833,-0.05971654602784521,-0.04075226827741796,-0.5153783380156587,0.07322189897562148,033780
20,LG_Corporation,etc,2019,Q3,-0.003622876319728574,0.019541317621319054,-0.5108206556674524,-0.0035925697032380775,-0.03868277945619325,-0.005851409866267199,-0.08920974146478815,003550
20,SK_Inc,etc,2019,Q3,-0.005321234941777941,-0.005196774778963409,0.20114820327450567,-0.14462929841797867,0.00625317785552415,-0.007753629793606276,-0.11689818599424891,034730
