,name,sector,year,quarter,자본총계변화율,비유동자산변화율,영업이익변화율,Relative Return,비유동부채변화율,이익잉여금변화율,Label,Code
19,Celltrion,Medicine_Production,2019,Q4,-0.020952737103777208,-0.020931274005996592,-0.12676705707112013,-0.19630925830128007,0.07290250459359471,-0.02664121336267522,0.036342230580140356,068270
19,KT&G,Food,2019,Q4,-0.023569029874921155,-0.015433432779024647,0.09752870090656529,0.07322189897562148,0.37012513514387013,-0.2036517072746553,-0.1916451657575316,033780
19,LG_Corporation,etc,2019,Q4,-0.001835082931591181,0.01524098173652133,0.21488340053082644,-0.08920974146478815,-0.10722388337541156,-0.00257536688791582,-0.030688204804200085,003550
19,SK_Inc,etc,2019,Q4,0.049409214372000854,-0.012437324558915108,0.7202975498367958,-0.11689818599424891,0.014054793652547026,-0.020364995986584367,0.18996067365852679,034730
