,name,sector,year,quarter,자본총계변화율,비유동자산변화율,영업이익변화율,Relative Return,비유동부채변화율,이익잉여금변화율,Label,Code
21,Celltrion,Medicine_Production,2019,Q2,-0.035958082321881024,-0.013990930011487768,-0.03628561131165986,-0.2541813507767968,-0.39809579912443405,-0.039939253427969446,0.13623392045992666,068270
21,KT&G,Food,2019,Q2,-0.03947040549216285,-0.023359390367302613,-0.3452142564772116,-0.0305723539651163,-0.2913437010355051,-1.2799589114765397,-0.05971654602784521,033780
21,LG_Corporation,etc,2019,Q2,-0.0031120512557372138,-0.015255115092664973,0.9375375226091645,0.0562961907865293,0.006996027984111919,-0.004591115193152362,-0.0035925697032380775,003550
21,SK_Inc,etc,2019,Q2,-0.002505448009130218,-0.013005980809938977,0.8403608081201479,-0.024024632800822822,-0.03298216176431712,-0.003643882711139801,-0.14462929841797867,034730
