,name,sector,year,quarter,자본총계변화율,영업이익변화율,비유동자산변화율,Relative Return,자산총계변화율,비유동부채변화율,Label,Code
16,Celltrion,Medicine_Production,2020,Q3,-0.05762279622907185,-0.23640126024412944,-0.006622809461581225,0.10539627251430925,-0.06614596598177913,-0.037421298629690014,-0.25338513336131574,068270
16,KT&G,Food,2020,Q3,-0.004290114894096586,0.043990804776003145,-0.02139667940769585,-0.13837752021506639,-0.04685601926153948,-0.07360696628579588,-0.04771659831004563,033780
16,LG_Corporation,etc,2020,Q3,-0.004698998198673365,-0.5147582404961526,0.0019445916017751808,0.027382912962153616,0.006779640550589772,-0.03493117669112533,-0.051614772327708155,003550
16,SK_Inc,etc,2020,Q3,-0.04267574303643218,-11.110924178697283,0.006729908009219798,0.577493415315109,-0.01540753397433714,-0.012784827223371042,-0.4142658728871331,034730
