,name,sector,year,quarter,자본총계변화율,비유동자산변화율,영업이익변화율,Relative Return,비유동부채변화율,이익잉여금변화율,Label,Code
15,Celltrion,Medicine_Production,2020,Q4,-0.018320480037449016,-0.1608240231685183,0.31833520396443926,-0.25338513336131574,-0.4719713563718386,-0.02089568873643355,0.14952257083525272,068270
15,KT&G,Food,2020,Q4,-0.039784170037736155,-0.025826776576103327,-0.028414952937105165,-0.04771659831004563,0.05722847315054613,-0.3696414548667446,-0.26438312259137203,033780
15,LG_Corporation,etc,2020,Q4,0.0028844104643863666,0.08908800268078254,0.8043066191523239,-0.051614772327708155,-0.26529767326322773,0.003953860540543475,-0.09530373343617007,003550
15,SK_Inc,etc,2020,Q4,-0.0007468036661393285,-0.008083405486177586,0.9448506567498719,-0.4142658728871331,-0.039474456555266935,-0.0012714082252520686,-0.0564683777460655,034730
