,name,sector,year,quarter,자본총계변화율,영업이익변화율,비유동자산변화율,Relative Return,자산총계변화율,비유동부채변화율,Label,Code
17,Celltrion,Medicine_Production,2020,Q2,-0.05497002904616899,-0.5016541518542459,-0.005057404764789997,0.44710173822255916,-0.0571292697671677,0.1285718952751176,0.10539627251430925,068270
17,KT&G,Food,2020,Q2,-0.03685699552794586,-0.4802359234781597,-0.0228216618747632,-0.021732097037388737,-0.012315728064889786,-0.2750571424675248,-0.13837752021506639,033780
17,LG_Corporation,etc,2020,Q2,-0.06745544656315738,0.9499680368904563,-0.010724531070863685,-0.021881703195332336,-0.05072437247094741,-0.06822056686462297,0.027382912962153616,003550
17,SK_Inc,etc,2020,Q2,-0.0030735296431922965,0.9581879313934156,-0.008827925237054446,-0.1800121254666709,0.02887672531586305,-0.011856200119898075,0.577493415315109,034730
