,name,sector,year,quarter,자본총계변화율,영업이익변화율,비유동자산변화율,Relative Return,자산총계변화율,비유동부채변화율,Label,Code
11,Celltrion,Medicine_Production,2021,Q4,-0.02823559867075609,-0.41386593685716444,0.001957752243750832,0.05438580243988264,-0.02513238240065374,0.058870863743299195,-0.21577180546515526,068270
11,KT&G,Food,2021,Q4,0.031182599268850142,0.43015143779312404,-0.04057366960659792,0.05535496344360111,0.027866771997997697,0.4523208600093468,-0.01997093629008364,033780
11,LG_Corporation,etc,2021,Q4,0.020880378260725307,0.5548230605096823,0.029044838128328143,0.005034361269082008,0.017619846454958843,0.07791965410516821,-0.12686486034341468,003550
11,SK_Inc,etc,2021,Q4,-0.006695981575865817,-0.3353441405078934,-0.05639882406120078,0.04194222175841049,-0.04355545348041612,0.03903922046968877,-0.05052389724655665,034730
