,name,sector,year,quarter,자본총계변화율,영업이익변화율,비유동자산변화율,Relative Return,자산총계변화율,비유동부채변화율,Label,Code
13,Celltrion,Medicine_Production,2021,Q2,-0.03958751330861188,0.2804012019781158,-0.029702499944267435,-0.14179236319675073,-0.009657422769441704,0.0036613811309352817,-0.21790136332930451,068270
13,KT&G,Food,2021,Q2,-0.034064511433770095,-0.31631193674233105,-0.02563959219525258,-0.08426272670147,0.04477276437320732,-0.02290756875982458,-0.011032770030164028,033780
13,LG_Corporation,etc,2021,Q2,-0.09005619732752734,0.9106882100405946,0.0008691763067203429,-0.03770304879822947,0.11985724272350229,-0.004544738304348206,0.14709907740509348,003550
13,SK_Inc,etc,2021,Q2,0.000576754451887096,0.9556323484306308,-0.008777824663655176,0.10513886306006577,-0.0030157439615263737,0.015459035613481387,-0.056659736709762286,034730
