,name,sector,year,quarter,자본총계변화율,영업이익변화율,비유동자산변화율,Relative Return,자산총계변화율,비유동부채변화율,Label,Code
9,Celltrion,Medicine_Production,2022,Q2,-0.02866960385505335,-0.20264506530796877,-0.01619727100756818,-0.04196023595533854,-0.0031680008477814603,-0.02602821051511861,0.2155522154080388,068270
9,KT&G,Food,2022,Q2,-0.043831257011698765,-0.14708224866233777,-0.018152871436163398,0.11428598559274981,-0.0016412835502377376,-0.08601292750400491,0.18666415370043823,033780
9,LG_Corporation,etc,2022,Q2,0.0016085775684849812,0.9094005185959209,-0.05600704113831401,0.03843419810089537,0.04278060014321239,0.11162035499464928,0.18384679487284922,003550
9,SK_Inc,etc,2022,Q2,0.01070546461997357,0.8457957606277082,0.004561438042392507,0.052474267126339326,0.008645050160947299,0.020899951379797277,0.05951703524897195,034730
