,name,sector,year,quarter,자본총계변화율,비유동자산변화율,영업이익변화율,Relative Return,비유동부채변화율,이익잉여금변화율,Label,Code
7,Celltrion,Medicine_Production,2022,Q4,-0.01592181457082953,-0.09073696882496107,0.4924575564177841,0.05328705809471125,0.31374283486797006,-0.01574228051096349,-0.07845137760302204,068270
7,KT&G,Food,2022,Q4,0.04383606821020203,0.015764116922174165,0.26148508007643667,0.12561378727656777,0.22823319432296163,0.015994091697991597,0.04468117150105311,033780
7,LG_Corporation,etc,2022,Q4,-0.002732801277388397,-0.0020151782755530867,0.4321397553738149,0.017690561184432962,-0.3927607749714368,-0.0031164707782083134,0.0420802919705516,003550
7,SK_Inc,etc,2022,Q4,0.005038060531123989,0.0005076987794894183,-3.2319862547875573,-0.03625967888540553,-0.08355012235805748,0.00990306743981495,-0.05006875357343167,034730
