,name,sector,year,quarter,자본총계변화율,비유동자산변화율,영업이익변화율,Relative Return,비유동부채변화율,이익잉여금변화율,Label,Code
10,Celltrion,Medicine_Production,2022,Q1,0.03942661011630766,-0.012406549257894639,0.3096911352751853,-0.21577180546515526,-0.12578700627816097,-0.009687828837573464,-0.04196023595533854,068270
10,KT&G,Food,2022,Q1,0.03831900835502533,-0.010733413423443139,-0.47490534913969307,-0.01997093629008364,-0.044946151243329346,0.7162260295104879,0.11428598559274981,033780
10,LG_Corporation,etc,2022,Q1,-0.01214706463383508,0.002761352239980752,-12.436209898035315,-0.12686486034341468,-0.14270413412721172,-0.014246278527114908,0.03843419810089537,003550
10,SK_Inc,etc,2022,Q1,-0.023536257451343356,-0.0456916804065135,-2.1795118906161877,-0.05052389724655665,-0.037093157430475365,-0.03152496332478916,0.052474267126339326,034730
