,name,sector,year,quarter,자본총계변화율,영업이익변화율,비유동자산변화율,Relative Return,자산총계변화율,비유동부채변화율,Label,Code
4,Celltrion,Medicine_Production,2023,Q3,-0.018516693472382384,-0.6211276927115907,-0.025980277538655505,-0.037695932142793535,-0.042261025980866895,0.17534940336859373,-0.04534670620376572,068270
4,KT&G,Food,2023,Q3,0.02226625324575937,-0.20564429195448852,-0.061981736747718896,-0.05717540695203467,-0.06642390619747762,-4.400596526596545,0.08460722756481347,033780
4,LG_Corporation,etc,2023,Q3,-0.0025304598282456237,-0.8532238558971421,-0.006988829396100016,0.01776927370183421,-0.002280500908119709,-0.014377794762847618,-0.003959981110979373,003550
4,SK_Inc,etc,2023,Q3,0.0024003029229469064,-0.7518985958586024,-0.011185537492520492,-0.18707362155419663,-0.022635298338889775,-0.016478001830337652,0.020165069338847562,034730
