,name,sector,year,quarter,자본총계변화율,영업이익변화율,비유동자산변화율,Relative Return,자산총계변화율,비유동부채변화율,Label,Code
3,Celltrion,Medicine_Production,2023,Q4,-2.915274198299756,0.9021716386548189,-3.732921472462216,-0.04534670620376572,-2.1098284503219222,-0.017149237859883648,0.33342795555910737,068270
3,KT&G,Food,2023,Q4,-0.01235741342492025,0.4428236478420532,-0.03229309565574767,0.08460722756481347,-0.0021319587069910106,-0.01772806296880236,-0.1017894035389448,033780
3,LG_Corporation,etc,2023,Q4,-0.0012873374988897623,0.39941383889728443,-0.0003125049245586986,-0.003959981110979373,-0.0028845288908674327,0.021922538386691004,-0.07179283073949315,003550
3,SK_Inc,etc,2023,Q4,0.032362393643299514,0.33518374135869844,0.016107366458137595,0.020165069338847562,0.01794792108268206,0.02428160153795722,0.10907959599719658,034730
