,name,sector,year,quarter,Relative Return,영업이익변화율,유동자산변화율,매출액변화율,비유동자산변화율,부채총계변화율,Label,Code
34,Kia,Transportation,2016,Q1,0.0,0.7214185308191929,-0.09169957022598063,0.7612700526386351,-0.05193171624819359,-0.05988251259199684,-0.10099134881928257,000270
34,Hyundai_Motor,Transportation,2016,Q1,0.0,-1.704812647753029,-0.023333706663951626,0.7402743592248857,0.0009746244912722801,0.04479049941912394,-0.0013290205237050795,005380
34,POSCO_Holdings,Metal,2016,Q1,0.0,0.7399242079324546,0.019391617639668124,0.7747849332762624,-0.0017269653476190694,0.0037011038436205457,0.2791439318765791,005490
34,Korea_Shipbuilding_&_Offshore_Engineering,Transportation,2016,Q1,0.0,1.0604371935789663,0.006060659034330729,0.7730340511325435,0.010154695788428314,0.03659085354122149,0.1777669821725868,009540
34,Korea_Zinc,Metal,2016,Q1,0.0,0.7235239385546044,-0.20931845863291487,0.7148124459043945,0.08872394930556626,-0.37532190825569245,0.004729477847272699,010130
34,Hyundai_Mobis,Transportation,2016,Q1,0.0,0.7545111750530107,-0.12208488648984095,0.7406387995088068,-0.0008668269252882776,-0.20982969268585805,-0.0063017057737400975,012330
34,Hanon_Systems,Machines,2016,Q1,0.0,0.17182812382669854,-0.13428686799148637,0.7490679599890997,-0.0010452590429013142,-0.19260944821252202,-0.14375445739139658,018880
34,Hyundai_Glovis,Transportation,2016,Q1,0.0,0.714860918383475,-0.08747514219883179,0.7448537083430704,-0.051682393186389675,-0.10373650603019247,-0.048311261675105646,086280
