,name,sector,year,quarter,Relative Return,영업이익변화율,유동자산변화율,매출액변화율,비유동자산변화율,부채총계변화율,Label,Code
31,Kia,Transportation,2016,Q4,-0.09401895591909286,-1.8046192461407533,-0.2137943423790245,-0.31024768483954945,0.01572770930031897,-0.1928217306487494,-0.0867261067696004,000270
31,Hyundai_Motor,Transportation,2016,Q4,-0.07254311992712784,418.708677253111,-0.1614986643108134,-0.3296487052196633,-0.014980803760214378,-0.2754208064226509,0.03401291373632989,005380
31,POSCO_Holdings,Metal,2016,Q4,0.055770541719867145,0.42743568446857805,-0.04330269360357675,-0.054884459210046366,-0.008141993694010807,-0.0416174899680688,0.11422252266776962,005490
31,Korea_Shipbuilding_&_Offshore_Engineering,Transportation,2016,Q4,0.23668026098519596,0.1568910265527801,-0.014366785626736878,-0.04446419013918912,-0.008748845690609741,-0.045938784946182754,0.015456089823802501,009540
31,Korea_Zinc,Metal,2016,Q4,-0.1257639876011205,-0.5259787339631607,0.13914189408826694,-0.09743861178173674,-0.18154969073520877,0.01484316511994499,-0.04577973645343221,010130
31,Hyundai_Mobis,Transportation,2016,Q4,0.021739409138009924,-0.5652565450028664,-0.0721007532202953,-0.2908222428590248,-0.0066700106103385615,-0.07045667980355441,-0.07896224022417128,012330
31,Hanon_Systems,Machines,2016,Q4,0.11573526835126044,0.7059271947264228,0.04482418811429867,-0.21038805995541265,-0.06949916240659082,-0.16796193105561286,-0.1928294738646154,018880
31,Hyundai_Glovis,Transportation,2016,Q4,-0.012888355031350766,-0.05136020785862527,-0.03726267788202309,-0.029457072923232186,0.007800611247870903,-0.02948106859017363,-0.1641730912120344,086280
