,name,sector,year,quarter,Relative Return,영업이익변화율,유동자산변화율,매출액변화율,비유동자산변화율,부채총계변화율,Label,Code
32,Kia,Transportation,2016,Q3,-0.1062526801607449,0.6912626008986507,0.13192118376834983,0.1968979052025226,0.0028091508621582717,0.13835196167641672,-0.09401895591909286,000270
32,Hyundai_Motor,Transportation,2016,Q3,-0.11213802788500923,0.9783605635846011,0.09142083947249258,0.30717749794491966,-0.0010009166037738826,0.1345477303899385,-0.07254311992712784,005380
32,POSCO_Holdings,Metal,2016,Q3,-0.07635069144343908,-0.19598893459319067,0.025593702833325627,-0.016126298269899086,0.0011946768711781353,0.10809260972194046,0.055770541719867145,005490
32,Korea_Shipbuilding_&_Offshore_Engineering,Transportation,2016,Q3,-0.014674963727955999,0.17651813569297492,0.06299212150247746,0.14410155159450921,0.018684124051238538,0.08032855680056172,0.23668026098519596,009540
32,Korea_Zinc,Metal,2016,Q3,0.06432689977076284,0.15478725164221607,-0.06642080873879341,-0.030002237147806587,0.0024799091303339127,-0.13160408407441282,-0.1257639876011205,010130
32,Hyundai_Mobis,Transportation,2016,Q3,-0.0006626180489436535,0.1502093825296008,0.03953762566967456,0.1480992963025054,-0.009445506571373219,0.1552245849785372,0.021739409138009924,012330
32,Hanon_Systems,Machines,2016,Q3,0.1394025285308609,10.827572476891774,-0.017602883509666212,0.11289412333110671,-0.009124281917807009,0.08562789333424592,0.11573526835126044,018880
32,Hyundai_Glovis,Transportation,2016,Q3,-0.08355049009820811,0.021273143502120173,0.04399702218218371,-0.010881421197558971,0.003231239305592548,0.08271140347427719,-0.012888355031350766,086280
