,name,sector,year,quarter,Relative Return,영업이익변화율,유동자산변화율,매출액변화율,비유동자산변화율,부채총계변화율,Label,Code
29,Kia,Transportation,2017,Q2,-0.13814409725275056,0.22035666895353279,0.03323604809253722,-0.002989566892351192,0.0006700338083300839,0.05853698235772231,-0.08202778238789953,000270
29,Hyundai_Motor,Transportation,2017,Q2,-0.009376973965079319,-0.39050978511229295,-0.022048341761286006,-0.1365413432977154,-0.007790689232287207,0.006151296946308227,-0.0938975896167113,005380
29,POSCO_Holdings,Metal,2017,Q2,0.04635882672385763,0.26454860611398523,-0.008232232899501701,-0.009466466719996847,0.0012152172811987771,0.06465136344560629,-0.12681262315754768,005490
29,Korea_Shipbuilding_&_Offshore_Engineering,Transportation,2017,Q2,0.0420018749401499,-0.07080399911240831,0.07318533666066795,-0.005807404194169585,0.01156230376754852,0.5400605581452558,0.0,009540
29,Korea_Zinc,Metal,2017,Q2,-0.16506717417582747,-0.0463601209824569,-0.022864602651709198,-0.03696465964970952,-0.027601350358622323,0.024443580163080125,-0.04012574221960549,010130
29,Hyundai_Mobis,Transportation,2017,Q2,-0.17715924876790207,0.37832745279558433,-0.010773335290821473,0.007044018608075242,-0.0015763103079435847,0.05198051041001206,-0.0800090674505243,012330
29,Hanon_Systems,Machines,2017,Q2,-0.17834017568412308,-1.532041741881887,0.017133522130770573,-0.07913334575446407,0.005781305376696411,0.05724504467488534,-0.005540036969763615,018880
29,Hyundai_Glovis,Transportation,2017,Q2,-0.13666956989085405,0.08428796931751326,0.024699111956526076,-0.05008100741307664,-0.03523211102032642,0.004424564885589621,-0.045024812281750676,086280
