,name,sector,year,quarter,Relative Return,영업이익변화율,유동자산변화율,매출액변화율,비유동자산변화율,부채총계변화율,Label,Code
28,Kia,Transportation,2017,Q3,-0.08202778238789953,2.42388028243229,-0.05208195381597047,-0.04054945742349081,-0.01702385373244142,-0.10921902819272522,-0.200247994921954,000270
28,Hyundai_Motor,Transportation,2017,Q3,-0.0938975896167113,0.67630907380014,0.05788457105320599,0.1691863117170338,-0.013642388988980958,0.08250378283099424,-0.08252144385391716,005380
28,POSCO_Holdings,Metal,2017,Q3,-0.12681262315754768,-0.23378535947243506,-0.10879552739104836,-0.016916851399483068,0.022995872758549418,-0.009373215533648782,0.07248135899069533,005490
28,Korea_Shipbuilding_&_Offshore_Engineering,Transportation,2017,Q3,0.0,0.3651469449712472,0.07523189802901353,0.25931975111864625,0.018970731730170165,0.08673199259035014,-0.21283674408170167,009540
28,Korea_Zinc,Metal,2017,Q3,-0.04012574221960549,0.24464961885700498,-0.1480543006682875,0.03322537326208286,0.045585318839780564,-0.18560233605080567,0.054574549283500515,010130
28,Hyundai_Mobis,Transportation,2017,Q3,-0.0800090674505243,-0.15585587800415124,-0.015505864212131959,0.0086875704089312,-0.0015044000613233521,0.010366484831411671,-0.07587295892926248,012330
28,Hanon_Systems,Machines,2017,Q3,-0.005540036969763615,0.4191444654143539,0.024469156445463547,0.06861016491585548,0.0024073216745780224,0.011533443638195973,0.19125271313974307,018880
28,Hyundai_Glovis,Transportation,2017,Q3,-0.045024812281750676,-0.020594263310540484,-0.003443321178176806,-0.0027675183676021398,-0.011472862226873826,0.0039044814656989946,-0.0833234083171524,086280
