,name,sector,year,quarter,Relative Return,영업이익변화율,유동자산변화율,매출액변화율,비유동자산변화율,부채총계변화율,Label,Code
25,Kia,Transportation,2018,Q2,-0.022985723320278206,-14.26460838479038,0.051728647313762144,-0.17359682920208352,-0.009330606280902431,0.03751729945117688,0.05515222732464777,000270
25,Hyundai_Motor,Transportation,2018,Q2,-0.008891290621194342,-0.6426420755002051,-0.007833848814831512,-0.13593465413336459,0.0027728549882768405,0.008580465758492473,-0.06989443811618043,005380
25,POSCO_Holdings,Metal,2018,Q2,0.00926212833055852,0.19075512354164048,0.03928202037558215,0.007221450307766442,0.00741704186427905,0.06534416421703793,0.07546093960093558,005490
25,Korea_Shipbuilding_&_Offshore_Engineering,Transportation,2018,Q2,0.40655992764098076,-0.5538524750745439,0.08825750261856447,-0.0633972549019306,0.004353228971181178,0.08971186810185938,-0.1656792761155513,009540
25,Korea_Zinc,Metal,2018,Q2,0.004320640010303085,-0.1497093650752781,-0.0318605446528657,-0.12492272896951429,-0.003738442013839771,0.02465150873980071,-0.12833309658679046,010130
25,Hyundai_Mobis,Transportation,2018,Q2,-0.04999871033326522,-0.055982119874688374,-0.04062598273703366,-0.10355412317090251,0.00018032412001323106,0.003363250549375585,-0.05322909581568417,012330
25,Hanon_Systems,Machines,2018,Q2,-0.13863865551997298,-0.07290895363754446,0.0832048887841833,-0.14235392709241768,-0.006051623555470176,0.0549323206485699,-0.008581987439315271,018880
25,Hyundai_Glovis,Transportation,2018,Q2,0.2712105074401764,-0.2565732667133507,-0.03095055140433045,-0.13963557475642108,0.009642861893862653,-0.017912700299127282,-0.2649397780374197,086280
