,name,sector,year,quarter,Relative Return,영업이익변화율,유동자산변화율,매출액변화율,비유동자산변화율,부채총계변화율,Label,Code
22,Kia,Transportation,2019,Q1,0.0972114525315135,-0.8984330261856421,0.0075445724843618,0.11976704249432502,-0.03542275701506514,0.03739495055145514,-0.003621904419124286,000270
22,Hyundai_Motor,Transportation,2019,Q1,0.0500016921638584,3.6965775719787275,0.011275037940532195,0.09169344335961238,-0.019347027083786328,-0.033495855149040965,-0.04340182363802833,005380
22,POSCO_Holdings,Metal,2019,Q1,-0.04197521794121359,0.05031030886713672,-0.048049305656876484,-0.07248567556420493,-0.007468104742123227,-0.04037070476486537,-0.025658274057903892,005490
22,Korea_Shipbuilding_&_Offshore_Engineering,Transportation,2019,Q1,0.09031508247724872,1.0573475469371145,0.0009066693007823146,0.1747027722835265,0.012144993349464839,0.01811280700752027,-0.1415041813148541,009540
22,Korea_Zinc,Metal,2019,Q1,0.13043570768961704,-0.10183503003590344,0.01855406149030303,0.08001590879660736,-0.006646443130492008,-0.03842199549223779,0.027296198011841015,010130
22,Hyundai_Mobis,Transportation,2019,Q1,-0.017092324930158692,0.3596856290344599,-0.06345453079525454,0.10401748604365602,-0.014685347796268289,-0.1815764765058474,0.034065088742604936,012330
22,Hanon_Systems,Machines,2019,Q1,-0.011143068587201571,1.3933523397561212,0.3873449449473553,0.07071462685975671,-0.7184902411829814,-0.37945771488297164,-0.009497174307847092,018880
22,Hyundai_Glovis,Transportation,2019,Q1,0.13460371692412323,0.06420994281963832,-0.054217080527253714,0.05525810918984608,-0.08450707870375962,-0.14351779136991016,-0.06040754184313294,086280
