,name,sector,year,quarter,Relative Return,영업이익변화율,유동자산변화율,매출액변화율,비유동자산변화율,부채총계변화율,Label,Code
10,Kia,Transportation,2022,Q1,0.02215740805799881,0.6498010786720247,0.03405485093029059,0.11454763564460535,-0.011587888384186229,-0.0209313749034179,-0.013299837425249733,000270
10,Hyundai_Motor,Transportation,2022,Q1,0.05786184698824419,13.989901935766104,0.047668988392144174,0.1478053104326399,-0.0024863096309946098,0.023976483209867228,-0.05251367847673161,005380
10,POSCO_Holdings,Metal,2022,Q1,-0.16334720400804084,0.36060278674638957,0.7733033360556361,0.565817295622183,-0.23834391436187397,0.5917940893978257,0.15182015839416646,005490
10,Korea_Shipbuilding_&_Offshore_Engineering,Transportation,2022,Q1,-0.06106004520097473,0.7133665631824966,-0.00862991865938878,0.4273557200605753,-0.004137261369264067,0.022515718074205382,0.03281238541546497,009540
10,Korea_Zinc,Metal,2022,Q1,0.026354387625073406,0.11455477537297099,0.04431058922962228,0.06992201374716733,-0.034009672013030956,-0.08518434410378561,0.2366365505421809,010130
10,Hyundai_Mobis,Transportation,2022,Q1,0.008235145187629349,0.334966823924744,-0.027697313159798842,0.05704855724915536,0.0007956781204467855,-0.03601690570567562,-0.06445429461437485,012330
10,Hanon_Systems,Machines,2022,Q1,-0.1271435467550136,0.6257056176980427,0.07465075195696913,-0.04447858992437115,-0.012982599054410127,-0.005128221083355644,-0.02861815438346965,018880
10,Hyundai_Glovis,Transportation,2022,Q1,0.014374073345468204,-0.30187703647422537,-0.16122436089965042,-0.07504558363526592,-0.036944962794405845,-0.17465101488463208,0.23649521587949687,086280
