,name,sector,year,quarter,Relative Return,영업이익변화율,유동자산변화율,매출액변화율,비유동자산변화율,부채총계변화율,Label,Code
8,Kia,Transportation,2022,Q3,0.22011640048680922,0.4272690763634466,0.08149638554298655,-0.0700643467933959,-0.04554982587886869,0.02026185794884816,-0.0030947326960798077,000270
8,Hyundai_Motor,Transportation,2022,Q3,0.1795910850983027,0.23953802670032798,0.023359610389471652,-0.011277616434721915,-0.02928289554470931,-0.012930102950830857,0.05343349105854811,005380
8,POSCO_Holdings,Metal,2022,Q3,-0.03825351329877866,0.8445186655893366,0.14846740424682037,0.04203146188161544,0.00041973414079921056,0.07239692590849056,-0.019231519191265395,005490
8,Korea_Shipbuilding_&_Offshore_Engineering,Transportation,2022,Q3,0.22896629982847436,0.12733628506458783,-0.01780091616721302,-0.1027747628925233,0.00526644232100415,0.054256010884516814,-0.14921893315478615,009540
8,Korea_Zinc,Metal,2022,Q3,0.0003064152506807305,0.4069077194694597,-0.1192470159142276,0.0016374679993841346,-0.11057692153864362,-0.3166956543732813,0.3002439955069065,010130
8,Hyundai_Mobis,Transportation,2022,Q3,0.10644448643174229,-0.09677400368449862,0.00034042911444742696,-0.027055814244345555,-0.04334281018617303,0.0018560008927116511,0.02652625488038484,012330
8,Hanon_Systems,Machines,2022,Q3,0.02820708548408657,2.17265817474481,-0.048289728988024416,0.10167508212167886,-0.0054643162185175065,-0.054226033777901694,-0.09931386607752377,018880
8,Hyundai_Glovis,Transportation,2022,Q3,0.10780479146120894,-0.06017734067980829,-0.09395021727011699,0.0006720373036068761,-0.011807206184249353,-0.07575456515535084,-0.01118440407167652,086280
