,name,sector,year,quarter,Relative Return,영업이익변화율,유동자산변화율,매출액변화율,비유동자산변화율,부채총계변화율,Label,Code
9,Kia,Transportation,2022,Q2,-0.013299837425249733,-0.4103287095349484,-0.03486187636031701,-0.10952237289447941,-0.003954426820335977,-0.005031069183231818,0.22011640048680922,000270
9,Hyundai_Motor,Transportation,2022,Q2,-0.05251367847673161,2.636321795210004,-0.09575876734692113,-0.24315365950826906,-0.002400345608189358,-0.07670896105255043,0.1795910850983027,005380
9,POSCO_Holdings,Metal,2022,Q2,0.15182015839416646,0.9286880107232913,0.30891854079087366,0.11959315382607816,0.0007476800627364,0.24871883875816114,-0.03825351329877866,005490
9,Korea_Shipbuilding_&_Offshore_Engineering,Transportation,2022,Q2,0.03281238541546497,2.2586787936591475,-0.10473231253885706,0.15613554629789494,0.01585060226922652,-0.016826466356864245,0.22896629982847436,009540
9,Korea_Zinc,Metal,2022,Q2,0.2366365505421809,-0.5767019272365104,0.00020590524302221969,-0.1294487187008897,-0.08106546751373878,-0.10494715255628462,0.0003064152506807305,010130
9,Hyundai_Mobis,Transportation,2022,Q2,-0.06445429461437485,-0.2125522325745708,-0.02860986909453689,-0.12458969524623287,0.0036214114879749015,-0.012381993347766906,0.10644448643174229,012330
9,Hanon_Systems,Machines,2022,Q2,-0.02861815438346965,3.7263377199921583,0.1486622838938484,-0.08414516148946216,0.0020979817363038222,0.036014894584553425,0.02820708548408657,018880
9,Hyundai_Glovis,Transportation,2022,Q2,0.23649521587949687,-0.1300449108468531,-0.048689441323107596,-0.08569675312723057,-0.005940707201569806,-0.0009742956422731375,0.10780479146120894,086280
