,name,sector,year,quarter,Relative Return,영업이익변화율,유동자산변화율,매출액변화율,비유동자산변화율,부채총계변화율,Label,Code
6,Kia,Transportation,2023,Q1,-0.192840041161471,0.17485433185358557,-0.00787650730045475,-0.07922279582539993,0.0031796860424185835,-0.056594637514185475,0.22418794776398646,000270
6,Hyundai_Motor,Transportation,2023,Q1,-0.16832539564772056,0.43551734058921454,-0.05055775538110607,0.05440582917801595,-0.0008998366856154405,-0.04509997528974519,0.08560623244959786,005380
6,POSCO_Holdings,Metal,2023,Q1,0.271161830369467,0.044835254463257534,-0.08320077118828206,-0.031449345147938734,-0.008991777432878267,-0.06404549012077099,0.21607413999331768,005490
6,Korea_Shipbuilding_&_Offshore_Engineering,Transportation,2023,Q1,-0.05130298855517744,1.2724308984561166,0.18439085555699442,-0.014835298929448015,-0.04640868505652773,0.3144297673602432,-0.030043480965478694,009540
6,Korea_Zinc,Metal,2023,Q1,-0.057586093829951224,0.009004144815454973,0.10708933264981557,0.16149531820532315,-0.031775804079797965,0.0607132793103774,-0.1302077049451566,010130
6,Hyundai_Mobis,Transportation,2023,Q1,0.02427489595218128,0.5150384868931286,-0.04408743663732073,-0.006684518029029141,-0.010576829644487473,-0.10209794006480388,-0.037818849930708415,012330
6,Hanon_Systems,Machines,2023,Q1,-0.04303853919303217,-1.9423839992278453,0.09017695148443772,-0.0029007650049546196,0.0038026156334756145,0.02713806663890983,-0.035145102105417686,018880
6,Hyundai_Glovis,Transportation,2023,Q1,-0.023980735397853805,0.24504104062711507,-0.07907214714498134,0.08586397964995551,0.0037739091333572894,-0.08387851881095143,-0.15183649735972915,086280
