,name,sector,year,quarter,Relative Return,영업이익변화율,유동자산변화율,매출액변화율,비유동자산변화율,부채총계변화율,Label,Code
3,Kia,Transportation,2023,Q4,-0.04054506700673114,-1.1625153999471078,-0.009973745852309479,-0.11536243274480174,-0.02892155356854409,-0.00034329717321601727,0.11065849377375198,000270
3,Hyundai_Motor,Transportation,2023,Q4,-0.03418795315807809,-0.7555986075605945,0.03113450921752703,-0.1603185891386152,-0.016633719896874677,0.00408952528795703,-0.036906997838610955,005380
3,POSCO_Holdings,Metal,2023,Q4,0.41138714416608446,0.8207833175303729,0.060351664359422186,0.6869137038516313,0.00406534474478637,0.06245042623832431,-0.17511940181238725,005490
3,Korea_Shipbuilding_&_Offshore_Engineering,Transportation,2023,Q4,-0.014473842478069932,0.05539257371888473,0.013459895959256896,-0.6338177580049535,-0.006446121475520261,-0.210973784231816,-0.03988952063496354,009540
3,Korea_Zinc,Metal,2023,Q4,0.0838625651368676,-0.3276347326726845,0.05795524469960911,-0.06893550465260034,-0.0562237004785775,0.03609229264209046,-0.12732193383928908,010130
3,Hyundai_Mobis,Transportation,2023,Q4,0.07482677814400389,0.18402640419916516,0.008563779315127973,-0.0458946763080732,-0.017673370035708347,0.010079260884969798,-0.09780208221131821,012330
3,Hanon_Systems,Machines,2023,Q4,0.06876123489849603,2.916228302728677,0.057902333617362745,-0.035474150524177794,-0.005075465810560065,-0.0044669984299283705,-0.3454684560307779,018880
3,Hyundai_Glovis,Transportation,2023,Q4,-0.019581556622122943,-0.034578942547976776,0.010150008265863542,-0.03325965201124648,-0.016523843787425774,0.03606684140132499,-0.06599701303534371,086280
