,name,sector,year,quarter,Relative Return,영업이익변화율,유동자산변화율,매출액변화율,비유동자산변화율,부채총계변화율,Label,Code
0,Kia,Transportation,2024,Q3,0.15149527167478283,0.49821355740338436,-0.005898577966858332,0.10463649117164553,-0.026831420842948983,0.002234296481926412,0.15149527167478283,000270
0,Hyundai_Motor,Transportation,2024,Q3,0.24357576832844613,0.4052210871606756,0.08617514852860775,0.11296835437026997,-0.01463280929561983,0.09446484998943705,0.24357576832844613,005380
0,POSCO_Holdings,Metal,2024,Q3,-0.15423039381951414,-4.5311866804532315,0.3264015688454156,-1.5163762369579037,-0.002401960102372813,0.38259695995558074,-0.15423039381951414,005490
0,Korea_Shipbuilding_&_Offshore_Engineering,Transportation,2024,Q3,0.31333923004518494,-0.72867492269697,0.06761723557931898,-0.06407610006808961,-0.02000007820722871,-0.20561219238949713,0.31333923004518494,009540
0,Korea_Zinc,Metal,2024,Q3,0.11003418119238594,0.3037081701169504,-0.10058581619446483,-0.020901273606985127,-0.01762680891471935,-0.3726161496578333,0.11003418119238594,010130
0,Hyundai_Mobis,Transportation,2024,Q3,-0.03772093815301619,-0.5762265963126796,0.04532171906801763,0.09230561784127911,-0.005434089012441801,0.13189727318240796,-0.03772093815301619,012330
0,Hanon_Systems,Machines,2024,Q3,-0.21408155780376448,0.3405731283304909,-0.018082334102227815,0.08006075722645023,0.007163082281263833,-0.014967841134087667,-0.21408155780376448,018880
0,Hyundai_Glovis,Transportation,2024,Q3,0.23061322057310701,-0.2896014487325105,-0.014504618907754674,-0.06091103861455749,-0.07894878370956038,-0.033232028359637455,0.23061322057310701,086280
